base_currency,target_currency,pair_base_risk,markup_percent,amount_inr,money_at_stake_inr,is_risky
EUR,INR,0.15,0.026192213452517314,4136.6262853818525,108.34739864001529,0
KRW,INR,0.3,0.1152724485427587,1670.5725233025698,192.57098522934203,1
GBP,INR,0.2,0.06815833336709104,766.3151704654684,52.230764852844594,1
KRW,INR,0.3,0.04000169419860504,219.44477244928183,8.77816268099864,1
GBP,INR,0.2,0.060777763931419405,398.07821404405115,24.194303719410385,1
KRW,INR,0.3,0.067772761554766,264.6552928846918,17.936420058880977,1
EUR,INR,0.15,-0.003609568113129567,759.8394094913542,-2.742692103599192,0
USD,INR,0.15,0.0026650213410334567,641.7467251690487,1.7102687181138472,0
THB,INR,0.35,-0.005006346252647793,2073.364201745486,-10.379979101782597,0
AED,INR,0.4,0.08727174220802517,177.4489021712973,15.486274845390536,1
EUR,INR,0.15,0.03056362280257973,153.6976898280088,4.6975582175311565,0
KRW,INR,0.3,0.01807499493195744,124.94825242051176,2.258439029257689,0
AED,INR,0.4,0.015465957901346562,1916.2266536105815,29.636280754179456,0
GBP,INR,0.2,0.05595231011641158,463.43936902894797,25.930503296061804,1
AED,INR,0.4,-0.0015159692739946887,2365.031621530611,-3.585315270266242,0
EUR,INR,0.15,-0.013825694730412558,189.15282324044938,-2.615169191518139,0
AED,INR,0.4,0.08037429781495636,1930.0441388579943,155.12594241258344,1
USD,INR,0.15,0.02746100648027404,819.1952667682523,22.495926529332795,0
KRW,INR,0.3,0.07159422009912474,2144.4838060621755,153.5326456102241,1
KRW,INR,0.3,0.11141294499013374,172.6595952413335,19.236513986641448,1
AED,INR,0.4,0.03086988548076071,949.4412571470328,29.309142878838383,0
THB,INR,0.35,-0.013344071022801251,1704.5387498731975,-22.745486139424806,0
GBP,INR,0.2,-0.03,1783.4108280342316,-53.50232484102695,0
KRW,INR,0.3,0.013762226952764859,580.5027267579281,7.989010272341453,0
THB,INR,0.35,0.03258831226564606,680.4813376679782,22.175738322868614,0
AED,INR,0.4,0.05057301248353435,1787.3327296479736,90.39080044871649,0
EUR,INR,0.15,0.02253620828812013,2669.973919898821,60.1710883826884,0
GBP,INR,0.2,-0.00036911586013666127,124.15253642515806,-0.045826670270720384,0
GBP,INR,0.2,-0.00755132734693381,448.9023694327852,-3.389808738401175,0
THB,INR,0.35,-0.01175762386402685,362.1390073936095,-4.257894235426099,0
USD,INR,0.15,0.00011208871049266794,470.1424680283625,0.05269766298913952,0
EUR,INR,0.15,-0.002078066968782325,335.69599778694777,-0.6975987645534807,0
THB,INR,0.35,0.009612916499705528,643.6456007909716,6.187311415806408,0
EUR,INR,0.15,-0.03,644.3121730787145,-19.329365192361436,0
THB,INR,0.35,-0.0010441505806503219,601.2446346869621,-0.6277899344212821,0
THB,INR,0.35,0.018450566471878538,7111.620649995463,131.21342952552536,0
KRW,INR,0.3,0.0291824209676601,167.3770257511195,4.884466825784054,0
USD,INR,0.15,0.028195827854146677,316.4346577217503,8.922137136208297,0
AED,INR,0.4,0.02467142734500676,9214.621094989265,227.33785485679428,0
THB,INR,0.35,0.12768439303248416,733.0141215619527,93.5944631958775,1
USD,INR,0.15,-0.028766585776653315,722.1808337335514,-20.77467689985121,0
EUR,INR,0.15,0.020700321024735686,34.34173443527739,0.710884927356462,0
THB,INR,0.35,-0.010939534794077855,1499.1046047629359,-16.399506983766468,0
GBP,INR,0.2,-0.005640407380823295,355.32974750623765,-2.0042045304602607,0
THB,INR,0.35,0.01157061499332956,1214.29099035927,14.05009353931597,0
USD,INR,0.15,0.09376837038149523,185.34197210331172,17.379214687420088,1
USD,INR,0.15,0.033016667892826784,506.70706388244366,16.72977884715601,0
EUR,INR,0.15,0.07025753656545385,282.24579319066675,19.829894135538794,1
AED,INR,0.4,0.006425226632311834,65.268906916251,0.419367518980178,0
USD,INR,0.15,0.028362526622001144,211.58002286918972,6.000944031311004,0
THB,INR,0.35,-0.001563171505043804,175.03801428241923,-0.2736144362257281,0
USD,INR,0.15,-0.011691027249484365,792.3745707782176,-9.26367269876662,0
USD,INR,0.15,0.023490230039591643,110.17227038490809,2.5879719753255808,0
GBP,INR,0.2,0.016917269983250476,1794.7479959592843,30.362236399540947,0
KRW,INR,0.3,0.04411083618300797,2714.694449910336,119.74744216691577,0
THB,INR,0.35,0.02629445308768557,2148.6950878453663,56.498762187090406,1
USD,INR,0.15,-0.03,496.82539552116555,-14.904761865634965,0
GBP,INR,0.2,0.02183094061433862,609.4794942601657,13.305510644850813,0
USD,INR,0.15,0.004563575577399398,376.0383684446015,1.7160795143988996,0
THB,INR,0.35,0.0153523436032551,149.1740083084032,2.2901706322254367,0
GBP,INR,0.2,-0.012096435905028327,799.886727593271,-9.675778531614856,0
GBP,INR,0.2,-0.01138101297199527,193.93555036943283,-2.2071830144855573,0
KRW,INR,0.3,0.03707628107938193,2355.6275874681733,87.33791055131633,0
AED,INR,0.4,-0.028785848602266302,360.46978407773867,-10.37642863015341,0
AED,INR,0.4,0.04054192857788839,570.6169853394833,23.13391306496332,1
USD,INR,0.15,-0.009320630363439298,500.60515265942433,-4.665955585971595,0
GBP,INR,0.2,0.013745842908489948,787.6775784199546,10.827292255500467,0
THB,INR,0.35,0.04348238469736983,2457.1089552297744,106.84095683465351,1
EUR,INR,0.15,-0.003532136040999185,1689.4994917247795,-5.967542045970898,0
EUR,INR,0.15,0.06972589893481156,6075.967470817379,423.6522938014151,0
EUR,INR,0.15,0.056248193369360586,371.12512024909444,20.875117527998263,1
USD,INR,0.15,-0.00929547694391888,4883.229568254715,-45.39194786357464,0
KRW,INR,0.3,-0.028720716995602302,440.64745019911294,-12.655710712002483,0
GBP,INR,0.2,-0.02152209885837613,2001.0640367905207,-43.067098021746794,0
AED,INR,0.4,0.06305390492531583,2296.079340160327,144.77676841545116,0
USD,INR,0.15,0.04167277872966557,284.51803436968396,11.856657090887223,0
THB,INR,0.35,0.027477309546499726,1366.3195725362941,37.54278583402094,0
EUR,INR,0.15,-0.009823655004517734,139.7379090809323,-1.3727370098637446,1
KRW,INR,0.3,0.0018901138108150112,1248.2911322326358,2.3594123089508123,0
KRW,INR,0.3,0.03907909380387399,673.3597093241419,26.314287244427465,0
AED,INR,0.4,0.024194209193940622,794.5834997258225,19.224319414420012,0
KRW,INR,0.3,0.08265069438754653,773.800271698578,63.95512977315964,1
EUR,INR,0.15,-0.0053783419442832645,8379.815444795357,-45.06951289209559,0
USD,INR,0.15,0.03842543546583644,1137.1360842784984,43.69494922231739,0
KRW,INR,0.3,0.029092246953216324,287.3630336210455,8.360036339328861,1
GBP,INR,0.2,0.06983471537072614,315.05920584106246,22.002069964837613,1
THB,INR,0.35,0.04887306691591505,204.90769259651938,10.014467371855442,0
GBP,INR,0.2,-0.005555929122656978,434.160217577263,-2.4121633967366054,0
AED,INR,0.4,0.021216216851300127,605.1776066129238,12.839579335450592,0
EUR,INR,0.15,0.08615527617931416,1383.600334080145,119.20446890446624,1
THB,INR,0.35,0.0008059304336743289,344.7197680522004,0.27782015216242395,0
GBP,INR,0.2,0.029111955883142783,175.3183430859428,5.1038598694236565,0
THB,INR,0.35,0.0821498353083949,44.478662712736174,3.6539148165889217,1
EUR,INR,0.15,0.027048824282374095,458.3714548022802,12.398408937003056,0
THB,INR,0.35,0.07372146614064086,572.8189526852714,42.22905302510459,1
EUR,INR,0.15,-0.010455517080836816,8191.601743667398,-85.64743195032713,0
USD,INR,0.15,-0.026016318470170413,918.903567724581,-23.906487861298505,0
AED,INR,0.4,-0.007478664452297933,658.1412306266866,-4.9220174260794165,0
KRW,INR,0.3,0.0022726872700769545,1745.1148719219416,3.9661003542389714,0
KRW,INR,0.3,0.032224607356928836,1206.2565465993023,38.871143585887445,0
THB,INR,0.35,0.06857382998880529,362.00868004191545,24.82432167966612,1
KRW,INR,0.3,-0.02954134814036364,731.2905259352825,-21.603308018403805,0
AED,INR,0.4,-0.0079611055313109,514.8437301140584,-4.0987252675717665,0
AED,INR,0.4,-0.015483536681001784,1805.0612864264174,-27.9487326398397,0
USD,INR,0.15,0.049418651527329216,661.5096722965758,32.69091597718222,1
EUR,INR,0.15,0.03129861168911712,1672.3871989702359,52.343397534419665,0
THB,INR,0.35,-0.017605544713678326,1658.8605160933382,-29.20514298983677,0
THB,INR,0.35,0.027253599792777812,410.9762527940255,11.200582317983855,0
GBP,INR,0.2,-0.03,1365.003116811674,-40.95009350435022,0
GBP,INR,0.2,0.005798230269861747,936.5570043316241,5.430373171966662,0
USD,INR,0.15,0.06689403243918009,1082.9802625686716,72.44491681526048,0
GBP,INR,0.2,0.045918866813738836,286.5634643245024,13.158669552000426,0
USD,INR,0.15,0.06474507333044181,252.15451580766768,16.32576261656949,0
KRW,INR,0.3,-0.014336350350843255,353.9281668297843,-5.074038198703488,1
KRW,INR,0.3,-0.0231402568875647,263.63180353804484,-6.100507657602346,0
USD,INR,0.15,-0.03,1027.5902227722734,-30.8277066831682,0
EUR,INR,0.15,-0.006157487482518724,409.8265624489827,-2.5235019282832893,0
USD,INR,0.15,-0.02300583017551605,5989.4239569152915,-137.79167040196057,0
GBP,INR,0.2,0.03948600301803218,378.7927483837411,14.957011605889106,0
THB,INR,0.35,-0.005394646119192785,3727.2283312657723,-20.1070778526083,0
USD,INR,0.15,0.007136503868684553,2937.6921655377587,20.964851504364518,0
USD,INR,0.15,0.07198599213026301,6593.473188005851,474.63770902288934,1
AED,INR,0.4,0.04790583307334741,967.7271496210757,46.35977529029355,0
AED,INR,0.4,-0.02376804882353766,309.6112138511095,-7.35885444712793,0
THB,INR,0.35,0.06421034710991645,1233.1493225128127,79.18094603690601,1
GBP,INR,0.2,-0.03,482.06758673412423,-14.462027602023726,0
USD,INR,0.15,0.014249322572682709,2654.1884641048014,37.82038759372259,0
AED,INR,0.4,0.0744799479983226,3329.262893493909,247.96332718017135,1
AED,INR,0.4,-0.014123086514502612,1515.1379228705505,-21.39842396610457,0
GBP,INR,0.2,0.011351771856512158,887.511418598225,10.074827143976512,0
KRW,INR,0.3,0.03215158900615383,564.2551905890391,18.141700982407784,0
EUR,INR,0.15,0.03165176290106996,587.4015632811451,18.592295008692645,0
GBP,INR,0.2,-0.03,622.250510292722,-18.66751530878166,0
AED,INR,0.4,-0.03,597.6802742856403,-17.930408228569206,0
USD,INR,0.15,0.02212735279033188,55.97858412800263,1.2386578797035868,0
USD,INR,0.15,0.021456183330351077,1194.1715136482217,25.622362924719088,1
THB,INR,0.35,0.06137731521553682,453.3969408689147,27.828286957471487,0
KRW,INR,0.3,0.025402666350493736,352.6694505049647,8.958744383189583,0
KRW,INR,0.3,0.007324241001136054,192.04106187544335,1.4065550192898282,0
KRW,INR,0.3,0.0006334667910964011,249.0335478268464,0.1577544824172245,0
USD,INR,0.15,0.07801061467416888,2823.0187979608513,220.22543166565939,1
GBP,INR,0.2,0.06623449490163726,694.201699676405,45.980098937924765,1
GBP,INR,0.2,0.014802259515816232,4521.211496107818,66.9241458912797,0
KRW,INR,0.3,0.024413924076394162,966.3249699465335,23.59178444939854,0
GBP,INR,0.2,-0.019244210845627253,90.83912582340302,-1.7481272903780312,0
THB,INR,0.35,0.016498036728393235,141.2818335531489,2.3308728790145907,0
THB,INR,0.35,0.03293712603415119,436.6154828425754,14.380859186847683,1
THB,INR,0.35,-0.03,416.03075945418925,-12.480922783625678,0
THB,INR,0.35,0.011934207691190458,236.62082333978617,2.823882049797495,0
KRW,INR,0.3,0.046985848195720624,7211.005556477852,338.8152124151663,0
KRW,INR,0.3,0.044893298398214106,138.16116305612618,6.202510320122988,0
KRW,INR,0.3,-0.03,648.2199353364759,-19.446598060094278,0
THB,INR,0.35,0.03722751008073605,370.7209189412444,13.801016747024908,1
USD,INR,0.15,0.08791194715674101,791.749356247181,69.6042275677859,1
GBP,INR,0.2,0.05487911391597409,608.2529454571244,33.380382683468305,0
GBP,INR,0.2,0.06108301224205764,4644.943959698951,283.7271687539627,0
USD,INR,0.15,-0.012742323753711324,1431.3142824629117,-18.23826998045344,0
EUR,INR,0.15,0.01649306254303705,224.71210506861703,3.7061908030742132,0
GBP,INR,0.2,0.008348005033817087,155.52096727098902,1.2982898176423188,0
USD,INR,0.15,-0.008699249745662255,51.08237992701503,-0.4443783805879082,0
AED,INR,0.4,0.038931096238626534,1656.2334770473774,64.4789848885665,1
AED,INR,0.4,0.0574914087204897,194.6917963393858,11.19310563787397,1
GBP,INR,0.2,0.0244268031795135,521.3103452877785,12.73394519978879,0
GBP,INR,0.2,0.027099040936861274,559.2357377438029,15.154752150475131,0
USD,INR,0.15,0.022201101984468737,4430.026806237301,98.35147691920463,0
AED,INR,0.4,0.039191938154651274,1347.4837214488882,52.81049867542417,1
GBP,INR,0.2,-0.0043438450077041176,293.8610012025716,-1.2764866430327242,0
GBP,INR,0.2,0.03177811758579231,449.78593131866626,14.29335021387968,0
THB,INR,0.35,0.054309449674439896,412.38275364616584,22.396280405753387,0
USD,INR,0.15,-0.03,4076.376914527154,-122.29130743581462,0
THB,INR,0.35,0.05162874668894409,1785.986086145407,92.2082232315799,1
GBP,INR,0.2,0.06847053004237288,105.9985599004849,7.257777580114413,1
GBP,INR,0.2,-0.026964656144496037,2624.1304207231397,-70.75877447311117,0
EUR,INR,0.15,0.02581954665265712,10145.965617685484,261.9642326020855,0
USD,INR,0.15,-0.0014840224885061034,239.8915045229315,-0.356004387513594,0
AED,INR,0.4,0.0011968819924081525,399.2606728579851,0.4778679096204848,0
KRW,INR,0.3,0.001311831655676124,1798.9643577587506,2.3599383919409966,0
GBP,INR,0.2,-0.009485654896938334,47.66428994245537,-0.4521270053017403,0
EUR,INR,0.15,-0.0011073315019027898,1046.0334171260722,-1.1583057548267208,0
EUR,INR,0.15,0.03174014800264151,3383.836590043553,107.40347418473613,0
USD,INR,0.15,0.02795246370629209,4363.8645352588055,121.98076504099697,0
EUR,INR,0.15,0.06597079712533022,1812.891707785833,119.59791106453261,1
KRW,INR,0.3,0.016999215657995507,172.33032741842956,2.92948040019886,0
GBP,INR,0.2,0.09037471628321138,216.19551904173906,19.53860869509879,1
USD,INR,0.15,0.054554090463401976,1350.6342053686717,73.68262062264756,0
AED,INR,0.4,0.016256098314341213,169.40540462279748,2.7538709125289493,0
KRW,INR,0.3,0.04847542025304637,378.2904413444375,18.337788121881996,1
KRW,INR,0.3,0.011393122807217364,2472.6106682839636,28.170756998194996,0
AED,INR,0.4,-0.009912573966439677,1469.8715251064111,-14.570210213780795,0
THB,INR,0.35,0.024576346865894133,91.30193614295109,2.2438680521768823,1
THB,INR,0.35,0.008363066156063498,1752.6791398747343,14.657771597124873,0
USD,INR,0.15,-0.02756912544076509,486.442061545367,-13.410782214408595,0
EUR,INR,0.15,0.021792202629946023,106.08947440189067,2.311923323070473,0
EUR,INR,0.15,0.004226636744783051,1533.7141747039773,6.482452686798442,0
USD,INR,0.15,0.0032777827361292356,176.29679491385207,0.5778625908035407,0
EUR,INR,0.15,-0.0044578480731825194,223.03541852442098,-0.9942580107205469,0
AED,INR,0.4,0.04374261568276738,447.85037391509485,19.590146789551664,0
GBP,INR,0.2,0.1499474393891617,176.17444245402623,26.416906531794453,1
KRW,INR,0.3,0.015870352169889163,5893.607273795639,93.53362298615717,0
GBP,INR,0.2,0.04115212981244073,55.25350189533296,2.2737992825886817,0
EUR,INR,0.15,0.01073709068487625,261.5485628061395,2.8082706373485715,1
GBP,INR,0.2,0.04055508365519842,48.950604737885236,1.9851958701174879,0
USD,INR,0.15,0.012468644440933365,568.8323919927041,7.092568842242659,0
USD,INR,0.15,0.052916444411368106,1129.083835973221,59.74710204205122,0
USD,INR,0.15,0.027773999205087288,1133.5572475433228,31.48341809218918,0
USD,INR,0.15,-0.03,225.7347275083661,-6.772041825250983,0
KRW,INR,0.3,0.0015577289776059905,5528.237464031531,8.61149569280897,1
KRW,INR,0.3,-0.02746648503767387,2609.6961800607037,-71.67918108251197,0
KRW,INR,0.3,0.03963025728777224,297.6603191490119,11.79635503223574,0
THB,INR,0.35,0.01527543668006546,592.2591341743635,9.047016902270883,0
GBP,INR,0.2,0.01416037871907221,206.19539322738564,2.9198048582277973,0
USD,INR,0.15,0.001607123177835729,3345.1039521576045,5.375994093782386,0
USD,INR,0.15,0.03174351100571032,2365.0393045017377,75.0746511913884,0
THB,INR,0.35,0.014271635953198546,533.3724690715554,7.61209770604789,0
EUR,INR,0.15,0.07040574425974379,1404.392070025024,98.87726892259403,1
AED,INR,0.4,0.0029642454908285418,1289.792183571435,3.8232606642575253,1
THB,INR,0.35,0.05527375665829859,648.7072181139177,35.85648491651052,0
AED,INR,0.4,0.06896104070098565,2162.9518841276863,149.15941291560296,1
EUR,INR,0.15,0.0790190483931546,513.4626895981963,40.5733331174392,0
THB,INR,0.35,0.01959034884541927,38.719149958593164,0.7585216546869411,0
KRW,INR,0.3,0.047819541979610636,844.0992103328974,40.364437623470174,1
EUR,INR,0.15,0.030610384706436518,572.7580993460779,17.53234576471083,0
USD,INR,0.15,-0.013734972220798577,15659.898339682763,-215.08826867607252,0
GBP,INR,0.2,-0.0014175394201332014,573.2530403961158,-0.8126087824727047,1
EUR,INR,0.15,0.06825999148370658,879.3751773065526,60.026142113928245,1
USD,INR,0.15,0.0387318331571419,286.0561985230525,11.079480954761129,0
AED,INR,0.4,-0.016147816721427462,78.51832053320028,-1.2678994492444127,0
AED,INR,0.4,-0.028948807941916697,411.3902871915193,-11.909258413077245,0
USD,INR,0.15,0.09450029508882474,325.916933027588,30.799246345551797,1
THB,INR,0.35,0.05739482998149838,1400.810836755628,80.39929981182975,1
EUR,INR,0.15,0.01950494627514908,1383.95814593043,26.994029283427967,0
AED,INR,0.4,0.030942435960012213,3434.3479761733956,106.26709231714284,0
THB,INR,0.35,0.04387112930933125,2285.5709855140904,100.27058025114432,0
THB,INR,0.35,0.030462118365963492,781.0328302245649,23.791914522004166,0
GBP,INR,0.2,0.0313257462255819,1392.4923791412962,43.620862890037024,1
KRW,INR,0.3,0.026422084155608566,1719.8269899456288,45.44141346143037,0
EUR,INR,0.15,0.03345709514939994,358.076383773923,11.980195642677192,0
THB,INR,0.35,0.032556366834729795,59.48346627203489,1.936565548553645,0
AED,INR,0.4,0.02351302940205014,3082.5491972383925,72.48006990793237,1
EUR,INR,0.15,0.014385526882502827,3520.3276467838614,50.641767998027156,0
GBP,INR,0.2,0.03169412560427221,934.1515147893615,29.607115443155173,0
KRW,INR,0.3,-0.01735260251246118,38.63123716886272,-0.6703525031558909,0
KRW,INR,0.3,0.06287993962463985,2388.8717207201435,150.21210956989214,1
USD,INR,0.15,0.15091966251320343,304.76922995214704,45.995669328786924,1
EUR,INR,0.15,-0.001137563035019296,3804.962339230334,-4.328384506748979,0
EUR,INR,0.15,-0.0005046704273964312,474.3087445049014,-0.2393695968071533,0
GBP,INR,0.2,0.02136408705749139,1624.322240154989,34.702161748090624,0
AED,INR,0.4,-0.00767874053876462,156.19808884514308,-1.1994045968927578,1
EUR,INR,0.15,0.005856923671334622,246.97773438613234,1.4465297388187335,0
GBP,INR,0.2,0.007572510814916918,709.9415649387226,5.376040178457519,0
EUR,INR,0.15,0.02545351488201704,363.41834025422685,9.250274132058895,0
GBP,INR,0.2,-0.0029383412727056035,324.177344018653,-0.9525436696060912,0
THB,INR,0.35,0.021714087334288062,1223.9366840176654,26.576668048398517,0
GBP,INR,0.2,0.045512606199746376,335.32642067861997,15.26157933271652,0
GBP,INR,0.2,0.007822278915940263,2068.3198292331413,16.178974591631565,0
AED,INR,0.4,0.1425081727761448,2049.612360636858,292.08651241375935,1
GBP,INR,0.2,-0.03,231.81846234954446,-6.9545538704863334,0
USD,INR,0.15,0.07000528867537167,993.6133508993585,69.55818946141297,1
THB,INR,0.35,0.005576319312648765,255.19891669953722,1.4230706477586728,0
GBP,INR,0.2,0.009171825678155074,5729.992129922371,52.55448895284848,0
GBP,INR,0.2,0.011081792368607256,2290.597786272185,25.383929067459775,0
USD,INR,0.15,0.043096870094680335,171.02686158197463,7.370722436299236,0
USD,INR,0.15,0.013934037532257412,5311.261708461655,74.00731998934633,0
EUR,INR,0.15,0.020140439828509472,1568.7092344921741,31.59449394571679,0
USD,INR,0.15,-0.013206736285411263,1357.2862362386777,-17.925321385822627,0
AED,INR,0.4,0.005822047992078641,793.1849508181353,4.61796085025772,0
USD,INR,0.15,0.04918269666597381,1003.9835338226266,49.3786176016307,0
EUR,INR,0.15,0.08862134435566174,111.35556036961536,9.868479461433363,1
THB,INR,0.35,0.002922274969118661,230.80361341396184,0.6744716222617607,0
AED,INR,0.4,0.01666451366737341,410.89770525809365,6.847410425165872,0
KRW,INR,0.3,0.0012214826544790242,2512.0793463360646,3.0684613482245084,0
GBP,INR,0.2,-0.003888668320335527,1200.0898002039964,-4.666751187611073,0
EUR,INR,0.15,0.09757711124509202,194.06276559003035,18.93608406650861,1
GBP,INR,0.2,-0.0073855407472494024,632.7756164681634,-4.673390099291481,0
USD,INR,0.15,0.060510049092052806,273.73236754013016,16.56355899793712,0
EUR,INR,0.15,0.006724039825025102,57.84180078382366,0.3889305720215985,0
USD,INR,0.15,0.026957485279801026,627.8897307938705,16.926328175213992,0
USD,INR,0.15,0.02100036125133331,364.1387334144223,7.647044947305824,0
AED,INR,0.4,0.021593096434760803,1330.5933759564803,28.731631082482213,0
EUR,INR,0.15,0.004439680538610859,167.94720020640793,0.7456319162705709,0
AED,INR,0.4,0.001407791301555411,4268.643489666388,6.009359174193476,0
USD,INR,0.15,0.003969098553591753,1014.8199390796734,4.027920352357203,0
AED,INR,0.4,0.07409689021975827,1522.084262282656,112.78171048757972,1
KRW,INR,0.3,0.02263754526528728,642.450736415587,14.543507626324999,0
GBP,INR,0.2,0.11692818150948887,33.867166869021034,3.9600262348730393,1
USD,INR,0.15,0.022845879826638653,488.738523599311,11.165661576798659,0
KRW,INR,0.3,0.007756607642819332,3744.8642933510796,29.0474429991282,0
GBP,INR,0.2,-0.025653138316732424,1376.635983100346,-35.3150332862641,0
THB,INR,0.35,0.03407086572113041,653.8337814385146,22.276682971330562,1
GBP,INR,0.2,-0.026335662431860148,7033.1714232807635,-185.22322842892757,0
AED,INR,0.4,0.12869879219159105,419.02378556476214,53.92785510173314,1
KRW,INR,0.3,-0.02959757058714308,1656.5585842073333,-49.030109627814355,0
AED,INR,0.4,0.033496202588242194,1835.7644240470509,61.491137052167765,0
THB,INR,0.35,0.14407091986424098,647.3429996995364,93.26330143438929,1
EUR,INR,0.15,0.0115625683312369,260.71586967526355,3.014545058158089,0
THB,INR,0.35,-0.01504050024737289,474.6983969311143,-7.1397013564699385,0
KRW,INR,0.3,-0.00427947474456992,1322.2622013578948,-5.658587696410537,0
EUR,INR,0.15,0.10897744028051007,2017.3910969804372,219.8501177936183,1
GBP,INR,0.2,0.04689633201218212,4139.875688055171,194.1449847561962,0
THB,INR,0.35,0.01983157878459194,1506.7858672027178,29.881942636940384,0
GBP,INR,0.2,0.0016146964076452289,12040.999111956358,19.442558010535322,0
USD,INR,0.15,0.04293485164085815,843.1286243229714,36.1996023994676,0
KRW,INR,0.3,0.05214120753547913,382.85084204437493,19.96230521016869,0
EUR,INR,0.15,-0.01578940617175395,352.4265088359936,-5.5646052937047354,0
AED,INR,0.4,0.08412525879301805,592.3189827901921,49.828987715242114,0
KRW,INR,0.3,0.022649777748988367,60.52801936641598,1.3709461862357857,0
USD,INR,0.15,0.025337949318260417,194.9316378094928,4.9391679593424245,0
AED,INR,0.4,0.022056797267573557,401.86666731804337,8.86389160962951,0
THB,INR,0.35,0.033321977108215536,1896.5472181541952,63.19670298798395,0
EUR,INR,0.15,0.031844576024002896,1671.9545364585595,53.242683344931116,0
EUR,INR,0.15,0.06785581364959901,2336.7537600017695,158.56232768367988,1
EUR,INR,0.15,0.11490481538538254,104.35041659469185,11.990365354200826,1
KRW,INR,0.3,-0.012205268886181198,129.58699215917076,-1.5816440834541337,0
USD,INR,0.15,0.04442008732197324,1689.8910103304238,75.06510624349501,0
USD,INR,0.15,0.05142471174261939,104.74172873558757,5.386313207651225,0
KRW,INR,0.3,0.05910560751529941,2716.9761276867193,160.58852463148926,1
GBP,INR,0.2,0.11635236140426829,92.30221735625432,10.739580952250227,1
THB,INR,0.35,0.01670542020694239,282.4947971111083,4.719194292015999,0
THB,INR,0.35,0.03018232812027711,149.16912495859577,4.502271474914955,0
THB,INR,0.35,-0.028897466262247387,479.68269604229937,-13.861614525466214,0
USD,INR,0.15,-0.004782580377300772,63.90373013924748,-0.30562472580028893,0
EUR,INR,0.15,-0.02891454746649378,397.92430821793175,-11.505801298039088,0
USD,INR,0.15,-0.008550493538924465,138.99160352776536,-1.1884468079289086,0
EUR,INR,0.15,0.08964776534947622,2884.194963430596,258.5616333037672,1
AED,INR,0.4,-0.0016928193035214232,5706.564993076708,-9.660183377079848,0
GBP,INR,0.2,0.04855917271121219,343.38843248359564,16.674658200003346,1
KRW,INR,0.3,0.016693042409353376,1415.3027804055905,23.62570933538627,1
AED,INR,0.4,0.011965879757902266,60.47071380880383,0.7235852903106668,0
GBP,INR,0.2,-0.002023653181452279,34.94760602284177,-0.07072183411226457,0
USD,INR,0.15,0.06487699077674425,1144.86484553323,74.27538602427809,1
THB,INR,0.35,0.01370079395399218,89.19658332791396,1.2220640095758433,0
EUR,INR,0.15,-0.008317104781440479,1219.88585997108,-10.1459185187771,0
AED,INR,0.4,0.038168086375646816,6613.297174829748,252.41689779672288,1
AED,INR,0.4,0.030129816869523707,154.043183116979,4.641292897313083,0
KRW,INR,0.3,0.01459427836557605,812.5061988395885,11.857941639621039,0
THB,INR,0.35,0.06691480965603337,1140.3313099210475,76.30505254818209,1
THB,INR,0.35,0.030979621692907806,5874.9170619174965,182.00270805541348,0
GBP,INR,0.2,0.008396541335175187,986.8468817208291,8.28610063385768,0
AED,INR,0.4,0.05034278172646618,1146.2386960203319,57.70484448018079,0
EUR,INR,0.15,0.03253686574869465,563.048007495338,18.319817429945832,0
AED,INR,0.4,0.04224391320938435,486.05417556984753,20.532830407831504,0
GBP,INR,0.2,-0.021950564585909403,92.52798518427616,-2.0310415147915224,0
AED,INR,0.4,0.06530478273461714,2525.982201013773,164.95871882871444,0
THB,INR,0.35,0.011042225928298535,503.26711465573834,5.5571891823115855,0
GBP,INR,0.2,0.010069559273039473,4649.502827857618,46.818444315276935,0
AED,INR,0.4,-0.03,10395.528981919375,-311.86586945758125,0
AED,INR,0.4,-0.03,816.6128917630109,-24.498386752890326,0
EUR,INR,0.15,0.026999326887918895,1326.8492171264336,35.82403574417585,0
KRW,INR,0.3,0.04296911539317986,738.2119627742884,31.72031501307419,0
USD,INR,0.15,0.08656250064253679,932.0903096555436,80.6840680284603,1
THB,INR,0.35,-0.02043262139657532,372.98710433067197,-7.621104288593559,0
AED,INR,0.4,0.0091578368272821,212.6360843370057,1.9472865639504933,0
AED,INR,0.4,0.034272518298357736,317.0514504763272,10.866151637970786,0
USD,INR,0.15,0.016356230103373212,374.1683273978721,6.119983260313879,0
KRW,INR,0.3,-0.014562184838457741,507.97905682366627,-7.397284919531656,0
USD,INR,0.15,0.07152605248031214,1068.2647619978222,76.40876142952439,1
THB,INR,0.35,0.0449353675765093,607.788524446399,27.31120075478315,0
THB,INR,0.35,-0.01504420696411637,722.1014505395223,-10.863443671005212,0
AED,INR,0.4,0.01122150175814261,698.3427509501455,7.836454407573204,0
THB,INR,0.35,-0.016484803261748594,1179.757820286981,-19.448075563940236,0
THB,INR,0.35,0.0031169194123642488,1638.687973524799,5.107658355487278,0
KRW,INR,0.3,0.03674626246752598,222.39660842469584,8.172244145061473,0
EUR,INR,0.15,-0.006837265606096715,929.6358912203726,-6.35616750523412,0
EUR,INR,0.15,0.020025570984633916,492.56062324515887,9.863807725031451,1
THB,INR,0.35,0.0011473089638003274,1146.2435545667254,1.3150955048527537,0
THB,INR,0.35,0.02278094240687515,273.67566438027194,6.234589548410268,1
USD,INR,0.15,0.04648734008458804,88.02552889492095,4.092072697863921,0
GBP,INR,0.2,0.0833443141203356,103.60260522884607,8.63468807387807,1
KRW,INR,0.3,0.05194252035191102,342.3022470063786,17.780041431633695,0
THB,INR,0.35,0.09649130924727704,356.44356705442664,34.39370645785121,1
EUR,INR,0.15,-0.03,1307.6861477296327,-39.23058443188898,0
GBP,INR,0.2,0.038267582715362534,5212.642486501297,199.47522751780141,0
THB,INR,0.35,-0.006231938626650177,153.1276182434114,-0.9542819189380579,0
EUR,INR,0.15,0.022334582510288064,2118.55508013952,47.317043239966054,0
EUR,INR,0.15,0.03577657284970134,757.6724825759724,27.106924769093343,0
KRW,INR,0.3,0.003837282686146479,105.04167232226737,0.4030745905261084,0
GBP,INR,0.2,0.05181430967094259,1099.7331200782605,56.98191243912688,0
GBP,INR,0.2,-0.01062420942331214,807.3262292351736,-8.577202932327388,0
AED,INR,0.4,0.025325766397680374,1415.5823806925498,35.850708690091764,1
KRW,INR,0.3,0.11542127588844328,460.2931313309008,53.127620500899354,1
THB,INR,0.35,0.009499527516389281,1053.9859142739206,10.012368194531822,0
GBP,INR,0.2,-0.017307819116814477,455.00566087917025,-7.875155675623308,0
AED,INR,0.4,-0.00883245560846394,1715.0177925749924,-15.147818520644439,0
GBP,INR,0.2,-0.008729481015728255,871.6703421405666,-7.6092297036894285,0
THB,INR,0.35,-0.020954069370139182,685.2767737275232,-14.359337054431691,0
AED,INR,0.4,0.022529198161753923,228.675662315492,5.151879311076043,1
KRW,INR,0.3,-0.020507934430394385,280.78287658456856,-5.758276822173851,0
THB,INR,0.35,-0.01758416515434684,50.225923031277816,-0.8831809256115017,0
EUR,INR,0.15,0.021225274085473398,351.9154164244941,7.469501168513394,0
GBP,INR,0.2,0.010653060788493145,34.38940424981145,0.36635241395330587,0
THB,INR,0.35,0.04464944778099465,2696.1046732935947,120.37958482231801,1
KRW,INR,0.3,0.024211025156403863,1365.8236550561214,33.06799087177523,0
EUR,INR,0.15,-0.0008527544873995138,346.3551452972293,-0.2953559043861229,0
GBP,INR,0.2,0.03714738914578945,1175.7222039887154,43.675010238914055,0
THB,INR,0.35,0.03280936534907175,97.7825070254303,3.208181997745518,0
THB,INR,0.35,-0.006260325867749843,1255.930183988203,-7.862532218909167,0
USD,INR,0.15,0.022756975263301782,2202.5592570916892,50.12358652959192,0
KRW,INR,0.3,0.06198274737139875,1255.9296134714277,77.84596794805799,1
EUR,INR,0.15,-0.03,945.6979033274883,-28.370937099824648,0
EUR,INR,0.15,-0.03,3004.070889018737,-90.12212667056211,0
USD,INR,0.15,-0.004065007041342309,323.144496994296,-1.3135846556528317,0
GBP,INR,0.2,0.013716686430052789,443.85451270981594,6.088213171404425,0
THB,INR,0.35,-0.007728159622547819,1854.467278051572,-14.331619139574318,0
EUR,INR,0.15,-0.02185921865948446,1409.9248874051502,-30.819856407238184,0
AED,INR,0.4,0.033738853386033094,111.95784738960606,3.777329398493787,0
EUR,INR,0.15,0.031926969233764695,1492.6049660776528,47.65435283012562,0
GBP,INR,0.2,0.01950896325959791,48.98011956004874,0.9555513529477039,0
GBP,INR,0.2,0.03196608774315108,1660.1082348645036,53.06716549880638,0
GBP,INR,0.2,0.004183202287000035,189.46919820376596,0.7925879832420567,0
GBP,INR,0.2,-0.00365611120631207,1064.3981558003607,-3.891558025399599,0
AED,INR,0.4,0.059464155278945156,1332.9499859019688,79.26274494074244,1
USD,INR,0.15,0.009747102213277216,9529.101480478566,92.88112613091583,0
AED,INR,0.4,-0.0010820562797877586,230.0362127267273,-0.248912128559548,0
EUR,INR,0.15,0.021070159525522887,2827.398101986733,59.57372905102109,0
AED,INR,0.4,0.017122247314304975,852.7894093710788,14.60167117427168,0
THB,INR,0.35,0.07627659113553137,812.3923346928195,61.96651795500395,1
KRW,INR,0.3,0.02694814678348173,370.3714089841612,9.98082309371012,0
KRW,INR,0.3,0.024704998374296426,1224.639629261391,30.254720050001644,0
KRW,INR,0.3,-0.027735547835169065,477.76897370147685,-13.251184224256942,0
THB,INR,0.35,0.018304845124926777,717.1051454803882,13.12649862630659,1
EUR,INR,0.15,0.004275428462743836,741.0376288522883,3.168253370359276,0
THB,INR,0.35,0.037326714665330274,1326.691532640197,49.521036287770336,0
USD,INR,0.15,0.01285057986646062,207.27846976796405,2.663648530350965,1
USD,INR,0.15,-0.01691652336310824,78.69998777984885,-1.331330181954146,0
AED,INR,0.4,-0.00954281301529922,1911.2468432681328,-18.238671251388684,0
GBP,INR,0.2,0.09319778713008345,693.550080771407,64.63733279178577,1
THB,INR,0.35,-0.011534592558918597,231.23757430485412,-2.6672312039191564,0
THB,INR,0.35,-0.004583949305683706,696.668946150975,-3.193495132000161,0
KRW,INR,0.3,0.008173275789823181,184.85654582370162,1.5108835305712,0
KRW,INR,0.3,0.048211710660313295,1223.416835004026,58.98301846617036,0
EUR,INR,0.15,0.03098368895763772,847.2880096844838,26.252108149599984,1
USD,INR,0.15,-0.01786189567178364,427.18820013945214,-7.630391063107923,0
EUR,INR,0.15,0.0044686594103557,477.1467235510453,2.132206196316768,0
GBP,INR,0.2,0.0861165592560041,431.7158799045532,37.17788615355841,1
EUR,INR,0.15,0.030939067583959312,250.54174985572547,7.751528131389718,0
AED,INR,0.4,0.01931239274475,4532.127713701577,87.52623037637073,0
EUR,INR,0.15,0.09936795256076171,254.86324536257456,25.32523887467008,1
THB,INR,0.35,0.019992198793816043,304.4088586140149,6.085802416010027,0
USD,INR,0.15,-0.0199024307956095,634.1676262661075,-12.621477294577154,0
EUR,INR,0.15,0.06751025213617426,2417.5736101242555,163.21100397724953,0
USD,INR,0.15,0.05528437571662454,1405.654947958589,77.71075627087495,0
EUR,INR,0.15,-0.005559454874770076,1180.5172819705206,-6.563032558001331,0
KRW,INR,0.3,0.02491609583834281,1674.7811229602926,41.72900696792605,0
USD,INR,0.15,0.004774418567849368,239.6969590672771,1.1444136120278379,0
KRW,INR,0.3,0.03749762377294707,237.525110493177,8.906627229900833,0
GBP,INR,0.2,-0.002866038730453678,175.51630352832166,-0.5030365237382334,0
AED,INR,0.4,0.0399223737950604,734.8722077860435,29.337842970835723,0
KRW,INR,0.3,0.032528559042121596,1447.9970282248207,47.10125682542769,1
KRW,INR,0.3,0.038159171524890144,1704.1808196168836,65.03012820518853,0
GBP,INR,0.2,0.05317409628083513,411.7583208123705,21.89487659531199,0
GBP,INR,0.2,-0.025459143323325793,80.40122606417552,-2.046946337738962,0
AED,INR,0.4,0.04621065228441525,405.77897500198566,18.75131111814319,1
AED,INR,0.4,0.04068496489376436,14326.111680594977,582.8573507891541,1
GBP,INR,0.2,0.00450649241492808,454.7800458937612,2.049462827280879,0
EUR,INR,0.15,0.05077322953157351,2095.8792164000006,106.41455652473165,0
KRW,INR,0.3,-0.014808570996871268,1056.8639451964123,-15.650644766474535,0
AED,INR,0.4,0.012039075874609138,3190.2959128232383,38.40821455693439,0
AED,INR,0.4,0.034911218778901826,70.82103488808063,2.4724486431260218,1
KRW,INR,0.3,0.02932749853847179,1917.2726089496246,56.228809636822106,0
GBP,INR,0.2,0.056545144591740794,182.7230825968552,10.332103125687773,0
USD,INR,0.15,0.01759450773726264,127.4813591588704,2.2429717600775025,0
KRW,INR,0.3,-0.003194421606148483,1678.6191338833794,-5.36221722977132,0
THB,INR,0.35,-0.00028552431648425775,1254.5078395870798,-0.35819249342224385,0
AED,INR,0.4,0.022840002664242916,350.99044202802156,8.016622631043811,0
KRW,INR,0.3,0.032730404161328185,3690.944927929057,120.80611922832236,0
GBP,INR,0.2,-0.03,548.3501870612723,-16.450505611838167,0
THB,INR,0.35,0.050402007503091414,200.50209404761412,10.105708048573387,1
EUR,INR,0.15,0.00749614808800118,520.917406183323,3.904874018367651,0
EUR,INR,0.15,0.03215825490153974,289.6884776516849,9.315875906361882,0
KRW,INR,0.3,0.0024042288003446027,4366.537996610234,10.498156409249347,0
AED,INR,0.4,0.06608706293418169,542.8857752405531,35.87772639439445,1
USD,INR,0.15,-0.024848409109552966,1921.4866756510942,-47.74588701513329,1
GBP,INR,0.2,0.011674767930621797,1235.3715589277335,14.422676258571759,0
AED,INR,0.4,0.0053108950089710005,352.5303744471606,1.8722518061621034,1
THB,INR,0.35,-0.010943699539843999,1384.3303508500253,-15.149695423589502,0
THB,INR,0.35,0.011999834513978585,1009.779571109512,12.117187748910414,0
THB,INR,0.35,0.031190867852817206,546.1997252700933,17.036443452144542,1
GBP,INR,0.2,-0.015395545474459925,716.2403677833648,-11.026911152852694,0
KRW,INR,0.3,0.045963562112807256,855.5818420024772,39.32558913747091,0
THB,INR,0.35,0.007933805374045276,245.96265031314107,1.9514197968688176,0
THB,INR,0.35,0.020106429875336305,230.25363323402684,4.629578530161366,0
THB,INR,0.35,-0.03,198.01111279524326,-5.940333383857298,0
AED,INR,0.4,0.03361227430977993,290.88416099563227,9.777278211755378,0
GBP,INR,0.2,-0.006181015949701165,619.7659012545768,-3.830782920735456,0
THB,INR,0.35,0.03518382009173532,360.4945133624825,12.683574102203258,1
EUR,INR,0.15,-0.026153200814004053,745.453308875885,-19.49599008449481,0
AED,INR,0.4,-0.0024374664601285023,291.1375367770339,-0.7096379811784485,0
AED,INR,0.4,0.03207774442867898,605.8275433179746,19.433581102408432,0
THB,INR,0.35,-0.002960072485388047,2833.303260201659,-8.386783023283181,0
THB,INR,0.35,0.00682171395870006,232.14861750165744,1.5836514645039776,0
USD,INR,0.15,-0.03,846.2223623666553,-25.386670870999655,0
EUR,INR,0.15,-0.013584576234248394,172.65894625138154,-2.3454986178768884,0
THB,INR,0.35,0.011696387763185084,1850.716999244233,21.646703663078863,0
KRW,INR,0.3,-0.020720010463803437,858.5919724376773,-17.790034653046305,0
USD,INR,0.15,0.0735916973825382,828.2941053761372,60.955569146580885,0
AED,INR,0.4,-0.0037672892882578256,2065.5412356031597,-7.781491371342617,0
GBP,INR,0.2,0.010605486416818952,3621.5763523937,38.40857881278411,0
THB,INR,0.35,-0.016559838203671996,1112.0589840888783,-18.415516849451677,0
GBP,INR,0.2,-0.011548009450395575,1028.9098563361808,-11.88186074457537,0
AED,INR,0.4,0.054823064783271834,870.2202440645146,47.70814081606351,0
KRW,INR,0.3,0.0702687884474666,607.9192489953141,42.7177491007945,1
EUR,INR,0.15,0.014211524406740356,3232.8424435976035,45.94361929033347,0
USD,INR,0.15,-0.0231984128442113,2440.148840099276,-56.607580193946355,0
KRW,INR,0.3,0.011744480337469946,2322.555529566069,27.277207749670794,0
AED,INR,0.4,0.06852713750025807,383.40455985045526,26.273616991098073,1
USD,INR,0.15,0.03680501798479744,58.229456883372926,2.143136207837528,1
KRW,INR,0.3,0.058596922327715094,94.869902251107,5.55908429344604,0
THB,INR,0.35,0.02009325225841524,646.1070953584768,12.982392852989825,0
USD,INR,0.15,0.04288168249283825,950.2941562429022,40.75021228280775,1
USD,INR,0.15,-5.166861291676546e-05,1247.775460376511,-0.06447082726923277,0
USD,INR,0.15,-0.03,773.5701546267758,-23.207104638803273,0
AED,INR,0.4,0.09600389137437372,136.98910317738407,13.151486980914454,1
GBP,INR,0.2,0.0270854626155856,326.0460104866909,8.831107027998096,0
EUR,INR,0.15,0.020245466423212816,497.9455902142126,10.081140727268728,0
USD,INR,0.15,0.04672345280565849,169.6264173381196,7.925531905090563,1
GBP,INR,0.2,0.013520710663193748,2491.6916296110094,33.68944158587218,0
USD,INR,0.15,0.007556923673227031,3619.355502977751,27.35119328227709,0
THB,INR,0.35,0.07161931156991551,835.9757585670194,59.872008317707824,1
GBP,INR,0.2,0.02282764495440207,487.1363127523514,11.120174791907242,0
KRW,INR,0.3,0.035080329993475594,7849.637763048985,275.367883057006,0
EUR,INR,0.15,0.026484514654673788,418.31215632997254,11.07879443454935,0
GBP,INR,0.2,-0.03,1253.8368907997442,-37.61510672399233,0
GBP,INR,0.2,-0.016342060478658854,184.68219705244275,-3.0180876335626112,0
GBP,INR,0.2,0.0010724407548065047,1725.47922344335,1.8504742407925279,0
GBP,INR,0.2,0.028357616889037422,305.1496846902006,8.653317852255277,0
GBP,INR,0.2,0.031308783922361805,292.533194393702,9.158858573390678,0
AED,INR,0.4,-0.013183828354764353,885.4028855088715,-11.672999667362037,0
AED,INR,0.4,-0.018010566497790426,582.9344483702212,-10.498979646224647,0
USD,INR,0.15,0.06263006003020026,174.921042697524,10.95531540469115,0
USD,INR,0.15,0.024497724186798013,2806.210879856009,68.74578014470428,0
EUR,INR,0.15,0.051019422443623924,37.21438120560546,1.8986562357068437,1
GBP,INR,0.2,0.004809223675440525,81.45303129059651,0.39172584651913467,0
THB,INR,0.35,-0.005566234043361299,840.1067325160357,-4.676230694587782,0
THB,INR,0.35,0.06371625687377741,378.6216362267658,24.124353431794518,1
USD,INR,0.15,0.05229318805472148,55.621750915735305,2.908638680569423,1
GBP,INR,0.2,-0.012358315577210495,297.88507751466193,-3.681357793668002,0
AED,INR,0.4,0.01744802663149507,940.5632271651533,16.41097223618254,0
THB,INR,0.35,0.01797936276047951,3322.7250891918447,59.74047973192682,0
GBP,INR,0.2,-0.0045194447125992895,1852.8043863993526,-8.373646987593325,0
THB,INR,0.35,0.06362404485237876,49.666811575402555,3.1600034473480565,1
THB,INR,0.35,0.04972614052448516,761.8586846066632,37.884292010550354,1
USD,INR,0.15,0.0352057631581338,108.15254982480587,3.807593054080381,1
EUR,INR,0.15,0.018596120578107486,1673.5072215328812,31.120742079959097,0
AED,INR,0.4,0.03303119212275863,346.94047181796776,11.45985737977982,0
EUR,INR,0.15,0.013621691616438884,318.0703427109033,4.332656120742954,0
KRW,INR,0.3,0.03690929988102951,1354.0052154252182,49.97538453660735,0
EUR,INR,0.15,0.004721744029307639,203.44273553462267,0.9606045218166176,0
EUR,INR,0.15,-0.03,226.91435265814528,-6.807430579744358,0
THB,INR,0.35,0.040660128596759604,2666.4830211582207,108.41954254136931,0
KRW,INR,0.3,0.011389388999953998,14132.04139635359,160.95531682652413,0
USD,INR,0.15,0.03382841584783113,938.7498077100787,31.756418872288055,0
EUR,INR,0.15,0.015247802241046746,5033.984129181954,76.75719448633436,0
USD,INR,0.15,-0.03,306.5303236202021,-9.195909708606063,0
THB,INR,0.35,0.08793889249989056,525.8242418310698,46.240401476218906,1
GBP,INR,0.2,0.04164269602161752,235.2362156189012,9.795870220293578,0
THB,INR,0.35,0.09667797216132498,444.7556955607867,42.99807875401647,1
EUR,INR,0.15,-0.01359626763559294,178.84082287526212,-2.4315676919817357,0
KRW,INR,0.3,-0.004047141588685719,135.05387008156757,-0.5465821343200701,0
USD,INR,0.15,0.006642281463236305,1759.8254866293291,11.689256208368803,0
USD,INR,0.15,0.042608506071953815,90.46921384802458,3.8547580475684433,0
EUR,INR,0.15,0.0449269875183329,27026.852295646906,1214.2350557463553,0
EUR,INR,0.15,-0.01411010636529231,396.9506784352371,-5.601016294496139,0
AED,INR,0.4,0.04184100830379116,365.797002033571,15.305315399588556,0
USD,INR,0.15,0.034121290827436444,4622.538944710825,157.7269956936292,0
KRW,INR,0.3,0.04786592266450897,7652.701355435181,366.3036112538433,0
EUR,INR,0.15,0.06097830093355609,1098.6357855583253,66.99294354814936,1
AED,INR,0.4,-0.017453636950771165,430.8786056132321,-7.520398752227863,0
KRW,INR,0.3,0.008985704331370614,161.67761031274773,1.4527872032729074,0
KRW,INR,0.3,0.027423860112768393,445.59773799742163,12.220010033407313,0
EUR,INR,0.15,-0.011551247035112342,745.4587943655869,-8.610978688213907,0
USD,INR,0.15,-0.028491662981832998,111.77272450096162,-3.184590797042666,0
GBP,INR,0.2,0.014582505302624829,161.36170701164724,2.35305794813794,0
KRW,INR,0.3,0.0829768424142282,369.10215340086114,30.62693121749554,1
USD,INR,0.15,-0.009694593797705974,315.76014232697935,-3.0611663173658896,0
THB,INR,0.35,-0.01786713403149949,1628.6580116460955,-29.099450985556246,0
USD,INR,0.15,0.03403554213418857,74.46514352258546,2.534461529891357,0
AED,INR,0.4,0.004867822712797476,10948.922144992826,53.29741189804734,0
USD,INR,0.15,-0.012552156646293553,2375.0446506920266,-29.811932497427872,0
GBP,INR,0.2,-0.020738739861310425,1207.1760499089019,-25.035310065865005,0
AED,INR,0.4,0.07592713986286377,1657.2705806591305,125.83181516831526,1
GBP,INR,0.2,0.016647157451483326,5557.702265989881,92.51994469039921,0
EUR,INR,0.15,0.07143796184614233,4697.621162918778,335.5884814042225,1
AED,INR,0.4,0.02553929724640127,426.8649115358546,10.901829859772974,0
EUR,INR,0.15,0.010469507607911231,1457.465513163673,15.258946278335321,0
EUR,INR,0.15,0.016381834685339075,2333.3868121394835,38.22515701341936,0
KRW,INR,0.3,0.07683777425991196,2096.8688293825107,161.1187337647392,0
USD,INR,0.15,0.07789866430782205,481.22635991032513,37.48689066672957,0
USD,INR,0.15,-0.03,85.20606791192644,-2.556182037357793,0
EUR,INR,0.15,0.014076526685735401,659.0009218044454,9.276444061704504,0
EUR,INR,0.15,0.011537368275688874,2112.6678207594914,24.374626692299305,1
USD,INR,0.15,0.032136473972508454,1714.6441239664462,55.102616261962254,0
GBP,INR,0.2,0.033799009087745045,2493.3610902626842,84.27313414881836,0
KRW,INR,0.3,0.03711317616237721,1197.4250030133858,44.440245078070845,0
THB,INR,0.35,0.03382812613440217,1231.148194154133,41.64743640198746,0
GBP,INR,0.2,0.0853783525396799,1235.7260172303268,105.5042515415454,1
THB,INR,0.35,0.07633539136572363,1191.7221675135781,90.97057805635745,1
THB,INR,0.35,-0.009176362664266914,857.6366241207533,-7.869984697089597,0
THB,INR,0.35,0.03404635890512347,171.93084510549826,5.8536192593229845,0
GBP,INR,0.2,0.06273611486606148,1705.3410211526523,106.98647018883938,0
AED,INR,0.4,-0.03,859.1576640429006,-25.774729921287015,0
THB,INR,0.35,0.026481141710810126,2048.952908195836,54.258612320710455,0
EUR,INR,0.15,0.09434599447995734,2930.282422092587,276.4604092194632,1
EUR,INR,0.15,-0.029815027108590214,267.98750237994665,-7.990054648221494,0
GBP,INR,0.2,0.011488824207840384,441.30432490194835,5.070067810958162,0
THB,INR,0.35,-0.00016155553073404078,126.54014723901703,-0.02044326064636306,0
THB,INR,0.35,0.060278749892656566,2218.200207184708,133.710335500726,1
GBP,INR,0.2,0.015480791693874339,3124.794610150709,48.3742944458844,0
EUR,INR,0.15,0.030178064915932758,206.79843199051578,6.2407765051228905,0
EUR,INR,0.15,0.023094277745822345,82.614353217396,1.907918818994015,0
EUR,INR,0.15,0.034141899594442235,1935.071583967777,66.06701972788615,1
GBP,INR,0.2,0.023905439474937566,1762.851129273371,42.14173097416991,0
THB,INR,0.35,-0.005654750805539165,677.5306405576373,-3.831266935470766,0
GBP,INR,0.2,-0.011461248509367148,2567.5446323847646,-29.427267090653505,0
USD,INR,0.15,0.014622520423224422,187.99998930086065,2.749033683117808,0
KRW,INR,0.3,0.016564033225048125,839.081544001309,13.898574573362362,0
AED,INR,0.4,0.02508215084184491,542.6361692182189,13.610482248572247,0
USD,INR,0.15,0.057705833762664825,7172.647897216131,413.9036271948815,1
THB,INR,0.35,0.021537810125395226,1966.8269742786317,42.36114592151877,0
AED,INR,0.4,0.014787673469818267,722.0141630927026,10.676909684398998,0
EUR,INR,0.15,0.07391956196775536,803.7601768928058,59.41360020304177,1
THB,INR,0.35,0.08155199024198995,2820.4770734404788,230.0155187709743,1
KRW,INR,0.3,-0.024882499725541046,641.4902595311157,-15.961881206720241,1
THB,INR,0.35,0.017203155918192607,244.5446182197032,4.206939196188439,0
USD,INR,0.15,0.0408780455487132,452.9988663162336,18.51770829079044,0
KRW,INR,0.3,0.04702933169246418,8304.62037471483,390.56074618245987,1
GBP,INR,0.2,0.03427353328442153,4549.187255061028,155.91672080340035,0
KRW,INR,0.3,0.013457467244645256,442.3505171727185,5.952917595503749,0
GBP,INR,0.2,0.048498353348785536,1371.7257769740788,66.52644142932625,1
USD,INR,0.15,0.022860023414260945,1349.7389890425698,30.855064892654042,0
AED,INR,0.4,0.0066138318418290445,170.61700128007223,1.1284321558235286,1
GBP,INR,0.2,-0.01147719855910174,2791.6925555259095,-32.040809775737024,0
EUR,INR,0.15,0.009518490506640134,485.1853607083157,4.6182322498628725,0
EUR,INR,0.15,0.10941567816130846,343.4036512098834,37.57374338019882,1
EUR,INR,0.15,-0.0010492049313552253,444.39384903749993,-0.4662602178740745,0
EUR,INR,0.15,0.05168067063586257,837.718158076875,43.29383621325243,1
GBP,INR,0.2,-0.02015678273207004,143.11920848618973,-2.8848227902419614,0
KRW,INR,0.3,0.09344977846423788,6652.853050960182,621.7076437673581,1
USD,INR,0.15,0.03569194187002579,778.4638142529419,27.78488520623456,0
USD,INR,0.15,0.06606695825296428,891.3559454066265,58.8891760337111,1
THB,INR,0.35,-0.001796489860836593,412.8004130834267,-0.7415917566535334,0
USD,INR,0.15,0.013753365850155453,1426.352040730623,19.61714144728409,0
AED,INR,0.4,-0.0073760915037434874,633.0798931613378,-4.6696552211381785,0
KRW,INR,0.3,0.01469506369727721,98.25239053306929,1.4438251372932094,0
EUR,INR,0.15,-0.021504119129314506,317.4645981901408,-6.82679653882075,0
EUR,INR,0.15,-0.018428534513405558,215.44659492099748,-3.9703650102973085,0
AED,INR,0.4,-0.02245317212636576,4419.26278083341,-99.22646788969435,0
EUR,INR,0.15,0.04107958593035896,226.20104293733772,9.292245180881181,0
THB,INR,0.35,0.0020038119186289016,798.0007926128403,1.5990434993129197,0
THB,INR,0.35,-0.029274833891866803,652.7652213114756,-19.10959342428112,0
GBP,INR,0.2,0.03588958219057431,259.092329846045,9.298715466957022,0
AED,INR,0.4,0.012692375141169564,1090.2295498624899,13.83760243684315,0
GBP,INR,0.2,0.06469124686375048,68.4862035802696,4.430457902572293,0
AED,INR,0.4,0.037179879609882616,827.3326446196803,30.76012812428551,0
EUR,INR,0.15,-0.010967238092597332,1078.5642799442908,-11.828871256319838,0
USD,INR,0.15,-0.0007311105074665463,1347.8471889386065,-0.9854252422922625,0
GBP,INR,0.2,0.05896978441816782,10239.4136375295,603.8160147735622,1
USD,INR,0.15,-0.02995310879709369,1158.182447040605,-34.69116484309144,0
THB,INR,0.35,-0.002641408998436028,334.58668814749365,-0.8837802888296988,0
KRW,INR,0.3,0.023717706699625793,331.1676509405738,7.854537213412584,0
USD,INR,0.15,-0.01091569823226578,4446.491492925709,-48.53655932911399,0
KRW,INR,0.3,0.03624960731428458,454.25707160120163,16.466640465280413,0
GBP,INR,0.2,0.027993948553704545,140.90310429367682,3.944434252654455,0
THB,INR,0.35,0.11194406099875878,1019.1620189201224,114.08913521361232,1
GBP,INR,0.2,0.02158607680902047,1281.5520445176073,27.663680867714294,0
EUR,INR,0.15,0.025715630821030414,144.99884140253036,3.7287366749846105,0
KRW,INR,0.3,0.021739295458710818,1567.0093351295839,34.06567892294002,0
USD,INR,0.15,-0.0039320075090675186,115.79189330979148,-0.45529459398324507,0
EUR,INR,0.15,0.0010414961994694438,305.80566950591816,0.31849544256662254,0
USD,INR,0.15,0.09739694474000248,114.88284269344683,11.189237881388038,0
THB,INR,0.35,0.007885925021404797,296.8616108196494,2.341028404657206,0
KRW,INR,0.3,-0.007115745644000101,1717.7158945568578,-12.222829394322698,0
EUR,INR,0.15,0.038155002179728524,478.93490214971564,18.273762235470468,0
THB,INR,0.35,0.006580515114722567,691.6573630473017,4.551461731741923,1
THB,INR,0.35,0.022009037308632434,1556.3603284347373,34.25399253419556,1
EUR,INR,0.15,0.05941101461288714,101.78981662369787,6.047436282873617,0
USD,INR,0.15,0.005455618102926668,818.9390888151919,4.467818918134431,0
KRW,INR,0.3,0.0452762725264806,408.9152782176562,18.514159576824238,0
KRW,INR,0.3,-0.02546771343868684,859.5208285090445,-21.89003015505104,0
THB,INR,0.35,-0.0007524800940486385,737.7657620328993,-0.5551540500003814,0
GBP,INR,0.2,-0.03,844.4941222227092,-25.334823666681274,1
USD,INR,0.15,0.04089455479555385,183.96317181956687,7.523092010339165,0
KRW,INR,0.3,-0.03,2973.13858814274,-89.1941576442822,0
AED,INR,0.4,-0.0026044957751917876,603.1541438155537,-1.5709124193570294,0
GBP,INR,0.2,0.0705601384697485,1861.8567628871199,131.37287100015288,0
EUR,INR,0.15,-0.00828783509740825,194.8374042574367,-1.6147802772927036,0
AED,INR,0.4,-0.004844883056408112,208.7403429351746,-1.0113225506754462,0
USD,INR,0.15,0.0266578125227303,1158.7644086182258,30.89012436295711,0
KRW,INR,0.3,0.039852735076184316,204.91625072809725,8.16647305307182,0
USD,INR,0.15,0.0010347670135614443,247.4304147996034,0.256032831386455,0
GBP,INR,0.2,0.02763413025571127,270.06123556928543,7.462907360739959,0
GBP,INR,0.2,-0.004960648383589009,875.0594553507528,-4.340862272729991,0
KRW,INR,0.3,0.02200761632533247,335.8751655483249,7.391811776595061,0
THB,INR,0.35,0.0018806631680206229,10514.123959138064,19.773525673954126,0
THB,INR,0.35,0.03629869044307297,200.8035862005738,7.288907215353547,0
AED,INR,0.4,0.027826529523165104,2105.200956384307,58.580436565023334,0
USD,INR,0.15,0.03704855149352123,2196.540634492162,81.37864880459466,0
USD,INR,0.15,-0.00044449493579449585,2060.4625631526064,-0.9158651747154801,0
KRW,INR,0.3,-0.003957543848650763,177.64992857883942,-0.7030573820604334,0
GBP,INR,0.2,0.0284343283815206,2615.888993076528,74.38104663874327,0
AED,INR,0.4,-0.03,607.9841874547413,-18.23952562364224,0
EUR,INR,0.15,-0.00781235482020594,3764.2520649976395,-29.407672764454475,0
USD,INR,0.15,0.016401371607081484,451.2919379317156,7.401806777298019,0
THB,INR,0.35,-0.027946843667020237,433.358339230038,-12.110997758261394,0
USD,INR,0.15,0.01766024637463032,6069.15614308487,107.18279277297991,0
USD,INR,0.15,0.005480987755110992,64.19872101978521,0.35187240380322937,0
AED,INR,0.4,0.020513627730702998,462.4106524595454,9.485719983266597,0
THB,INR,0.35,0.020900053559322125,197.45014795136407,4.126718667479587,1
GBP,INR,0.2,-0.00623479234359363,1679.940653994936,-10.474081127219304,0
USD,INR,0.15,0.010676351017223785,751.6214811225361,8.024574764549836,0
EUR,INR,0.15,0.011743671221026226,308.6730317750897,3.624954599964035,0
GBP,INR,0.2,0.0008374736121974629,143.1437874442884,0.11987914473459403,0
GBP,INR,0.2,-0.005731584842319717,4190.072231963947,-24.015754492949306,0
GBP,INR,0.2,-0.006840578525835061,502.68274903213893,-3.4386408183369848,0
THB,INR,0.35,-0.0008059459791156694,546.7627786276402,-0.4406612629650574,0
EUR,INR,0.15,0.027523142885927575,1856.0095124554912,51.08321500895326,0
GBP,INR,0.2,0.021834312600649008,3303.662817351725,72.13320668119837,0
EUR,INR,0.15,-0.0026768903880876414,89.82453333403292,-0.24045042989633067,0
THB,INR,0.35,0.07417199346356954,632.1945696659362,46.891131488965975,1
KRW,INR,0.3,0.004239982144855816,219.4051952422059,0.9302741103155574,0
AED,INR,0.4,0.012863315693268255,1042.4998144529245,13.410004223481549,1
THB,INR,0.35,-0.010712885903437495,300.26296041683474,-3.2166828359739195,0
THB,INR,0.35,0.030029100495598073,8375.341771761312,251.50397974920085,0
GBP,INR,0.2,-0.008043438833431333,822.3655848150192,-6.614647280178594,0
AED,INR,0.4,0.007084251689990139,279.30230464950193,1.978647823731375,0
EUR,INR,0.15,0.047464564300296705,2972.9446369924513,141.10952188375046,0
GBP,INR,0.2,-0.012622866301400264,3812.6230620992064,-48.126231170513556,0
USD,INR,0.15,0.030469441093871515,4211.264770455929,128.31488385410327,0
THB,INR,0.35,0.06388331870476543,205.80424488133303,13.14745816654779,0
USD,INR,0.15,0.004627241121248045,927.184096027606,4.290304376106135,0
GBP,INR,0.2,-0.0025855263331707717,561.1948816462867,-1.450984144537129,0
THB,INR,0.35,0.006411237410549719,1232.8769577420132,7.904266874080321,1
EUR,INR,0.15,0.02805969820820417,227.36593614869204,6.379819551158118,0
GBP,INR,0.2,0.029746312518003668,561.6542813502994,16.707143780120763,1
USD,INR,0.15,0.07226196227299389,950.9175048055057,68.71516485698494,1
EUR,INR,0.15,0.05373959760513552,3490.306711996677,187.56767822120506,0
THB,INR,0.35,-0.013942706222243454,1450.9211061970773,-20.229766735358343,0
THB,INR,0.35,0.008146822339248903,497.41313036042504,4.052336402256038,0
GBP,INR,0.2,0.052625353680175756,463.60645051690307,24.397453426862924,0
KRW,INR,0.3,-0.03,3071.701566294545,-92.15104698883634,0
KRW,INR,0.3,0.006648835418570115,37.009955781263216,0.24607310483817665,0
AED,INR,0.4,0.01825727157832852,33.573104524535346,0.6129532870320518,0
USD,INR,0.15,0.0053739819334799,316.2500474160773,1.6995220412761611,0
THB,INR,0.35,0.03912616737225802,2414.1948993435317,94.45819370096662,1
EUR,INR,0.15,0.017595464890121894,1581.0982921524715,27.820159487400502,0
USD,INR,0.15,-0.02346514499308122,1527.6751479853028,-35.847118849801944,0
EUR,INR,0.15,0.09151227701728558,624.2336850280163,57.125045907804825,0
USD,INR,0.15,-0.001976276434043845,79.18562653928252,-0.15649268764458094,0
THB,INR,0.35,0.001738659273818166,4681.488334469269,8.139513107996555,1
USD,INR,0.15,-0.0023280705599943007,3760.6925346169974,-8.755157575032179,0
KRW,INR,0.3,0.04719317589145667,736.8155441519507,34.77266557472237,0
EUR,INR,0.15,0.013392964763699966,810.6952169799406,10.857612475112443,0
EUR,INR,0.15,0.007396896144386936,1695.4552970039247,12.541106749388737,0
KRW,INR,0.3,-0.02377685915520053,136.0538076408859,-3.23493222180609,0
EUR,INR,0.15,-0.0023187388194988133,1317.244218855147,-3.05434530501982,0
AED,INR,0.4,0.012147325157333261,46.3786652434157,0.5633767270748813,0
THB,INR,0.35,-0.0018674442409264726,2297.8799557789825,-4.2911626897598385,0
THB,INR,0.35,0.033045037549431305,1187.0487511402257,39.226070554434294,0
USD,INR,0.15,-0.03,185.14889499363147,-5.554466849808944,0
GBP,INR,0.2,-0.03,403.4113979047692,-12.102341937143077,0
AED,INR,0.4,0.012802623670612927,5396.829917799767,69.09358245189532,0
GBP,INR,0.2,-0.014706721454420224,78.31618666385108,-1.151774342637638,0
KRW,INR,0.3,0.017838449182087886,230.96811480566507,4.120112978643497,0
USD,INR,0.15,0.07066791215863806,1118.2852792415476,79.02688588173973,0
GBP,INR,0.2,0.031462403840458286,226.12019222022502,7.1142848041147735,1
GBP,INR,0.2,0.012813767875205715,1134.6086139691809,14.538611408609972,0
AED,INR,0.4,0.023409446315042593,1032.6451629734884,24.173651505116286,0
USD,INR,0.15,-0.011707318296909163,1263.391314006184,-14.790924246620708,0
KRW,INR,0.3,0.06590749052120602,3502.97163498912,230.872069829099,0
AED,INR,0.4,0.016295918765590472,221.34849720673355,3.6070771293664596,0
AED,INR,0.4,0.020837242936213064,252.83040538346899,5.268288578636574,0
AED,INR,0.4,0.006697824862021412,822.3003782462539,5.507623917467371,0
THB,INR,0.35,0.0234328914386051,3298.491069244949,77.29318313682535,0
USD,INR,0.15,0.15172775818604914,175.149442923614,26.57503232233532,1
AED,INR,0.4,0.08223834755877941,1021.3760435968442,83.9962780615283,1
GBP,INR,0.2,0.041112451900526446,779.322620517301,32.03986375100976,0
THB,INR,0.35,0.00136517113324882,478.24420470534477,0.6528851829072762,0
GBP,INR,0.2,-0.022981179864969184,521.3508518290438,-11.981257698638153,0
KRW,INR,0.3,0.0018522171824951455,656.8252673419992,1.2165830460678184,0
GBP,INR,0.2,0.0031074451769783403,2056.6533896014794,6.390937656233272,0
THB,INR,0.35,0.013865210738019449,2740.935165894553,38.00364369437627,0
THB,INR,0.35,0.10200276347494014,368.6018495498082,37.59840727605456,1
EUR,INR,0.15,-0.03,1399.1969377911469,-41.97590813373441,0
USD,INR,0.15,0.08465871796858783,3974.754118055624,336.49758787495415,1
GBP,INR,0.2,-0.0013140417300340716,569.1296479309484,-0.7478601071808655,0
USD,INR,0.15,0.03775294016665794,409.3109048656156,15.452690100952207,0
THB,INR,0.35,-0.009078109706691454,896.6942220622135,-8.140288521237123,0
THB,INR,0.35,0.045885894645983805,46.93567620788414,2.1536854936129806,0
AED,INR,0.4,0.038157413983103676,1682.2798156423355,64.19144736088393,0
USD,INR,0.15,0.045084249253129774,1536.8404423346622,69.28729756450612,0
EUR,INR,0.15,0.07038014407992665,1159.589977937777,81.61210972089971,1
THB,INR,0.35,-0.021541227645981632,7242.85630680164,-156.02001651194792,0
KRW,INR,0.3,0.05661562642057698,2519.751375333888,142.65730253863845,0
KRW,INR,0.3,0.05101333927230925,302.8704641985035,15.450433745720051,0
USD,INR,0.15,0.09618738000799452,936.747537154568,90.1032913278394,1
GBP,INR,0.2,-0.024309365007485144,690.3880821043551,-16.78289588469239,0
THB,INR,0.35,0.005855720059963626,181.61753415831427,1.06350143801197,0
KRW,INR,0.3,0.0487788761148926,49.41939645405801,2.4106226173052585,0
THB,INR,0.35,0.01429598349483828,1291.9415766148106,18.469575455580678,0
THB,INR,0.35,0.006349084856455042,3128.9479271177547,19.86595590069973,0
GBP,INR,0.2,-0.028148242969314896,1396.1165390844008,-39.29822755562673,0
AED,INR,0.4,0.027815712096160725,1654.83364061624,46.030376114422836,0
GBP,INR,0.2,0.02848264602080742,1771.5443993428746,50.458272036626994,0
THB,INR,0.35,0.01874125118249234,101.72129529156447,1.9063843456676852,0
GBP,INR,0.2,0.026978569385954887,462.91590208007614,12.488808784129231,0
USD,INR,0.15,-0.0009869635045952757,4719.343711450993,-4.657820008843348,0
AED,INR,0.4,-0.0017287257506452582,1441.664886041285,-2.492243212300631,0
GBP,INR,0.2,0.02506165239252251,2322.0891902897088,58.19539211147474,0
USD,INR,0.15,-0.015417078214412431,496.26171143451035,-7.650905620004018,0
EUR,INR,0.15,0.002602039474577879,2488.0458093778793,6.473993410559311,0
GBP,INR,0.2,-0.02003258374419585,1525.7744158594448,-30.565203760455834,0
GBP,INR,0.2,0.0683856108253459,1189.1463107294899,81.32049681994275,1
EUR,INR,0.15,0.07353829822412208,2463.101261190275,181.13227510162167,1
USD,INR,0.15,-0.03,106.36913044638027,-3.191073913391408,0
USD,INR,0.15,0.05421929458148552,368.4952353757,19.979551718708922,0
USD,INR,0.15,0.03636483790567648,844.4480296610153,30.708215718390708,0
USD,INR,0.15,0.01919123232478554,53.51533192148668,1.0270251678432627,0
USD,INR,0.15,0.0024740972469774036,19.791614984200564,0.048966380145647345,0
GBP,INR,0.2,0.027295245545843214,4522.622700135668,123.44609711140751,0
USD,INR,0.15,-0.0009402064189241582,2369.638274998803,-2.227949116682244,0
GBP,INR,0.2,0.05906467976326987,668.0979578124881,39.46099192868919,0
THB,INR,0.35,-0.0085621058134596,371.5312568732314,-3.181089934356247,0
EUR,INR,0.15,-0.023020594346973927,9735.559419827232,-224.11836414470355,0
GBP,INR,0.2,0.1143956147250171,1853.3890699950862,212.01958198671562,1
EUR,INR,0.15,0.024740238667300685,916.2547998673718,22.668362428778604,0
EUR,INR,0.15,-0.017579568932705826,457.1212694227864,-8.035994866423865,0
AED,INR,0.4,-0.006182885208250931,865.0532173615863,-5.34852474197483,0
USD,INR,0.15,-0.0016451392279540709,555.0147811641377,-0.9130765885874671,0
AED,INR,0.4,0.014875624600703168,267.752090602045,3.982979585849484,0
EUR,INR,0.15,0.030855710164988732,4781.112764449549,147.52462972598335,0
AED,INR,0.4,-0.015325737740253748,3985.513508338253,-61.080934789030685,0
THB,INR,0.35,0.0172163482701871,727.5855026143103,12.526365409347093,0
AED,INR,0.4,0.041924962463934984,525.442150663043,22.029142443517348,1
EUR,INR,0.15,0.004853514227991491,271.5390566661333,1.3179186749844658,0
KRW,INR,0.3,0.007599314867016166,144.49520425445033,1.098064553903382,0
KRW,INR,0.3,-0.03,381.694738928281,-11.45084216784843,0
USD,INR,0.15,-0.015373370157741045,266.82055084297946,-4.101931093801488,0
EUR,INR,0.15,-0.025374396796901205,139.7879826157935,-3.547035738331472,0
AED,INR,0.4,0.08082603130424476,340.7306683334062,27.53990766503213,1
KRW,INR,0.3,0.00921402074063059,240.2993983444855,2.2141236403071414,0
USD,INR,0.15,0.0010092581886884389,954.634750419184,0.9634729390671055,0
GBP,INR,0.2,-0.016995978844712975,172.20570291307328,-2.926804483649521,0
EUR,INR,0.15,-0.011166156221659057,645.7492452131366,-7.210536952068306,0
KRW,INR,0.3,0.007080852105118834,310.2351599277885,2.1967292852565596,0
THB,INR,0.35,0.08204702017162029,57.55161526978096,4.721938538949049,1
EUR,INR,0.15,-0.0003530291986386432,1749.4701930595795,-0.6176140602980158,0
AED,INR,0.4,0.003027915146231087,1833.880633601824,5.552834946862825,0
USD,INR,0.15,0.06264587063371221,414.9900620017014,25.997413738434798,0
EUR,INR,0.15,-0.0006112175785620375,2305.3557596467244,-1.4090739651353175,0
USD,INR,0.15,0.019337029693304014,284.13739423794794,5.494373229357228,0
USD,INR,0.15,0.003915400515624548,464.1436823229195,1.8173084130910353,0
THB,INR,0.35,0.05322786920173835,727.1516791917637,38.70473446984361,0
EUR,INR,0.15,-0.02083172065742192,1469.780095018071,-30.618048367255504,0
THB,INR,0.35,-0.006743295812209843,411.0511254951421,-2.771839333155534,0
EUR,INR,0.15,0.05892973431737864,2717.965878115372,160.1690070810396,1
GBP,INR,0.2,0.019509536205407782,529.0010504732033,10.320565146905711,0
GBP,INR,0.2,0.10262857033069454,359.3023959872663,36.87469121656622,1
USD,INR,0.15,0.0409559485161608,232.2022795937172,9.510064608375458,0
AED,INR,0.4,0.022999976894945262,205.73632219409535,4.731930656915207,0
THB,INR,0.35,0.1467786296548469,10103.288401223708,1482.9468265393248,1
GBP,INR,0.2,0.04373312657364611,4884.045818208067,213.59459395918037,0
THB,INR,0.35,-0.00593269367571987,1152.932579134879,-6.839995820764895,0
THB,INR,0.35,-0.00590723864195203,218.4329818082836,-1.2903357508146978,0
KRW,INR,0.3,0.013552306140508624,1325.627901371399,17.965315147785173,0
USD,INR,0.15,0.008260544776969346,1935.2369924073323,15.986111829828255,0
THB,INR,0.35,0.031613247713519886,4116.110313526814,130.12361495769719,0
GBP,INR,0.2,-0.003156196412935528,3519.257588011133,-11.107468175476876,0
GBP,INR,0.2,0.0382745868283803,1636.530568629671,62.63753134631493,0
THB,INR,0.35,0.02920518041579343,861.3283637240744,25.15525025980174,0
KRW,INR,0.3,0.01762766833101823,223.2916375094993,3.936110927107403,0
GBP,INR,0.2,0.03999095197964785,511.636650546259,20.460836723023313,0
THB,INR,0.35,-0.009434751896472618,1528.4197360912578,-14.420261003693174,0
EUR,INR,0.15,0.01622946679284743,227.64971715736172,3.694633525006512,0
USD,INR,0.15,0.10274324810234362,370.7063993264349,38.08757955912237,1
GBP,INR,0.2,0.12693432934708795,1876.164957551496,238.14974063130688,1
THB,INR,0.35,0.08399277085765715,6113.963912251549,513.5287699137294,1
GBP,INR,0.2,0.038047642774553365,249.11516096072512,9.478244653959031,0
USD,INR,0.15,-0.007970809690218258,1626.20828010947,-12.96219671740973,0
USD,INR,0.15,-0.020823408849770755,199.5738219842538,-4.155807290889484,0
USD,INR,0.15,0.05248736131678365,2425.0418167632074,127.28404604475992,0
GBP,INR,0.2,0.04456604839160482,4875.8561444166035,217.29764088257406,0
EUR,INR,0.15,-0.014067175802698834,204.960107369733,-2.8832098629100633,0
KRW,INR,0.3,0.0217618414029183,6886.926234843275,149.87219647625662,0
EUR,INR,0.15,-0.005099515649230739,504.9915081389716,-2.575212098483318,0
USD,INR,0.15,0.018219007508571135,687.7074289621078,12.529346811960792,0
KRW,INR,0.3,0.018101425705539017,167.79958690847053,3.037411755843817,0
GBP,INR,0.2,0.016607445549385837,1588.013855996825,26.372853645137514,0
KRW,INR,0.3,0.03728311978500695,438.7878181520668,16.359378784365354,1
USD,INR,0.15,0.026787921771130693,5414.500099790513,145.0432051029676,1
KRW,INR,0.3,0.041776791241856556,284.7070606923284,11.89414743962599,0
EUR,INR,0.15,-0.017610281937789615,2015.7861563001625,-35.49856253873911,0
THB,INR,0.35,0.01363364506876587,1393.708845703465,19.001331731520416,0
EUR,INR,0.15,0.01881262420892199,335.48537382453895,6.311360265350766,0
THB,INR,0.35,0.07117904317584532,776.798602385056,55.291781258102205,1
GBP,INR,0.2,-0.02022585992472964,499.69314160138197,-10.106723487377645,0
THB,INR,0.35,-0.0002764447966760869,568.4201996782101,-0.1571368065266235,0
EUR,INR,0.15,0.023586984466752326,845.3684099618118,19.939691554452367,0
EUR,INR,0.15,0.05741031014431956,865.875547031064,49.710183701435746,0
KRW,INR,0.3,0.030354237083308803,281.85135354910125,8.555382807880909,0
KRW,INR,0.3,-0.01570241019554825,591.9713028004579,-9.295376220565892,0
AED,INR,0.4,0.018061672525043676,508.93461850366174,9.192210416071172,0
KRW,INR,0.3,0.01180092153209362,515.6092628648324,6.0846644522885205,0
EUR,INR,0.15,0.017324705208374484,1046.4276534649687,18.129050618171632,0
AED,INR,0.4,0.10788454326981034,433.742763034095,46.79413988651891,1
KRW,INR,0.3,-0.0007678675115072812,558.2060379934012,-0.4286282813023318,0
EUR,INR,0.15,0.007329340250980559,773.6973259297481,5.670690953012928,1
AED,INR,0.4,0.022150907235440928,103.87987809475298,2.3010335433057856,0
GBP,INR,0.2,0.003666741721126344,793.1160398702731,2.908151673086835,0
USD,INR,0.15,0.0388390857164965,356.9766684505346,13.864647424739665,0
THB,INR,0.35,0.017069717412091914,469.25536473575755,8.010056470147502,0
GBP,INR,0.2,-0.022244139544126497,916.3371664883465,-20.383131800836253,0
AED,INR,0.4,0.028763402885882645,1537.4262074318244,44.22160941167615,0
AED,INR,0.4,0.05502973354396656,267.5689908371945,14.724250270398844,1
KRW,INR,0.3,-0.027091457369454647,301.90183208166013,-8.17896061360055,1
GBP,INR,0.2,-0.028394756714375448,2462.418367858421,-69.91977048434933,0
THB,INR,0.35,0.006629978212319754,284.8968843209986,1.888860135806002,0
USD,INR,0.15,0.011905955692039356,536.0570895846864,6.382271956998848,0
USD,INR,0.15,-0.03,2624.3907994831716,-78.73172398449515,0
EUR,INR,0.15,-0.029033808394432495,3483.547463769891,-101.14064959600628,0
USD,INR,0.15,0.049901212284888904,433.50950583524616,21.632649878201903,0
GBP,INR,0.2,-0.003888669487171665,850.0259155683892,-3.3054698411759533,0
GBP,INR,0.2,0.07111086414375613,446.1108727523771,31.723329665346764,1
GBP,INR,0.2,0.06346741765731934,107.68739520909271,6.834640888164296,1
KRW,INR,0.3,0.010356104100342801,100.32129137109773,1.0389377369199102,0
USD,INR,0.15,0.032351239933119856,366.48112205537456,11.856118710572405,0
EUR,INR,0.15,0.04426024234959666,3697.2676854898746,163.6419637911142,0
USD,INR,0.15,0.052320162592677244,597.823977956497,31.278247728485017,1
AED,INR,0.4,0.029378887350869583,1291.6142905206132,37.946190741978434,0
AED,INR,0.4,8.137552514065997e-05,483.5086302433161,0.039345768696091035,0
AED,INR,0.4,0.026366915437057832,376.9384621677953,9.938704556952882,0
KRW,INR,0.3,0.026823580112375983,80.03667033738584,2.1468700387226956,0
USD,INR,0.15,0.023453324114211645,1801.9227157222597,42.26107748059461,0
EUR,INR,0.15,-0.00805906848722499,299.5126185888849,-2.41379270599592,0
GBP,INR,0.2,-0.016796420055811966,540.2677499267389,-9.074564070377882,0
GBP,INR,0.2,0.011835862981027971,444.231402854918,5.257862016060647,0
GBP,INR,0.2,0.021087543014613123,166.96061370049546,3.520789123155403,0
AED,INR,0.4,-0.03,3021.7207178145513,-90.65162153443654,0
EUR,INR,0.15,-0.0012061126647735856,7167.39159207798,-8.644681772596964,1
KRW,INR,0.3,0.005143271700537017,268.5535135857641,1.3812436865054438,0
THB,INR,0.35,0.04389939936407966,212.07293586793676,9.30987450597941,1
KRW,INR,0.3,0.07719226828941987,432.8385281734394,33.41178779276176,1
EUR,INR,0.15,0.054460764150860326,644.8479663601191,35.11891300910036,1
USD,INR,0.15,0.05361536525611614,690.4138222783071,37.016789259322685,1
EUR,INR,0.15,0.030582736302604593,188.69744474647655,5.7708841936567925,0
EUR,INR,0.15,0.011033140806765462,1131.8429999682314,12.487783189801334,0
USD,INR,0.15,0.04910673797365077,1089.2361892525319,53.488836137041964,0
GBP,INR,0.2,0.05357179386241366,244.27238453683637,13.08610983068764,1
USD,INR,0.15,-0.007690647370550653,282.9842841291711,-2.1763323406451685,0
AED,INR,0.4,0.06496248971610945,363.32459447090406,23.60247023192574,1
AED,INR,0.4,0.08370758325902478,262.42333249640353,21.96682295405344,1
AED,INR,0.4,0.030112526398723985,1996.7973859127087,60.12861399619948,0
EUR,INR,0.15,-0.026440191974887686,920.8023052320185,-24.346189721253698,0
AED,INR,0.4,-0.005162584705393493,1149.5030921610064,-5.934407082392939,0
EUR,INR,0.15,-0.01611435549641789,82.74969345236507,-1.3334579775110145,0
KRW,INR,0.3,0.05661817154947886,403.76768945274677,22.86058830757232,1
KRW,INR,0.3,0.013900382801869518,1687.8882943144813,23.462293417765892,1
GBP,INR,0.2,-0.008420042633034466,428.34208585414837,-3.606658624414839,0
USD,INR,0.15,0.029032639085236317,168.16056920449702,4.882145114082067,0
THB,INR,0.35,0.026608630255947466,759.2346914427704,20.20219518208904,1
AED,INR,0.4,0.0326930304808888,3283.5810352050853,107.35021487042825,1
KRW,INR,0.3,0.06860638894195166,19.226891137577866,1.3190875715292305,1
EUR,INR,0.15,0.025130592525456387,2536.4480019040748,63.74244119785933,0
THB,INR,0.35,0.0008293083523230535,4013.150406942501,3.328139151606077,0
KRW,INR,0.3,0.02781780072153328,69.42310591306303,1.9311981257594861,0
GBP,INR,0.2,0.0015498083968787796,351.42830425345096,0.5446465368328688,1
USD,INR,0.15,-0.013807909518469925,295.18604950928574,-4.0759022627388015,0
KRW,INR,0.3,0.017089750288070825,13308.808768894414,227.44421849209283,0
USD,INR,0.15,0.044141294620675064,1946.2665323514066,85.91072441488305,1
KRW,INR,0.3,-0.015156733858137128,440.19979979139976,-6.671991209843494,0
AED,INR,0.4,0.005973462424654955,1081.4398775513457,6.459940473076419,0
THB,INR,0.35,0.029035544184924808,146.6461036273374,4.257949421418617,0
AED,INR,0.4,-0.011171274153134117,2979.595065947021,-33.2858733470199,0
KRW,INR,0.3,-0.014997498156592513,500.38345470404164,-7.5044999395132574,0
KRW,INR,0.3,0.053503388622872766,452.1222186901896,24.190070771616682,1
EUR,INR,0.15,0.02723512341950668,2509.8175520603104,68.35519079080669,0
EUR,INR,0.15,0.09526053906183195,147.53903700087162,14.0546481973666,1
GBP,INR,0.2,0.019635814293531555,3096.386483655561,60.80006997406177,0
EUR,INR,0.15,-0.009327086389262032,665.5408897126764,-6.207557373936448,0
GBP,INR,0.2,0.01658922683838711,449.2308640788252,7.452392707008278,0
KRW,INR,0.3,0.02103267879248115,275.94803347209637,5.80392635143544,0
EUR,INR,0.15,-0.029803588194858198,1898.8662958772768,-56.59302911942212,0
AED,INR,0.4,0.007108660786294228,900.6420634939668,6.402358919246678,0
AED,INR,0.4,0.026316160179426958,169.8261135566631,4.469171207006698,0
USD,INR,0.15,0.03912580262098643,149.19994304930768,5.837567522809628,0
GBP,INR,0.2,0.0670801169735201,497.97839882965405,33.40444924377944,1
THB,INR,0.35,0.015786148063139306,1444.8885149276334,22.809224031377088,0
AED,INR,0.4,-0.02370383935045664,2012.385715231761,-47.701267705007446,0
GBP,INR,0.2,0.014587162600621921,267.88895959763374,3.9077398125621197,1
GBP,INR,0.2,0.1066266188766275,872.9780303163418,93.08269572620955,1
GBP,INR,0.2,-0.0009089867179560111,36.986685912656704,-0.03362040623581565,0
EUR,INR,0.15,0.10964859708018129,33.603479298471065,3.684574362090267,1
KRW,INR,0.3,0.05683690891085455,2149.052269977607,122.14548811338246,1
KRW,INR,0.3,0.006972582788355153,59.85144495661544,0.4173191549626826,0
EUR,INR,0.15,-0.009807459805102654,412.02390743254983,-4.0409079108860695,0
USD,INR,0.15,-0.009728540709815056,1007.0052434061382,-9.796691505473836,0
EUR,INR,0.15,0.02330015497054858,1026.5852410579573,23.919595207128374,0
GBP,INR,0.2,0.01294711265258388,541.5193547442713,7.011112089428613,0
AED,INR,0.4,0.043915787059338525,82.62117739105413,3.628374032897368,1
AED,INR,0.4,-0.008483765484162206,279.7385336536338,-2.373236116400846,0
KRW,INR,0.3,-0.01454112675438055,186.75095540349207,-2.7155693140238477,0
AED,INR,0.4,0.014903286475597684,224.7790798035163,3.3499470200330372,0
GBP,INR,0.2,0.0733069429203688,536.1812209183596,39.305806156835835,1
KRW,INR,0.3,-0.017304090817952242,1811.121583223493,-31.33981235845277,0
GBP,INR,0.2,-0.017590946781234948,782.7069893233257,-13.768556994487254,0
USD,INR,0.15,-0.007482955195691551,2683.6952378825517,-20.081971223965912,0
USD,INR,0.15,-0.015659230191647305,2910.268684256783,-45.5725672463195,0
GBP,INR,0.2,0.015078730039780188,1207.2866572137996,18.204349584755526,0
KRW,INR,0.3,0.015450627303314125,205.49524699745038,3.1750304739600868,0
THB,INR,0.35,0.005465364922267854,367.51891788715375,2.00862500209029,0
EUR,INR,0.15,0.05995986238235877,279.6442916013064,16.767433240426538,1
USD,INR,0.15,-0.018833310080143627,87.81100052120335,-1.6537718012634763,0
GBP,INR,0.2,-0.03,130.77300007433934,-3.92319000223018,0
AED,INR,0.4,-0.0031469918973800973,823.2831004732152,-2.5908652464391726,0
THB,INR,0.35,0.020012034662658218,778.4293404628498,15.577954943772726,0
THB,INR,0.35,0.06636176391199171,85.52668442179429,5.675701639774531,1
KRW,INR,0.3,-0.010834338969885874,430.993799336192,-4.669532915927277,0
AED,INR,0.4,0.012713031901808905,402.8619756319351,5.121597148234552,0
GBP,INR,0.2,0.13577696237323109,2775.700184833253,376.87613955547516,1
THB,INR,0.35,0.04846963020177568,358.89037515659294,17.3952837668166,1
EUR,INR,0.15,0.013097935658566118,257.22438036038636,3.3691083837748788,0
GBP,INR,0.2,0.09717056618784381,813.2358249179047,79.02258555151101,1
EUR,INR,0.15,-0.03,909.2507477287787,-27.27752243186336,0
THB,INR,0.35,0.008853468515774461,245.29831234003538,2.171740885275113,0
EUR,INR,0.15,-0.024798656017578913,197.69983240813136,-4.9026901386222494,0
AED,INR,0.4,0.07958519715286634,250.57632901563466,19.942166546550787,1
GBP,INR,0.2,0.019967379590555945,369.781732866682,7.383572225802596,0
GBP,INR,0.2,0.03935317457469853,1831.9566342938047,72.09330924264124,1
GBP,INR,0.2,0.002577578716987391,722.4400332196855,1.862146053926725,0
EUR,INR,0.15,0.08942570687453422,853.5149078643161,76.32617396371941,1
EUR,INR,0.15,0.003383932842481876,129.58097640206054,0.43849332180780165,0
USD,INR,0.15,0.03853660794930627,339.95187865824244,13.100592269482828,0
GBP,INR,0.2,0.008572584729098665,1604.1899049370888,13.752053881637925,0
THB,INR,0.35,0.07968204137319584,417.6483745755845,33.27907506237972,1
EUR,INR,0.15,0.009626580566980871,445.047856764223,4.284289049302956,0
KRW,INR,0.3,0.06509324192188842,318.3186490118341,20.720392828376006,1
KRW,INR,0.3,0.013927717362582987,2918.0088080692212,40.64120194031578,0
KRW,INR,0.3,0.017428595852171526,516.8742995685668,9.008393273554786,1
USD,INR,0.15,0.023873504989183433,116.943654927121,2.791854929355969,0
EUR,INR,0.15,-0.03,7813.172961461675,-234.39518884385024,0
KRW,INR,0.3,0.03453146758003215,672.7395342577985,23.230683417029095,1
AED,INR,0.4,0.015005989336536978,671.782837087571,10.080766089804648,0
THB,INR,0.35,0.014382169473348097,133.74426058600463,1.9235326218355489,0
AED,INR,0.4,0.03279413307105007,83.09124701221329,2.724905411558014,0
THB,INR,0.35,0.05680101548718099,603.6205684234949,34.28626125540393,1
KRW,INR,0.3,-0.013083348609219706,1210.89137103509,-15.842513935148089,0
USD,INR,0.15,0.0342549206671325,156.65991016918605,5.366372794565573,0
THB,INR,0.35,0.10016387247578633,277.48701385783494,27.79417386974293,1
THB,INR,0.35,0.012759740977692427,1222.8079768190767,15.602713049667544,0
GBP,INR,0.2,-0.021535474793785016,1222.6907308947539,-26.33122541577855,0
KRW,INR,0.3,0.03038752556110657,627.8452953919781,19.078664962144238,0
AED,INR,0.4,0.03951602281130362,313.3196341550604,12.381145810500671,0
USD,INR,0.15,0.0128090531731451,702.5437270653234,8.998919956439266,0
AED,INR,0.4,0.006544650835026672,86.26627381534831,0.5645826409602589,1
GBP,INR,0.2,0.039090182219987016,2424.746076928227,94.78376598432305,1
EUR,INR,0.15,0.040025369029297264,934.0550919149824,37.385899747591345,0
USD,INR,0.15,0.07071422453541859,1704.726086388832,120.54838324428526,1
GBP,INR,0.2,0.013931460919632458,670.1178729894298,9.335720959099469,0
EUR,INR,0.15,-0.015026555334610824,473.22850428855173,-7.110994305607038,0
EUR,INR,0.15,-0.03,6373.671275265454,-191.21013825796362,0
AED,INR,0.4,-0.004544550834801351,162.60826770401837,-0.7389815387398982,0
USD,INR,0.15,0.02630304678638841,779.619042111169,20.506356140209395,0
KRW,INR,0.3,0.007414219392742902,150.37568912105937,1.1149183504784361,0
USD,INR,0.15,0.026973674694055823,250.91573892442202,6.768119517365999,0
USD,INR,0.15,0.018271282615389444,3794.0970337872986,69.32301917453853,0
GBP,INR,0.2,-0.003627749755583427,4136.3815474826815,-15.005757147880095,0
AED,INR,0.4,0.003446371403302357,12454.100568585252,42.92145605342384,0
EUR,INR,0.15,0.055237872962965166,113.39930531734038,6.263936421207748,0
THB,INR,0.35,0.03163023516311221,82.82128467772557,2.619656710867522,1
USD,INR,0.15,0.02601357337686934,771.0042161664993,20.05657475112286,0
AED,INR,0.4,0.015819668573504093,268.2403018836127,4.243472673855439,0
THB,INR,0.35,0.0009310866800110972,343.1360546455972,0.31948940991207553,0
THB,INR,0.35,0.09276731533529825,830.287779501801,77.02356826008815,1
KRW,INR,0.3,0.0210519759200252,2879.45780781646,60.61827643288066,0
GBP,INR,0.2,-0.021751527217800798,938.5602246659159,-20.415118272365902,0
KRW,INR,0.3,0.04232329720868987,3066.8587169042667,129.79957297260054,1
THB,INR,0.35,-0.028899250657947677,6218.573327335925,-179.7121093215086,0
THB,INR,0.35,0.007879875373530507,744.6759232183763,5.867953468629578,1
EUR,INR,0.15,0.10311188803213224,92.89282149605327,9.578354209089891,1
EUR,INR,0.15,0.03670948334235041,1373.2631767862729,50.41178171289889,0
EUR,INR,0.15,0.02655293228705069,65.72793153736254,1.745269315479491,0
AED,INR,0.4,0.05758231719317901,1644.005826631694,94.66566497654065,0
KRW,INR,0.3,6.218402725344414e-05,455.3476295715358,0.02831534940706757,0
USD,INR,0.15,0.071765073705918,506.24892150394965,36.330991165272444,1
AED,INR,0.4,0.04625192312182845,129.60693638563274,5.994570057763996,1
AED,INR,0.4,0.08771287444812147,1707.822440097483,149.79801526795498,1
KRW,INR,0.3,0.014442761125754967,1429.1087215860045,20.640275888599724,0
AED,INR,0.4,0.03510941586907831,286.9637228034408,10.075128683244914,0
THB,INR,0.35,0.04594373012700047,552.5551276266609,25.386443663969608,1
AED,INR,0.4,0.02327741505711519,4661.059254310845,108.49741086840136,0
KRW,INR,0.3,-0.014856917792223862,424.13131245129455,-6.301284042196896,0
USD,INR,0.15,-0.010858076137289554,1663.7605950900656,-18.06523921571011,0
USD,INR,0.15,0.0887509050238692,702.5662586940224,62.353391298328305,1
THB,INR,0.35,0.02053865208841403,916.1518037438215,18.81652315726732,0
GBP,INR,0.2,0.055669356196508514,1152.1289052461927,64.13827441044371,1
USD,INR,0.15,0.00332184160148269,1159.5210710818649,3.851745331715506,0
USD,INR,0.15,0.03475596134262957,328.8629752766813,11.42994885573848,0
KRW,INR,0.3,-0.007516316358613868,1918.2674587593729,-14.418305080469727,0
GBP,INR,0.2,0.013734087056779722,1029.6439638121915,14.141219836484387,0
THB,INR,0.35,0.020110790323347734,1574.872016147889,31.671920902858105,1
USD,INR,0.15,0.009641138335896282,568.9843016464208,5.485656363126481,0
AED,INR,0.4,0.00018643604422566122,1526.210899015668,0.28454072266657127,0
GBP,INR,0.2,0.020047973879348077,279.67941686296217,5.607005643859968,0
GBP,INR,0.2,0.008382784874187038,725.9266071382843,6.085286582088726,0
USD,INR,0.15,0.008461166551620134,632.3053077905165,5.350040520688992,0
THB,INR,0.35,0.03741751580270762,3672.965768916474,137.4332547012363,0
EUR,INR,0.15,0.004258568281789257,65.21720393958692,0.27773191612410625,0
AED,INR,0.4,-0.009132001548583549,37.44979944384729,-0.3419916265153568,0
AED,INR,0.4,-0.0008150276639191465,257.3976762490065,-0.20978622677144457,0
EUR,INR,0.15,0.09265948253193743,509.14617652717595,47.17722125012259,1
GBP,INR,0.2,0.00039404953840823514,1244.103523423129,0.49023841913694294,0
USD,INR,0.15,0.011503424449207307,1009.3955073413504,11.611504958070503,0
GBP,INR,0.2,0.014721158928272849,89.20857447998266,1.31325360268449,0
AED,INR,0.4,0.0353159352411018,550.1634339672948,19.42953620601117,0
AED,INR,0.4,0.006224351153823672,308.9376644878793,1.922936508414722,0
KRW,INR,0.3,0.09484535299007105,5134.8562709942225,487.01725557572695,1
AED,INR,0.4,0.041034808282829724,437.56336899149096,17.95532895815491,0
AED,INR,0.4,-0.01488509007561869,5959.332790847668,-88.70520538235564,0
THB,INR,0.35,0.04049276874725483,1729.0220648002107,70.012890628856,0
THB,INR,0.35,0.02982939220546694,574.5180075053834,17.13752297498148,0
USD,INR,0.15,0.0470296033159726,131.93949755721792,6.205062231824694,1
THB,INR,0.35,0.08434331721378405,21185.637017692316,1786.8669033593087,1
GBP,INR,0.2,0.013735486837729924,470.5627691756146,6.463408722337399,0
THB,INR,0.35,0.023753217838363497,2511.102260348985,59.64675900447641,1
AED,INR,0.4,0.04572144269533919,113.41361451620695,5.185434076974045,0
EUR,INR,0.15,0.017076120503411993,814.6143325493449,13.910452506419144,0
GBP,INR,0.2,0.007337802920486321,385.85012536248746,2.8312921767548733,0
KRW,INR,0.3,0.03174839131120065,2535.6369046506625,80.5023926719708,0
AED,INR,0.4,0.0169339615491169,647.5948212775256,10.966345802920848,0
KRW,INR,0.3,-0.010325359306503247,1786.3610538449775,-18.444819732093187,0
THB,INR,0.35,0.035612473721637165,471.8455426811201,16.803586989403016,0
AED,INR,0.4,-0.02552882850364053,357.60731662882563,-9.129295857864367,0
USD,INR,0.15,0.06404592989723021,174.21919783533738,11.158030531313699,1
USD,INR,0.15,-0.012469180613184966,60.12713127466786,-0.7497360596165159,0
USD,INR,0.15,-0.03,599.8720417072465,-17.996161251217394,0
KRW,INR,0.3,0.04171552561508021,206.2461980052316,8.603668555900144,0
KRW,INR,0.3,-0.013014572350146974,368.3418808711831,-4.79381205818723,0
GBP,INR,0.2,-0.014594847942270553,2184.096904390518,-31.876562210763435,0
THB,INR,0.35,0.06633719599698788,3177.765782666635,210.80407155727818,1
AED,INR,0.4,0.11984398651269496,543.2303167938676,65.10288675913128,1
EUR,INR,0.15,-0.027044457637420923,598.2551561216723,-16.179486226101204,0
EUR,INR,0.15,-0.005980764032003301,228.3620859807252,-1.3657797501067663,0
KRW,INR,0.3,0.03331859020863947,45.607191698576486,1.5195673307717337,0
USD,INR,0.15,0.004121841686272208,129.83094701834148,0.5351426095883983,0
EUR,INR,0.15,0.029759463126071313,3167.291959477145,94.25690827756226,0
GBP,INR,0.2,0.10599531339717248,391.53453826902324,41.500826089642345,1
GBP,INR,0.2,0.00042957025967578326,573.366578073474,0.2463012298324375,0
AED,INR,0.4,0.018750279948379366,303.8503073686646,5.697278325563579,0
KRW,INR,0.3,0.04286949563991259,337.43957395134606,14.465864344241192,0
KRW,INR,0.3,0.04586350521792507,3500.90431355723,160.56374325228842,0
THB,INR,0.35,0.03954727732399904,1184.5162131914137,46.84439117785401,0
THB,INR,0.35,0.0359021912761564,120.59406727631482,4.329591270123928,0
KRW,INR,0.3,0.10331788151291993,1049.1348627090063,108.39439143644263,1
GBP,INR,0.2,0.02151101268949341,609.4661435908533,13.11023394859946,0
KRW,INR,0.3,0.013455428277611009,1525.4813778660778,20.52600526870823,0
GBP,INR,0.2,0.0062514820230222656,119.13029648623764,0.7447409068810271,0
KRW,INR,0.3,0.01832530117790645,39.88640505119645,0.730930385467144,0
AED,INR,0.4,-0.017748820925906225,2634.5657678444522,-46.760436030993816,0
KRW,INR,0.3,-0.007545854074711042,500.3273492454894,-3.775397166993451,0
THB,INR,0.35,0.044181771983084275,257.9572292650277,11.397007484775648,1
THB,INR,0.35,0.04884804086375908,2437.395898937164,119.06201447244139,1
EUR,INR,0.15,0.07655209795839235,514.8282947408757,39.4111860507556,1
AED,INR,0.4,0.051226657180012174,1410.625471488606,72.26162743733985,0
AED,INR,0.4,0.013497180820978186,2198.0851146476075,29.667952252299326,0
AED,INR,0.4,-0.013189108821561468,2399.7872080361212,-31.651054635379573,0
AED,INR,0.4,0.04314924926187726,303.87906780735597,13.112153642286502,0
EUR,INR,0.15,0.025452727563514715,4069.800386261232,103.5875204693941,0
USD,INR,0.15,0.059700109919623184,61.139175529974594,3.6500154995346192,1
EUR,INR,0.15,0.01754250022254339,821.0988264679474,14.404126346044084,0
THB,INR,0.35,0.028218982078594496,124.33794373874349,3.508690206052893,0
AED,INR,0.4,0.06370518393168184,1789.3376479745823,113.99008398010373,1
EUR,INR,0.15,-0.003528134313371071,2392.8588605782734,-8.44232745306021,0
USD,INR,0.15,0.02142418411333674,3214.68027782171,68.87190213756483,0
GBP,INR,0.2,0.020733520570043358,1048.9737435091433,21.74891868848221,0
GBP,INR,0.2,0.04358725520460157,75.58051406318371,3.2943471549669665,0
EUR,INR,0.15,0.06256091692454595,489.0909741764707,30.59797980399943,0
GBP,INR,0.2,-0.006360047379212872,217.71849879998354,-1.384699967698996,0
KRW,INR,0.3,0.030455918399185593,489.13145973404386,14.896947824134573,1
EUR,INR,0.15,0.007814116780570472,1284.318559869843,10.035815210277043,0
GBP,INR,0.2,0.0110588032691858,1285.6995151752883,14.218298001611075,0
GBP,INR,0.2,-0.01589777462531141,557.8721181482337,-8.868925204065718,0
EUR,INR,0.15,-0.02457337375791953,161.24353439794143,-3.962297636808569,0
THB,INR,0.35,-0.019484228040815434,817.871524450306,-15.935595290479117,0
USD,INR,0.15,0.057695219724532,609.6891347574577,35.17614859349133,0
EUR,INR,0.15,0.020054815936193043,538.8186654972009,10.805909159531533,0
GBP,INR,0.2,0.09528014015026409,343.94250211968455,32.77088980559605,1
GBP,INR,0.2,0.01605868195911811,132.24242045584597,2.1236389716044055,0
USD,INR,0.15,0.023440747573746992,1111.8977257926574,26.063713918129032,0
USD,INR,0.15,0.02347078056980146,1608.8816344368918,37.76170780465181,0
AED,INR,0.4,-0.0191883553828174,1242.2302965761905,-23.8363563980066,0
THB,INR,0.35,0.02702964125310283,1214.9073833773853,32.83851072843659,0
GBP,INR,0.2,-0.008290793472713201,6428.707731736519,-53.299088100262026,0
GBP,INR,0.2,-0.013695368878211168,1375.4690788599858,-18.837556415560833,0
GBP,INR,0.2,0.024502471040880172,1276.8453609763244,31.28586648100458,0
THB,INR,0.35,-0.018754301507859693,1008.241936175312,-18.90887326390003,0
KRW,INR,0.3,0.014614108813634456,1933.3433100838333,28.25408950767736,0
USD,INR,0.15,0.022656024732648154,3777.3079005878003,85.57878121854448,0
AED,INR,0.4,0.0440640713178113,4763.497642254388,209.89909983052334,0
THB,INR,0.35,-0.007214700615915672,403.12612241264776,-2.9084342836622263,0
EUR,INR,0.15,-0.003047668752625736,1222.0107633465777,-3.724284018823688,0
AED,INR,0.4,0.03912809349550337,682.8379604781176,26.71814755986662,0
KRW,INR,0.3,-0.03,1638.1442830252531,-49.144328490757594,0
EUR,INR,0.15,-0.03,688.2479031787302,-20.647437095361905,0
GBP,INR,0.2,-0.00029636277611919115,1760.9959010825858,-0.5218936339793516,0
KRW,INR,0.3,0.010731286992546886,480.9041061841929,5.160719979356816,0
KRW,INR,0.3,0.10134757281387505,157.70835320213638,15.983358809509841,1
AED,INR,0.4,-0.02417145908202066,1354.3551671194748,-32.73674050455164,0
THB,INR,0.35,-0.0022068460612886167,1422.2454312492764,-3.1386767281381958,0
USD,INR,0.15,-0.0004139407459550718,2549.744458781204,-1.0554431232627024,0
KRW,INR,0.3,0.039438618119239655,515.3805946252628,20.325898457492396,0
KRW,INR,0.3,0.11541822585353366,117.01754556262077,13.505957502572729,1
USD,INR,0.15,-0.03,1703.2740638640635,-51.098221915921904,0
AED,INR,0.4,-0.002578922606856689,122.2564165115022,-0.3152898363748004,0
THB,INR,0.35,0.04996345280240854,1741.590665782934,87.01588303096088,0
EUR,INR,0.15,-0.018558491994167564,2228.33260449921,-41.354492800941145,0
KRW,INR,0.3,-0.014089586113251036,166.36111619879122,-2.343959272579431,0
KRW,INR,0.3,0.09057699757260855,641.3123861933182,58.08815044751598,1
AED,INR,0.4,0.05360682860477047,394.0626378039095,21.124448284297923,1
USD,INR,0.15,0.027517515303014592,19488.60731122852,536.2780499211729,0
EUR,INR,0.15,0.015633297218695066,4940.343085845165,77.23385182334262,0
AED,INR,0.4,0.01588294903597749,347.88650366344046,5.525463607990821,0
KRW,INR,0.3,0.003145562165889416,596.3848574298461,1.8759656438406773,0
GBP,INR,0.2,0.034049679726796026,500.4890077541111,17.041490420809417,0
AED,INR,0.4,0.02586169176907318,2045.1834792987179,52.8919047528241,1
GBP,INR,0.2,0.029092442896201172,2573.0540342181343,74.85642755933112,0
EUR,INR,0.15,-0.028439619911229383,558.9804532002341,-15.897191626821403,0
KRW,INR,0.3,0.009683904691455513,773.7127052621721,7.492560096327085,0
AED,INR,0.4,0.04984868961377696,430.9710729212711,21.483343246568882,1
AED,INR,0.4,0.019961096583917048,1124.03179459124,22.43690721522935,0
KRW,INR,0.3,0.10589086242309186,508.17060862534595,53.810624005405366,1
THB,INR,0.35,0.09008547053202447,731.9862875059503,65.94132913296328,1
GBP,INR,0.2,0.004204345768938117,135.4445339845596,0.5694556533837781,0
AED,INR,0.4,0.023966272875345265,539.7031511428191,12.934672991972512,0
EUR,INR,0.15,0.024022318067045148,147.8104329815067,3.5507492347094143,0
AED,INR,0.4,0.024887272440981434,327.7090893901334,8.155785389038188,0
GBP,INR,0.2,-0.02580621638049732,339.45649304770564,-8.760087711353876,0
KRW,INR,0.3,0.04030396721375828,368.0527142279706,14.833984527178872,0
USD,INR,0.15,0.02139217572286725,1473.9764505896976,31.53156324238297,0
GBP,INR,0.2,0.03865075360355163,261.6883307035709,10.114451190948452,0
EUR,INR,0.15,0.00048013922151976356,346.96711175438537,0.1665925189307114,0
EUR,INR,0.15,0.006368717643625286,452.7447500342774,2.8834034776020223,0
KRW,INR,0.3,-0.009784612152051292,999.5674803545427,-9.780380115072349,0
USD,INR,0.15,0.0935227065065517,853.3109531470337,79.80394982999593,1
KRW,INR,0.3,-0.012018852240068255,5758.71720845469,-69.21317122075526,0
THB,INR,0.35,-0.028375469066646876,1267.777770303259,-35.97378890462268,0
THB,INR,0.35,0.002954940482831901,748.5949261256385,2.2120534524512054,0
USD,INR,0.15,0.007333107951391973,2641.523782673723,19.37057905451568,0
KRW,INR,0.3,0.01953274030661962,966.7920513669847,18.884098069855366,0
EUR,INR,0.15,0.0044139272534217885,70.75240419923352,0.31229596514011104,0
USD,INR,0.15,-0.009145249501467787,638.150302976926,-5.83604374016125,0
AED,INR,0.4,0.0037547525078938503,975.1156012856671,3.6613177494137785,0
GBP,INR,0.2,-0.03,761.1157117705162,-22.833471353115485,0
KRW,INR,0.3,0.03985400456311144,4352.245550970214,173.45441404814835,0
GBP,INR,0.2,0.09452317770670779,283.0524248450015,26.755014653938627,1
AED,INR,0.4,0.09995701025153213,391.2763296093347,39.11081208994214,1
KRW,INR,0.3,0.00032198934131108525,557.093754316459,0.1793782510008762,0
KRW,INR,0.3,-0.014303809955066535,2161.9878519882814,-30.924663360002892,0
AED,INR,0.4,0.026885227973276027,567.265941780713,15.251074166249595,0
USD,INR,0.15,0.07385295970484115,912.5665135353187,67.39573795211128,1
AED,INR,0.4,0.03240709900326517,682.2538299639772,22.10986741299945,0
KRW,INR,0.3,0.03431935991562541,766.1901547231093,26.29515568375111,0
AED,INR,0.4,0.0023597649597503767,1374.0403149340523,3.2424121884657486,1
AED,INR,0.4,0.027197499199897758,4764.151491565229,129.57300638003701,0
KRW,INR,0.3,0.022351597974387995,21.63793457218233,0.4836424145535306,0
EUR,INR,0.15,0.003591483040687695,348.74559066871933,1.2525138744013182,0
GBP,INR,0.2,0.031173662544247825,792.9903409344462,24.72041328913846,0
THB,INR,0.35,0.014466387025322821,1121.139970618138,16.21884472452104,0
GBP,INR,0.2,0.061592201671576315,1299.849422447033,80.06058777003966,1
THB,INR,0.35,0.12749307480331218,1011.7760409530014,128.99443847342005,1
USD,INR,0.15,0.05970834983951492,10266.06595569834,612.9698575583704,0
EUR,INR,0.15,0.05732636273066083,557.2291314854526,31.943919315626154,1
GBP,INR,0.2,0.016629965898707546,306.2560892960039,5.093028321264078,0
KRW,INR,0.3,-0.005271440995126645,1218.5049161631446,-6.423276767825755,0
THB,INR,0.35,0.00844076651408365,537.4329955395748,4.53634643231411,0
USD,INR,0.15,0.03683123502314996,345.0986411399828,12.710409157996395,0
THB,INR,0.35,0.0313950687488423,1687.3976822232692,52.97596624003668,1
USD,INR,0.15,0.06575031678796991,9278.616870856742,610.071998613033,1
KRW,INR,0.3,0.01562638473024023,384.2940611380451,6.005126848889553,0
USD,INR,0.15,0.09699556990318474,844.3385215015593,81.89709608425615,1
GBP,INR,0.2,-0.01770617881794663,4504.799028773355,-79.76277714237332,0
EUR,INR,0.15,0.034940801923006116,471.46596602001165,16.473398932143958,0
GBP,INR,0.2,0.09867564535980636,9163.062856198183,904.1711408078262,1
GBP,INR,0.2,-0.03,325.15401997553477,-9.754620599266042,0
USD,INR,0.15,0.039876751561459305,435.7489004597509,17.376250646812547,1
AED,INR,0.4,0.05537521938844584,354.7887126570982,19.646502799931085,1
THB,INR,0.35,0.012128051432445372,4509.511634888572,54.691589043139416,0
KRW,INR,0.3,0.017241342455243946,702.7812899901653,12.116892891858544,0
EUR,INR,0.15,0.008011818307295034,37.6216249951114,0.3014176238860219,0
KRW,INR,0.3,0.11281958546915927,1375.7130797921725,155.20737938665332,1
GBP,INR,0.2,0.033978323258136975,1318.711697387673,44.807612338124855,0
AED,INR,0.4,-0.0010605747310892515,441.6821488756843,-0.4684369262707516,0
KRW,INR,0.3,0.05897445998736059,264.70205739359153,15.61066089233039,1
THB,INR,0.35,-0.016377234204417376,773.9608442462093,-12.675338011268767,0
THB,INR,0.35,0.02998483396551096,2044.2972117238685,61.297912469697195,0
THB,INR,0.35,0.01424205762191625,97.76370939593394,1.3923563825491663,1
EUR,INR,0.15,-0.025838149307212392,53.18979604708197,-1.3743258918846795,0
AED,INR,0.4,0.020198742846910388,227.83108137655188,4.601901425258486,1
EUR,INR,0.15,0.01558559105616974,426.60689395011974,6.648920590849339,0
AED,INR,0.4,-0.01818740247382597,2574.7064121645362,-46.82722176997687,0
USD,INR,0.15,-0.005452415573709691,355.07580857291885,-1.9360208685105438,0
USD,INR,0.15,0.03342667187755078,328.02562586263326,10.964804963138477,0
USD,INR,0.15,0.014022109574794226,219.83753577734342,3.082586015322655,0
AED,INR,0.4,0.021825957054005383,306.52935128784674,6.690296457000673,0
AED,INR,0.4,0.06456804645514334,85.60791947701905,5.5275361217203365,1
GBP,INR,0.2,0.058708566119745335,2275.9002857353034,133.61484240703837,0
KRW,INR,0.3,0.00880792161896933,390.17726681374893,3.436650783599184,0
AED,INR,0.4,0.010436386631316396,132.56546787643546,1.3835044767198341,0
THB,INR,0.35,0.12797663644428198,65.09486409297514,8.330621756416624,1
THB,INR,0.35,-0.002584102331262701,235.68058400258627,-0.609022746554438,0
GBP,INR,0.2,0.02478605379379637,1504.5730249393257,37.29242793284106,0
THB,INR,0.35,0.00998609260612912,336.39583014907106,3.3592799121843058,0
THB,INR,0.35,0.05296017681621154,33.42112705224714,1.7699887980840792,0
KRW,INR,0.3,0.006875506742144621,253.16683439149074,1.7406502767461052,0
KRW,INR,0.3,0.0029748671492482856,524.4343236699801,1.5601224414240664,0
GBP,INR,0.2,0.06275722047532167,2355.963597527954,147.8537269218938,1
THB,INR,0.35,0.0066744529839977765,1842.8024657655333,12.299698416547225,0
AED,INR,0.4,-0.024477309826990798,2404.9868070089187,-58.867607204982626,0
AED,INR,0.4,0.03873846993328924,409.4298609009818,15.86068635630348,1
AED,INR,0.4,0.10090952450909516,405.5072393280364,40.91954270558801,1
AED,INR,0.4,-0.005583767007256544,998.3069879557353,-5.574313622460891,0
THB,INR,0.35,0.004429607507007943,889.5918211444238,3.940542609114207,0
EUR,INR,0.15,0.02171437674884904,3228.7663446569995,70.11064884188626,0
USD,INR,0.15,0.09780196206987586,2061.823814558043,201.6504145061725,1
AED,INR,0.4,0.01681422793009017,318.0204743557504,5.347268742252983,0
USD,INR,0.15,0.01880726110415716,233.6618943035765,4.394540256259336,0
THB,INR,0.35,-0.0035377250111560295,610.3446130198716,-2.159231402904748,0
USD,INR,0.15,0.06494737343124264,299.64594136685844,19.461216851109594,1
KRW,INR,0.3,0.02295457782254215,33.192594008613824,0.7619219823027723,1
AED,INR,0.4,-0.007357970260970752,106.08074083544784,-0.7805389363289709,0
AED,INR,0.4,0.05761513101744252,876.6619078349682,50.50899067791281,1
KRW,INR,0.3,0.02433682467363016,1593.8105413364008,38.788287707487555,0
KRW,INR,0.3,-0.012514758813401543,170.8281462516852,-2.1378730488803255,0
GBP,INR,0.2,0.020728321538057377,281.4484783135994,5.833954554881258,0
AED,INR,0.4,-0.010066534755842864,606.2782674209652,-6.103121250705341,0
GBP,INR,0.2,0.07940710290382645,697.5890032622028,55.393521766619465,0
GBP,INR,0.2,0.0014850323272534629,1212.1751140555011,1.8001192306645726,0
AED,INR,0.4,-0.01993494280885113,251.84330515789952,-5.020481885114769,0
GBP,INR,0.2,0.004687465882720872,2737.3294726374934,12.831138512754567,0
THB,INR,0.35,0.053486393020705326,1698.2693311661076,90.8343009017608,0
KRW,INR,0.3,-0.002374137009201827,366.1023730322886,-0.8691771929725692,0
GBP,INR,0.2,0.00673365077594717,1311.5021512546207,8.83119747845206,0
AED,INR,0.4,0.06335075418532972,326.3629587551441,20.675339575294036,1
GBP,INR,0.2,-0.03,1001.4920456210277,-30.04476136863083,0
USD,INR,0.15,0.039714920577175204,6119.493249223837,243.03518836548452,0
AED,INR,0.4,-0.004500408316342118,166.0520045817503,-0.7473018223649887,0
USD,INR,0.15,0.0363682833745449,257.73371844299203,9.373332907509903,0
USD,INR,0.15,-0.01866000766794461,1163.1975286792265,-21.705274804488585,0
GBP,INR,0.2,-0.03,2059.8810148293287,-61.79643044487986,0
AED,INR,0.4,0.031145071814073208,1232.5926344747525,38.38918611821385,0
EUR,INR,0.15,0.026175259109562442,661.971577422076,17.327277562188616,0
EUR,INR,0.15,0.014987132486072828,603.5700776421231,9.045784718251763,0
EUR,INR,0.15,0.02577436224577745,311.0034399201542,8.015915320184938,0
USD,INR,0.15,-0.002440209164058481,780.6902261374732,-1.90504744411155,0
AED,INR,0.4,0.07472448708564676,332.45186004709,24.84229472268802,1
EUR,INR,0.15,0.026623225497645696,265.61128248763737,7.071429068387241,0
USD,INR,0.15,0.021796558450775196,230.54395118768278,5.025064707534991,0
USD,INR,0.15,0.032039624609714094,653.9658504652482,20.952820356478973,0
AED,INR,0.4,-0.013969461404669372,131.2349952026779,-1.8332822004257792,0
USD,INR,0.15,0.023844211570385798,435.7596779072907,10.39034595386461,0
THB,INR,0.35,0.08416654401425296,914.8319542095887,76.99824393962639,1
EUR,INR,0.15,-0.014609990646704577,1341.5321535341468,-19.599772215387333,0
AED,INR,0.4,-0.004727803319528174,216.43373820229377,-1.0232561459306961,0
GBP,INR,0.2,0.023342580024215943,16828.923217244897,392.8304869199246,0
USD,INR,0.15,-0.01858898649413751,1274.073880495797,-23.68374215706974,0
AED,INR,0.4,0.006162213405170083,498.0671461787914,3.0691960448577555,0
KRW,INR,0.3,0.02241000294334853,8023.083050230277,179.79731477039022,0
AED,INR,0.4,0.07480075963636658,23.829773561447286,1.7824851643588617,1
USD,INR,0.15,0.03726211812269099,2806.941065337741,104.592569540047,0
USD,INR,0.15,-0.0017680852050962793,437.0576019196282,-0.7727550797289539,0
USD,INR,0.15,0.015417077974107156,462.19178270575173,7.125646752966166,0
AED,INR,0.4,-0.005292491528324466,19.621100904058697,-0.10384451031113016,0
GBP,INR,0.2,0.03672860659839784,262.926627340599,9.656928659836415,0
KRW,INR,0.3,0.02592922676753759,133.50674666698967,3.4617267093245685,0
EUR,INR,0.15,0.07436925298646657,504.07074589041963,37.48736482420152,1
AED,INR,0.4,0.01327317666005863,179.79163210705408,2.386406094957198,1
KRW,INR,0.3,0.11074487319206724,120.13945072893351,13.304828236340352,1
THB,INR,0.35,0.0886581321508042,803.9596837540297,71.27756388618351,1
EUR,INR,0.15,0.03131171608582377,152.16716444612618,4.76461505072196,0
EUR,INR,0.15,0.012444957835067766,555.1174592559425,6.908413373950154,0
AED,INR,0.4,0.042268901710346474,240.03976977376135,10.146217435141315,1
GBP,INR,0.2,-0.006257500249911339,1397.0575763922548,-8.742088133415065,0
AED,INR,0.4,0.01880632605305111,5911.487019702224,111.17335235089939,1
AED,INR,0.4,0.04156856207869099,1904.8288965915588,79.18099823725066,0
KRW,INR,0.3,0.005798313069642482,65.28954335474045,0.378569212544781,0
KRW,INR,0.3,-0.009239059529128105,1282.7522062168268,-11.851423994357674,0
THB,INR,0.35,-0.017166549775722996,665.2206740078107,-11.419543812195082,0
GBP,INR,0.2,0.009797169959706243,804.0866768437696,7.877773835373802,0
GBP,INR,0.2,-0.01837904572579771,96.78719273091217,-1.7788562408730304,0
THB,INR,0.35,0.05324713496708612,113.0219632220311,6.018095729928534,0
KRW,INR,0.3,-0.008331627337158845,297.7445697069203,-2.4806967964607747,0
AED,INR,0.4,-0.021336440330628113,683.3044366447197,-14.579284340123518,0
THB,INR,0.35,0.09288859868097657,2955.7155779406794,274.5522781344425,1
USD,INR,0.15,0.011396598496112425,458.7109821485222,5.227744889304101,0
GBP,INR,0.2,0.02586956599925798,266.87216970525986,6.903867207555396,0
EUR,INR,0.15,0.05168455857346542,405.9518640154459,20.981442893713783,0
KRW,INR,0.3,0.03203658297588177,61.77377517735544,1.9790206742028134,1
AED,INR,0.4,-0.028623433666918968,348.21983240371253,-9.967247274313307,0
AED,INR,0.4,0.03713464077492118,715.0190693793382,26.55197628862017,1
KRW,INR,0.3,0.008735609420711943,3222.0644731106254,28.146696765446443,1
THB,INR,0.35,0.07922230774069022,326.30508559384504,25.850641908267857,0
THB,INR,0.35,0.04951354601520924,1501.3965444947976,74.3394668929193,0
EUR,INR,0.15,0.003415031876819491,505.0923085470052,1.7249063344243685,1
GBP,INR,0.2,-0.016900141253472764,18.038469761180416,-0.30485268696044615,0
EUR,INR,0.15,-0.016874115693145453,772.3641706427176,-13.032962372665553,0
KRW,INR,0.3,-0.023004755895812308,541.5921634599175,-12.45919551548028,0
USD,INR,0.15,0.10087760820338676,586.5097729238585,59.16570308047033,1
KRW,INR,0.3,0.02396566331886285,28.598006555812383,0.6853701967072322,0
KRW,INR,0.3,-0.02087114284172728,2098.683794788676,-43.80192926065272,0
THB,INR,0.35,-0.03,307.85583500743434,-9.23567505022303,0
EUR,INR,0.15,0.030569569520850062,209.51991315351114,6.404933551148726,0
AED,INR,0.4,0.010542301388157104,213.6515496262868,2.2523790282071197,0
AED,INR,0.4,0.09141402496063282,2581.855811715591,236.01783161692393,1
GBP,INR,0.2,-0.00017767421885411631,768.271095420191,-0.1365019667469787,0
KRW,INR,0.3,-0.009999827367375919,480.9320621349027,-4.809237596785136,0
USD,INR,0.15,0.002647538154859166,920.5799197397663,2.43727046210822,0
USD,INR,0.15,0.01778740171721114,229.79906255530202,4.087528239909689,0
KRW,INR,0.3,0.026656741801088082,1330.8514819599277,35.47616433020123,0
AED,INR,0.4,0.011596329125705566,169.6847550901491,1.967720267640112,0
EUR,INR,0.15,0.022251990706287392,1283.2958447488488,28.555887210768613,0
GBP,INR,0.2,-0.0015809784230633814,1674.2067792614012,-2.6468847937587126,0
USD,INR,0.15,-0.009197484086862467,2442.945359778313,-22.46895107163554,1
THB,INR,0.35,0.01573877850653852,628.136209223688,9.886096668908364,0
EUR,INR,0.15,0.08529894132449292,760.6390915470724,64.88170923898933,1
AED,INR,0.4,0.01065511881935089,462.0729641538603,4.923442336269047,0
AED,INR,0.4,0.023370172653763087,2253.375497575902,52.66177443210813,0
THB,INR,0.35,0.007796903974832634,4474.763379512416,34.889300380155866,0
THB,INR,0.35,0.03829525403038559,763.4311009113992,29.23578794409897,0
USD,INR,0.15,-0.009772044792364135,692.847360197373,-6.7705354381199765,0
GBP,INR,0.2,0.0254056444698388,819.0821367303512,20.809309557367197,0
AED,INR,0.4,-0.003851843180849744,1052.1138451607721,-4.052577539960123,0
KRW,INR,0.3,-0.004636874780601714,1677.01292796308,-7.776098952415046,0
AED,INR,0.4,0.004102086767196902,408.1920223065558,1.6744390931790654,0
EUR,INR,0.15,0.04128351652044869,947.6315315032947,39.12156198611436,1
AED,INR,0.4,0.017245607913761837,1355.7641348896718,23.380976693847796,0
THB,INR,0.35,0.029529346415267277,208.5834324593292,6.1593324335770365,0
KRW,INR,0.3,0.06914118824410782,2270.694856948328,156.99854054919183,1
EUR,INR,0.15,-0.015218551134914214,570.2308088258728,-8.678086722820037,0
AED,INR,0.4,0.010379573563510828,206.48589580718362,2.1432355453580945,0
THB,INR,0.35,-0.017496080661077926,408.176475631799,-7.141488541608464,1
KRW,INR,0.3,0.036963338651573675,448.8619680606238,16.591436933236682,0
AED,INR,0.4,-0.0010830192569047745,548.3294948542836,-0.5938514020560566,0
KRW,INR,0.3,0.013308692487718673,902.6023815927066,12.012457535299838,0
USD,INR,0.15,0.00832772646013184,3810.774676412853,31.735089106363663,0
EUR,INR,0.15,0.015491129007076134,458.1843903546273,7.097793500012061,0
AED,INR,0.4,0.022154619789048473,64.11984392388595,1.4205507630668233,0
GBP,INR,0.2,0.02267550680338392,620.8723851802873,14.078595994188808,0
EUR,INR,0.15,0.00973305339333391,130.5706316825563,1.270850929767657,0
USD,INR,0.15,0.026556254642393466,217.81218670304307,5.78427589430256,0
AED,INR,0.4,-0.004372369349614075,595.491431546584,-2.603708483252092,1
THB,INR,0.35,0.01394387177900669,1713.693087712856,23.895516683638128,0
AED,INR,0.4,0.01768364041769925,494.07982742578764,8.737130005836528,0
GBP,INR,0.2,-0.02267124643637526,464.7109201128047,-10.535575791552091,0
AED,INR,0.4,0.05899190568639524,135.0705136193983,7.968067000448508,1
KRW,INR,0.3,0.08380754095659881,523.9416419417944,43.91026061590456,1
KRW,INR,0.3,0.05952884908950218,1877.2526313498502,111.7506885944961,1
USD,INR,0.15,0.031719312514769275,160.1957151612972,5.081297952728148,0
USD,INR,0.15,0.0035006002832941438,234.35441195733705,0.8203811208890865,0
USD,INR,0.15,0.011263408569822787,3974.932945484419,44.77129380264014,0
USD,INR,0.15,0.03078478916925677,116.86499413496705,3.5976642057113897,1
AED,INR,0.4,0.005037888537123476,230.83982093874482,1.1629452878189384,0
KRW,INR,0.3,0.06389642744772088,2755.346688976989,176.05680980553612,1
EUR,INR,0.15,-0.004046052483792476,1182.3191194190208,-4.783725209760663,0
KRW,INR,0.3,0.0781671778261724,205.82585262957014,16.08882602371916,1
USD,INR,0.15,0.036298341682134694,1095.1656285578697,39.75269618392336,1
GBP,INR,0.2,0.023724297926536676,982.0343603958225,23.298075740126382,0
EUR,INR,0.15,0.014772913103592768,636.7666553625899,9.406898466936944,0
AED,INR,0.4,0.0005256232773376609,70.59794855616279,0.03710792509340587,0
THB,INR,0.35,0.06156127035520013,3006.3912619654666,185.07726527136737,1
GBP,INR,0.2,0.06645908558187712,2167.79618852397,144.06975241718155,1
KRW,INR,0.3,-0.023501801778098373,1117.288479978874,-26.25829238541633,0
GBP,INR,0.2,-0.0070345058767393494,2124.7113329859367,-14.946294358264268,0
GBP,INR,0.2,0.011338515765387528,2134.379979806853,24.200701050367517,0
KRW,INR,0.3,0.02454396709320067,87.8237091510732,2.1555422274067673,1
KRW,INR,0.3,-0.016649727838473224,1737.4773738384092,-28.92852539991471,0
EUR,INR,0.15,-0.0007999844542702483,1046.765194943294,-0.8373958832258012,0
KRW,INR,0.3,0.0825581472075852,2026.154275247594,167.27554292116895,1
EUR,INR,0.15,-0.002305638033843557,568.2255255587005,-1.310122383528884,0
AED,INR,0.4,0.10662266674508708,71.28971624297627,7.60109965732668,1
EUR,INR,0.15,-0.02454835828129183,684.7127330277433,-16.808573490127564,1
KRW,INR,0.3,0.04377785224966788,3137.8538169414537,137.36850077911936,0
USD,INR,0.15,-0.017916851667753676,1452.5945621688063,-26.025921303764097,0
KRW,INR,0.3,0.03163112375859855,1758.0283001213086,55.60841073225574,0
KRW,INR,0.3,0.06423016576592394,234.4986669937586,15.061888252897312,1
USD,INR,0.15,0.09837914913805888,47.96614159649762,4.71886819769909,1
EUR,INR,0.15,-0.0014941153957619083,1276.7448009804257,-1.9076040636038276,0
KRW,INR,0.3,-0.024494560289986256,739.0276397247432,-18.102157077203962,0
KRW,INR,0.3,0.019729245255586208,665.7074789218673,13.133906120127506,0
USD,INR,0.15,0.03994481305355946,2962.1110692459624,118.32097290490908,0
AED,INR,0.4,0.053703426728020885,2317.1057953625664,124.43652130232614,0
AED,INR,0.4,0.0367755986590192,985.1039052184518,36.227785855746276,0
AED,INR,0.4,0.02974799305452131,2129.1600344498092,63.33823791677728,0
THB,INR,0.35,-0.011313556076475636,725.9330838454787,-8.212884651854713,0
THB,INR,0.35,0.07830638715372452,570.4170491229361,44.667298287705734,1
AED,INR,0.4,-0.01692438865826272,2305.5201552706385,-39.0195191672585,0
GBP,INR,0.2,0.0271187865304906,2548.0761465504165,69.10073308173583,1
USD,INR,0.15,0.011190525499062392,540.0456460231713,6.043394572479921,0
GBP,INR,0.2,-0.03,212.2353566418855,-6.367060699256564,0
KRW,INR,0.3,-0.002767465337744116,2615.043101396779,-7.237041139822457,0
GBP,INR,0.2,-0.01316167545602793,210.1550336090047,-2.765992347812362,0
EUR,INR,0.15,-0.004336282479156087,1389.7671132441183,-6.026422783267803,1
AED,INR,0.4,0.06674089215559567,11737.352563985041,783.36138166513,1
THB,INR,0.35,0.004161528493848897,57.57482372869517,0.23959926947529256,1
THB,INR,0.35,-0.011936368500077505,37.13428136517053,-0.44324846636023657,0
THB,INR,0.35,0.05797570676385912,891.1525507831129,51.665198966066825,1
EUR,INR,0.15,0.03020090473505179,240.40410599550648,7.260421503085585,0
THB,INR,0.35,-0.0028475110420505406,447.59632679485,-1.2745354829295976,1
USD,INR,0.15,0.03621206627626481,1194.3170387539594,43.24868776223071,0
EUR,INR,0.15,0.003996527149392215,2288.5082719091783,9.146085440293694,0
THB,INR,0.35,0.00280988164547993,3980.346650662538,11.184302996344181,0
KRW,INR,0.3,0.026667651521465233,616.9950601691426,16.453809255056168,0
EUR,INR,0.15,0.012295893956708662,1950.1627406485575,23.978994257339,0
AED,INR,0.4,0.07824251024257739,2762.736548769076,216.16344271460733,1
THB,INR,0.35,-0.02090339490076156,2996.5174187367934,-62.63738693086588,0
GBP,INR,0.2,0.06813703164467785,1962.1495094016034,133.69504321368618,1
EUR,INR,0.15,0.029808710223592057,946.8095605322986,28.223171826833834,0
GBP,INR,0.2,0.0033653650223806376,2833.8356931100893,9.536891520766485,0
THB,INR,0.35,-0.014127491768414486,1023.4084537700255,-14.458194506361831,0
EUR,INR,0.15,-0.03,647.7845543374036,-19.43353663012211,0
EUR,INR,0.15,0.02822659112505911,1013.7367764503133,28.614333497298446,0
AED,INR,0.4,0.012633476120734904,956.0693302656969,12.078479053678693,0
GBP,INR,0.2,0.03604385572549406,241.89244889340594,8.718736529000369,0
EUR,INR,0.15,0.0036031369385489944,515.615143956863,1.8578319712662303,0
KRW,INR,0.3,0.02848658673087967,1876.2246011176198,53.44723482634719,0
GBP,INR,0.2,-0.0073216280868002945,623.0638694083918,-4.561841926130953,0
GBP,INR,0.2,0.017337023821849172,362.2411933886562,6.280184199034205,0
THB,INR,0.35,0.04970735380137361,1453.209812904737,72.23521431768371,0
USD,INR,0.15,-0.010215312472044684,651.3142606442814,-6.653378689980089,0
GBP,INR,0.2,-0.014839737889850905,782.9818226085586,-11.619245020028746,0
USD,INR,0.15,0.035764693524607184,2216.41604130128,79.26944044016338,0
USD,INR,0.15,-1.1987320170939869e-05,442.5686661884408,-0.00530521229922665,0
KRW,INR,0.3,-0.008386223009801083,644.2416405388474,-5.40275406975888,0
GBP,INR,0.2,0.009976834344246177,355.77323483693203,3.549490628084664,0
GBP,INR,0.2,-0.0024930124854948103,588.0415859019868,-1.465995015643822,0
KRW,INR,0.3,0.027616352174983552,1014.0522687672694,28.004424578117987,0
USD,INR,0.15,-0.00917160095011381,721.7557051353365,-6.619655310969316,0
USD,INR,0.15,-0.012273064801121341,1576.7186767890048,-19.35117049336975,0
USD,INR,0.15,0.010812496572196548,1748.848065679933,18.90941371545684,0
GBP,INR,0.2,0.029922636034423446,3553.220988450428,106.32173838727648,0
AED,INR,0.4,0.02612594638622493,655.3072021298467,17.120520829351438,0
USD,INR,0.15,0.028725348876853275,4269.316879853157,122.6376168396206,0
KRW,INR,0.3,-0.004693888812491375,126.64815857580166,-0.594472374661589,0
AED,INR,0.4,0.0509832830071152,611.8210611633588,31.19264631100506,1
KRW,INR,0.3,0.003156768695830982,653.8484367172804,2.0640482768471355,0
EUR,INR,0.15,0.02215096704106871,82.58992639526315,1.8294467375057648,0
AED,INR,0.4,0.0015735628488843696,784.8556575177917,1.2350197044067113,0
THB,INR,0.35,0.01101535217413832,3711.173236528388,40.87988017959692,0
GBP,INR,0.2,-0.001116726692472621,340.4595694714319,-0.3802002889364847,0
USD,INR,0.15,0.012217655976118933,878.1662131659054,10.729132682312157,0
AED,INR,0.4,0.03584702637310522,407.91053412356683,14.622379674594937,0
KRW,INR,0.3,0.04811961218707671,270.2545947474286,13.004546291021843,1
KRW,INR,0.3,0.08793209556733197,162.06440291939606,14.250662565570929,1
AED,INR,0.4,0.08926509794970186,3806.4676658577164,339.78470903516205,1
GBP,INR,0.2,-0.011732174674716095,656.5241214447977,-7.70245567095489,0
THB,INR,0.35,0.005396354607919949,171.3632418052538,0.9247368195438818,0
THB,INR,0.35,-0.03,556.341871341779,-16.690256140253368,0
USD,INR,0.15,-0.01203562265418383,3586.740492047585,-43.168655120766374,0
GBP,INR,0.2,-0.014801089019428346,342.25833459705433,-5.065796078012293,0
GBP,INR,0.2,0.10790203677339949,200.57585832011785,21.642543640313523,1
AED,INR,0.4,0.04065390918878639,258.7033762027702,10.517303562979862,0
EUR,INR,0.15,0.02106241698919826,184.38904172418853,3.883678885033535,0
GBP,INR,0.2,0.004984017529364204,1033.8164167573045,5.152559143262895,0
EUR,INR,0.15,0.06305065115751715,697.7150535147659,43.99138844650792,0
KRW,INR,0.3,0.01636066143566802,315.4110713875761,5.160333752033449,0
GBP,INR,0.2,-0.014466570831404192,2224.9936209411067,-32.18802781676701,0
AED,INR,0.4,-0.03,397.666839361548,-11.93000518084644,0
USD,INR,0.15,-0.011160857536474467,2019.9068013862525,-22.54389204722779,0
GBP,INR,0.2,0.07059442980318564,848.2827705645083,59.88403849986801,1
THB,INR,0.35,-0.03,7900.292229492084,-237.0087668847625,0
KRW,INR,0.3,0.08535240789429878,715.7906614413042,61.094456502268116,1
USD,INR,0.15,0.01492949359514065,263.1359260635991,3.928486122817906,0
AED,INR,0.4,0.0701837655548105,361.9802342717972,25.405135897607195,1
THB,INR,0.35,0.05461937597962738,675.9644173106449,36.92075465793985,0
GBP,INR,0.2,0.08339144755819446,183.4617798001445,15.29914338913677,0
EUR,INR,0.15,0.0008210370011534004,533.7880167668322,0.438259712537861,0
EUR,INR,0.15,-0.008376824590683946,4916.810104291358,-41.18725578935114,0
EUR,INR,0.15,0.008088871819287542,268.6850046922368,2.1733585627201752,0
AED,INR,0.4,0.11535123032191649,458.70542359721895,52.91223496727507,1
USD,INR,0.15,-0.003892416926547281,917.3821661800725,-3.570833871751925,0
USD,INR,0.15,0.030484331703485162,1106.179404265666,33.72113988319818,0
KRW,INR,0.3,-0.027174002025906634,67.30190859313032,-1.8288622004571065,0
EUR,INR,0.15,-0.010442059915128346,170.61397898646894,-1.7815613909351573,0
KRW,INR,0.3,-0.03,1841.2264788968268,-55.2367943669048,0
USD,INR,0.15,0.02153076233966643,940.7128476469194,20.254264752556654,0
EUR,INR,0.15,-0.006460248377958519,1158.573496969,-7.484672554539711,0
GBP,INR,0.2,0.03186860207578677,1003.8081927604894,31.989963855498697,0
USD,INR,0.15,0.013244815854098528,1585.9896418402338,21.006140752681574,1
KRW,INR,0.3,0.08010252973019044,429.0933510927402,34.37146291293327,1
USD,INR,0.15,0.037829457332517705,179.1585068761675,6.777469091629558,0
KRW,INR,0.3,0.03603618042208386,165.11750510825559,5.950204204925452,0
USD,INR,0.15,0.03756215567115756,1466.8392762944727,55.09764524074108,1
KRW,INR,0.3,0.0504696909915217,1095.528260223084,55.29097276593843,0
USD,INR,0.15,-0.028851899949239708,3813.53779524383,-110.02781092101917,0
THB,INR,0.35,-0.0071734104486062735,3537.5365213009136,-25.37620144422626,0
THB,INR,0.35,0.01923241191074999,1120.480625766888,21.5495449327637,0
EUR,INR,0.15,0.027408071552008084,929.4191069983333,25.473585386413777,0
EUR,INR,0.15,-0.026249389960042654,455.4138204924401,-11.954334967298925,0
KRW,INR,0.3,-0.010537121415591882,542.5153486041156,-5.716550098063722,0
GBP,INR,0.2,0.07063478973542703,244.4713618910049,17.26818324350462,0
USD,INR,0.15,0.050465649418870946,2923.3021628887113,147.5263420977689,1
THB,INR,0.35,0.038241363718007716,802.9218424868876,30.70482621567397,0
EUR,INR,0.15,0.05895122267289409,538.6582230664234,31.75456085257418,1
EUR,INR,0.15,-0.011569775893507704,1301.2965951941924,-15.05570997738142,0
AED,INR,0.4,0.0661311232258151,208.86088168954876,13.812204704063939,1
THB,INR,0.35,0.0237988286998946,1003.6069166547102,23.884669091494846,0
THB,INR,0.35,0.07664559525750038,81.75485287373499,6.266149363696783,1
THB,INR,0.35,-0.000517780764796711,400.2339735477888,-0.2072334529212007,0
KRW,INR,0.3,-0.01513800036288243,206.12942707142037,-3.1203873418079087,0
USD,INR,0.15,0.06560111946720751,4746.596007273492,311.38201173571855,0
EUR,INR,0.15,0.0013203376221934387,1677.3369467718055,2.214651075917888,0
AED,INR,0.4,-0.016345887384108644,1111.4016819247515,-18.166846731250924,0
USD,INR,0.15,0.0017627674945503487,4963.327230853895,8.74919190736584,0
KRW,INR,0.3,0.004489576812544786,182.17425355230986,0.817885304591105,0
AED,INR,0.4,0.038411762709175935,222.5141445789665,8.547160521002528,0
KRW,INR,0.3,-0.03,3708.226499133467,-111.246794974004,0
KRW,INR,0.3,-0.03,224.5419614650926,-6.736258843952778,0
THB,INR,0.35,0.1250274996324689,2674.5496930434933,334.3922607640152,1
USD,INR,0.15,0.02445479737638967,1247.6789323571,30.51173548158307,0
THB,INR,0.35,-0.021056163338730734,172.31004876487918,-3.628188531697954,0
AED,INR,0.4,0.0654828744811309,402.26316464921064,26.34134831910675,1
THB,INR,0.35,0.011333041710720146,297.8949651442354,3.376056065393144,0
KRW,INR,0.3,0.00607408273518426,6149.2964598217,37.35133546013268,0
KRW,INR,0.3,0.02882306663219577,1782.337129902524,51.37242185621702,0
KRW,INR,0.3,-0.004660378722219336,316.1679140694226,-1.4734622193776086,0
EUR,INR,0.15,0.029053792841300836,385.92126859874014,11.212476590919813,0
AED,INR,0.4,0.005459076673822928,1331.368631742662,7.268043441805914,0
USD,INR,0.15,-0.016955454252907516,1045.769507800963,-17.73149704860484,0
EUR,INR,0.15,0.04982377995522227,1475.3299046259508,73.50651252944243,0
KRW,INR,0.3,0.013425320403417575,48.7370110219256,0.654309988474245,1
AED,INR,0.4,0.004638905404189936,2545.5853932215114,11.808729837442232,0
THB,INR,0.35,-0.01209276089742038,877.0780153226035,-10.606294727680252,0
AED,INR,0.4,0.02141255837919489,492.4178071541778,10.543925042643963,0
KRW,INR,0.3,0.06709324575622115,887.3530358923526,59.53539530965454,1
KRW,INR,0.3,-0.011443472019675003,100.61516034908482,-1.1513867722098658,0
KRW,INR,0.3,-0.0017056145118589158,290.6900140846135,-0.4958051064751894,0
THB,INR,0.35,0.006396263966472485,2644.7210486384433,16.9163339447774,1
USD,INR,0.15,-0.0031632921774010763,354.8548433598056,-1.1225095501129574,0
KRW,INR,0.3,-0.007735778933211897,1441.6081191776939,-11.15196171828203,0
EUR,INR,0.15,-0.004257851694661653,161.59127329873567,-0.688031676857556,0
USD,INR,0.15,0.03314937751786542,596.2791724677693,19.76628339417447,0
KRW,INR,0.3,0.007355303110197119,4708.42042795579,34.63185941785887,0
KRW,INR,0.3,0.06480639515493301,3607.2676183884296,233.77401070687466,1
THB,INR,0.35,0.014004023431330698,1723.3393815354925,24.133685079157992,1
GBP,INR,0.2,0.020464322149778863,1023.9706388818604,20.954865025993268,0
GBP,INR,0.2,0.015211954994965325,1365.9160211271062,20.778253040287645,0
GBP,INR,0.2,0.08644830435605101,509.6550245799527,44.05881268147841,1
GBP,INR,0.2,0.017999129778629077,122.93649477305264,2.2127499239499295,0
EUR,INR,0.15,-0.019162807711022252,4257.596774711939,-81.58750830487342,0
THB,INR,0.35,-0.02526068009560574,2447.8994858182955,-61.83560581745374,0
AED,INR,0.4,-0.00543717890395987,608.3214311240565,-3.307552452134397,0
EUR,INR,0.15,-0.03,648.3990111952851,-19.45197033585855,0
KRW,INR,0.3,0.005954754903750969,675.0409723590997,4.0197035403881705,0
THB,INR,0.35,0.0006657893749228896,364.9508253671686,0.2429803818987998,0
USD,INR,0.15,-0.006687875633628061,1644.9231355821291,-11.001041357650788,0
USD,INR,0.15,0.02549222304030281,51.57280007484142,1.314705322320803,0
AED,INR,0.4,0.014201179229506759,39.77426243196874,0.5648414295178253,0
GBP,INR,0.2,0.013354160399896089,1112.1056294289422,14.851236957021493,0
EUR,INR,0.15,0.045614127222388945,2266.3991668065587,103.37981993143067,1
GBP,INR,0.2,0.05668474754381332,2232.271685428675,126.53575693772711,0
THB,INR,0.35,0.04953179879047887,408.2982326454955,20.223745905904813,0
THB,INR,0.35,0.01968995820530904,246.59875269689266,4.855519134083156,0
GBP,INR,0.2,-0.002090428488885918,1826.463622885009,-3.8180915911926085,0
AED,INR,0.4,0.00432234980547685,561.0953947401653,2.4252505703091094,0
GBP,INR,0.2,-0.016293760752306256,43.97079523329079,-0.7164496176198885,0
KRW,INR,0.3,-0.0005067151397725195,759.6578397302619,-0.3849301284382099,0
USD,INR,0.15,0.046150563751411834,200.54856422585905,9.25542929855962,0
AED,INR,0.4,-0.018634240998977945,1740.821970017054,-32.43889612561334,0
THB,INR,0.35,-0.0114087129570301,319.2707586463186,-3.642468440969085,0
USD,INR,0.15,0.005518724366077205,582.8870344122674,3.2167928794814626,0
USD,INR,0.15,0.028756286149348283,239.93211829527297,6.899556650118152,0
KRW,INR,0.3,0.02153562082396297,3168.868349631079,68.24354721871224,0
AED,INR,0.4,0.0853775598993421,3760.1550770448353,321.03286532121075,1
EUR,INR,0.15,0.03871650841929952,1696.8727694298946,65.69698886411261,1
GBP,INR,0.2,0.04059871882865012,524.715094761628,21.30276059737584,0
KRW,INR,0.3,0.025019692891710937,103.80891431576238,2.5972671556023097,0
USD,INR,0.15,0.04628136642386532,273.88345853024913,12.675700701673982,0
THB,INR,0.35,0.0060632534060264505,178.8023423287524,1.0841239111303154,0
AED,INR,0.4,0.009269589853650369,1686.0404768697113,15.628903697235305,0
GBP,INR,0.2,0.007141633024169821,2177.128687703112,15.548254133968051,0
GBP,INR,0.2,0.060451934567945516,877.1206493142344,53.02364010053798,0
GBP,INR,0.2,-0.03,319.1613654489988,-9.574840963469965,0
KRW,INR,0.3,0.011030731273622594,1747.4368303248755,19.275506092944543,0
EUR,INR,0.15,0.053886587096117176,685.6373469641803,36.946656613536014,1
EUR,INR,0.15,0.06471247465239978,502.47906930927707,32.51666403603802,0
AED,INR,0.4,-0.028006652022366296,2074.968527175093,-58.11292149795474,0
THB,INR,0.35,0.050732622072607855,579.6498322900126,29.407155876019733,0
THB,INR,0.35,0.09937263908561343,82.1604162008105,8.164497386246929,1
GBP,INR,0.2,-0.022117342526896358,1917.4672536238538,-42.409280032506025,0
GBP,INR,0.2,0.009475503803569603,1516.6364012279691,14.370893988467737,1
KRW,INR,0.3,0.022355652057433326,689.1327267191994,15.406011459924708,0
EUR,INR,0.15,0.005775337546128958,1673.006699667412,9.662178407514498,0
AED,INR,0.4,0.014594984324835742,404.53256887750774,5.90414650165276,0
EUR,INR,0.15,0.05837795138791539,4298.983778505908,250.96586603905473,1
GBP,INR,0.2,-0.002774729254893178,31.054399362409594,-0.08616755040401394,0
GBP,INR,0.2,0.019759154859884394,552.9755170797274,10.926328875702982,0
KRW,INR,0.3,-0.013499195728751663,1178.4805862397195,-15.908540096183978,0
GBP,INR,0.2,0.018195276839353083,2085.9377396337586,37.95421464229065,0
THB,INR,0.35,0.03408284627837445,1877.6745077488313,63.99649160842583,1
THB,INR,0.35,-0.009564964935464727,1553.7689383205043,-14.86174541284988,0
AED,INR,0.4,0.09664229588795598,139.14693244395713,13.447479017150325,1
EUR,INR,0.15,0.002012748235683275,1275.952219568502,2.5681705787526607,0
GBP,INR,0.2,0.03866705750293411,225.47725044419482,8.718541808529157,0
THB,INR,0.35,-0.005189219794488898,4366.944809972305,-22.661036449348845,0
EUR,INR,0.15,0.06121578826994457,170.44311490648286,10.433809634185087,0
AED,INR,0.4,-0.03,466.56495637721514,-13.996948691316454,0
AED,INR,0.4,0.003134941836989028,1896.6031872099607,5.945740679751239,0
USD,INR,0.15,-0.004804649049095323,7865.09855138831,-37.78903827596884,0
EUR,INR,0.15,-0.002190835523874071,118.6876630190256,-0.2600251483876762,0
AED,INR,0.4,-0.03,68.98941186388494,-2.069682355916548,0
USD,INR,0.15,0.010962462142381807,37.8658276066587,0.4151027016279519,0
KRW,INR,0.3,0.017487911612771228,387.5094759945617,6.776731465304189,0
THB,INR,0.35,0.06628677954211731,3341.5068754499844,221.49772959142237,1
THB,INR,0.35,0.00023227159061736669,492.30492061323065,0.11434844697959151,1
USD,INR,0.15,0.011414504732636353,173.30022095966282,1.978136192310997,0
GBP,INR,0.2,0.007886942274571932,69.9379153870806,0.5515963014618007,0
USD,INR,0.15,0.004723283252870145,3672.048245360253,17.344123981041285,0
THB,INR,0.35,0.0032141166109403005,838.2944458052282,2.694376103121577,0
AED,INR,0.4,2.500247267086045e-06,271.99907773746907,0.0006800649507630316,0
GBP,INR,0.2,0.01365526021788545,2580.564421383336,35.238278683006456,0
THB,INR,0.35,0.005942938820814649,645.2147907655827,3.8344720278045825,0
AED,INR,0.4,0.025150478471374554,444.093666409751,11.169168196312235,0
EUR,INR,0.15,0.0343431557713092,951.9926711464109,32.69443259832592,0
KRW,INR,0.3,0.01160320234599934,460.3958975616994,5.342066758676383,0
USD,INR,0.15,0.009231961284881442,292.11450546765263,2.6967898052296575,0
KRW,INR,0.3,0.037869818739688435,69.8538086896433,2.6453510733536647,1
USD,INR,0.15,0.002874228793128452,1437.1691675085917,4.130753001849642,0
GBP,INR,0.2,0.034931648842447864,344.56905468876965,12.036365220362315,0
GBP,INR,0.2,0.04432135315425087,154.81527576409613,6.86162251081324,1
GBP,INR,0.2,-0.010216537598892675,6422.490890878446,-65.61561966520536,0
AED,INR,0.4,0.04233248738103147,6904.785833366448,292.29675915971006,0
KRW,INR,0.3,0.06261425033076412,2303.072386112377,144.20515091391061,1
THB,INR,0.35,-0.03,1032.8690449240498,-30.986071347721495,0
THB,INR,0.35,0.011389673505337254,1273.9506814525118,14.509882323646014,0
THB,INR,0.35,0.008868642450891587,151.45346771597625,1.3431866531206456,0
AED,INR,0.4,0.02285642696531711,2771.6536349194903,63.35009887969302,0
GBP,INR,0.2,0.03416360626301531,295.42063386991634,10.092634217502226,0
KRW,INR,0.3,0.11261628745876129,451.4485468929262,50.84045932973385,1
USD,INR,0.15,0.012680199051003342,453.67649293130074,5.752708235130004,0
THB,INR,0.35,0.000927544264396403,1210.3395668921207,1.1226435232428131,0
GBP,INR,0.2,0.0002340867312162001,828.9301483576606,0.1940415488356046,0
USD,INR,0.15,-0.01955040118645158,1586.5305160749804,-31.01730808381393,0
EUR,INR,0.15,0.021301695956491777,433.9073789369393,9.242963059392945,0
AED,INR,0.4,0.06103024801488376,165.69401155457493,10.112346619756725,1
GBP,INR,0.2,0.08039964759306825,37.75286681042936,3.035317187186563,0
GBP,INR,0.2,0.11353217964110131,2322.0849173849997,263.6313619824457,1
USD,INR,0.15,0.01559797749383986,351.69195311827673,5.485683169503464,0
THB,INR,0.35,0.017380814376015078,499.75580540595587,8.686162887096831,0
EUR,INR,0.15,0.039429624079608476,783.7546123289846,30.90314973479114,0
THB,INR,0.35,0.013179723468928015,573.3952238671037,7.5571904889725,0
USD,INR,0.15,0.07022690532091692,1490.7336167564852,104.68960856266574,1
EUR,INR,0.15,-0.03,302.37069020872235,-9.07112070626167,0
THB,INR,0.35,-0.025235931612401105,1511.708655982827,-38.14937626025741,1
USD,INR,0.15,0.010500449207480757,7333.664635548101,77.0067730102707,0
GBP,INR,0.2,0.05585505089640686,1363.8646580059083,76.17872988873054,0
USD,INR,0.15,0.042558618084891385,228.89138935513958,9.741301222485559,0
AED,INR,0.4,0.1083923700961281,7857.779163784558,851.7233072545797,1
AED,INR,0.4,0.02138854665684172,1780.526174873574,38.08286716501136,1
KRW,INR,0.3,0.007373481837993854,160.28813992988128,1.181881688618797,0
GBP,INR,0.2,0.02655508334865468,176.48738450785822,4.686637205592242,0
KRW,INR,0.3,-0.03,227.47270960921108,-6.824181288276332,0
THB,INR,0.35,0.08318175231183325,201.69848247194662,16.777633210654106,0
EUR,INR,0.15,0.004888474542347114,546.6139002086627,2.6721081356631133,0
AED,INR,0.4,0.026935212675465725,1089.930814970255,29.3575183027675,1
AED,INR,0.4,0.0024754921901694515,311.77306488510374,0.7717917872282679,0
KRW,INR,0.3,0.0016299253138874533,77.26914093423568,0.12594292879104796,0
AED,INR,0.4,0.01952615834750525,1015.7781022274116,19.834244070020812,0
USD,INR,0.15,-0.00874620525956501,218.67940124704728,-1.9126149293454522,0
AED,INR,0.4,0.0032843207028352573,4025.9030511661563,13.222356738552637,0
KRW,INR,0.3,0.04177663315017584,205.18771391412338,8.572051851113562,0
AED,INR,0.4,0.018744412980768992,438.12947544329717,8.21247982675685,0
AED,INR,0.4,0.05898025900279509,384.01570780082795,22.649345907234512,0
USD,INR,0.15,-0.024772353281469275,372.85518852531993,-9.236500452978055,0
USD,INR,0.15,0.018652844670031345,2424.656798570175,45.22674664186495,0
USD,INR,0.15,-0.02497696070461189,107.30291856477807,-2.6801007804826313,0
THB,INR,0.35,0.022908659492712927,1884.0633424287719,43.161365574403334,0
THB,INR,0.35,-0.03,968.3519108160049,-29.050557324480145,0
AED,INR,0.4,0.013455034676767307,172.32103244552843,2.318585467090929,0
AED,INR,0.4,-0.012343650477092858,417.56575851402914,-5.154285774299336,0
EUR,INR,0.15,0.025985698370835912,1822.9300116870434,47.37010943484389,1
KRW,INR,0.3,0.012525837199569905,1168.521643507009,14.636711870742657,0
EUR,INR,0.15,0.02072783662822781,1728.928426448175,35.83694596531675,0
GBP,INR,0.2,0.02190915391173348,136.27574681525746,2.9856863114118997,0
THB,INR,0.35,0.026147260506897314,177.88660525024994,4.651247408165893,0
EUR,INR,0.15,-0.0060625345840187635,1510.9213883292414,-9.16001317047967,0
THB,INR,0.35,0.03489147528571756,95.77117509677875,3.3415975889733844,0
THB,INR,0.35,0.05879507273972448,104.45218309245496,6.141273702743908,1
KRW,INR,0.3,-0.0041657981154860566,1835.3813317040574,-7.645828092811051,0
EUR,INR,0.15,-0.006707580917861106,2436.318625265424,-16.34180432065996,0
KRW,INR,0.3,0.05183604714057463,1130.1391928719038,58.58194847711897,0
GBP,INR,0.2,-0.013940796186993834,2071.689799463345,-28.88100525699262,0
THB,INR,0.35,0.0012537064055467995,521.5785461268747,0.6539063642750497,0
USD,INR,0.15,0.0063635237223161,164.19554748278438,1.044862261505378,0
AED,INR,0.4,-0.017466374078052092,84.72307495736729,-1.4798049202482244,0
THB,INR,0.35,0.018131663160955595,1139.5707760242565,20.66231345894059,0
EUR,INR,0.15,-0.007914337210602631,1757.2639826876152,-13.90757972703637,0
GBP,INR,0.2,0.014244179560107968,219.99588328714606,3.133660864026664,0
EUR,INR,0.15,-0.03,854.9234911759347,-25.64770473527804,0
THB,INR,0.35,0.17340487020228829,1947.391925079203,337.6872440013435,1
KRW,INR,0.3,0.011971295100429363,473.0002970294147,5.662426138329866,0
THB,INR,0.35,-0.03,177.03440302575734,-5.31103209077272,0
THB,INR,0.35,0.0072828070853336885,422.4487537355809,3.076612776895875,0
EUR,INR,0.15,-0.01587037328793147,2370.917898629951,-37.62735208629539,0
GBP,INR,0.2,0.009477364805585543,1656.0223277244381,15.694727726039439,0
USD,INR,0.15,-0.014961021321917957,4665.3028399474815,-69.79769526165867,0
THB,INR,0.35,0.007537293062056721,6356.70619547965,47.91235750472174,0
AED,INR,0.4,0.014137234828064008,5406.647724226781,76.43504851001185,0
THB,INR,0.35,0.012776003774272668,785.316264205776,10.033203555490704,0
USD,INR,0.15,-0.01244601573429758,2427.8716204364464,-30.217328388806575,0
USD,INR,0.15,0.09022348848825323,817.1013847550935,73.72173738118695,1
KRW,INR,0.3,0.020893308055450442,1298.9930787036797,27.140262555253962,0
GBP,INR,0.2,-0.029545435383507783,1725.0656543289376,-50.9678158222842,0
THB,INR,0.35,-0.00408703701478607,639.1975748081742,-2.612424148002496,0
AED,INR,0.4,0.037487175633327034,530.3547277522803,19.881500827215074,0
AED,INR,0.4,0.030080011910904828,3108.061530038217,93.49052784337465,1
GBP,INR,0.2,0.006316494334462344,2114.7893907208504,13.358055205069324,0
KRW,INR,0.3,0.041524007285950036,739.589167697447,30.710705988078512,1
KRW,INR,0.3,0.014058864020411933,187.0194975935467,2.62928168583343,0
KRW,INR,0.3,-0.007566443627916272,67.59969404376564,-0.5114892742465401,0
AED,INR,0.4,0.06529308752583947,7014.277976764827,457.98386586747404,1
EUR,INR,0.15,0.03635090777127221,1541.7546190906103,56.04417996449569,0
KRW,INR,0.3,0.08870813394070945,1773.6013943762946,157.3328700497614,1
EUR,INR,0.15,0.033569801179571486,1192.3100288942742,40.02561061438992,1
GBP,INR,0.2,0.10535394751204422,1312.5276141348834,138.27996536767512,1
THB,INR,0.35,0.007754720660661159,691.8596675226744,5.365178458016244,0
AED,INR,0.4,0.0009217088295730494,1854.3368193677152,1.709158619413628,0
AED,INR,0.4,0.06030016007008509,989.3569490899532,59.658382396575206,1
KRW,INR,0.3,0.06802509990154512,1372.2042260323078,93.34432956117014,0
USD,INR,0.15,0.08665852652032506,1792.1028515823514,155.30099249099936,1
THB,INR,0.35,0.023340756975335948,4999.587797962794,116.69416376910458,0
EUR,INR,0.15,0.024411283628060568,108.82410227430627,2.6565360261871613,0
THB,INR,0.35,0.052683245238980575,263.75415460565597,13.895424809889771,0
EUR,INR,0.15,-0.003987656638629872,948.2333101571683,-3.7812288542182104,0
GBP,INR,0.2,-0.0011108323230729234,560.4919959942546,-0.6226126259740775,0
EUR,INR,0.15,0.00977027414922786,509.9503289742798,4.982354516567649,0
THB,INR,0.35,0.01461081534912094,302.2776452462103,4.416522858859463,1
GBP,INR,0.2,-0.00983235829628446,1118.1306022198453,-10.993860703065835,0
AED,INR,0.4,0.028634018101946893,744.139260736246,21.307697062291048,0
GBP,INR,0.2,0.05215908694354803,309.54123198976407,16.145388031967077,0
USD,INR,0.15,-0.01858347477709652,738.7566012753415,-13.728664666213861,0
THB,INR,0.35,0.015826073788237097,280.9908930287166,4.446982606895105,0
AED,INR,0.4,0.02418849985479262,4611.45063343726,111.5440729772805,0
EUR,INR,0.15,0.028662596921927998,2381.353807533909,68.25578431384294,1
KRW,INR,0.3,0.023355196559366867,278.08024250381567,6.49461872295302,0
KRW,INR,0.3,0.0061312480317811955,186.4363908444023,1.1430877544171312,0
EUR,INR,0.15,0.006282443481670112,386.1324437917341,2.425855254560731,1
AED,INR,0.4,0.012575040405090282,1159.1560211681347,14.576433801992978,0
KRW,INR,0.3,0.03333613649194029,856.1456694450809,28.54058889360481,1
USD,INR,0.15,0.03929525358184612,4014.6970146577023,157.758537245255,0
GBP,INR,0.2,0.017549022504294118,344.85049410227947,6.051789081617849,0
GBP,INR,0.2,-0.0008770056332504748,1681.7683620345938,-1.4749203273267626,0
AED,INR,0.4,0.010711586210478874,682.7135618086962,7.312945174376947,0
AED,INR,0.4,-0.025315462623317325,1921.2314509820249,-48.63686298807716,0
EUR,INR,0.15,0.059420105656211794,1510.187982555782,89.7355294842059,1
USD,INR,0.15,0.06068954933311796,667.8417003106998,40.531011817719595,0
USD,INR,0.15,0.0009237534077855061,119.15928168357055,0.11007379252447134,0
USD,INR,0.15,-0.0008906064059778125,428.7710861717038,-0.3818662760425841,0
GBP,INR,0.2,0.03294396016390539,233.95450515191797,7.707387897890984,1
AED,INR,0.4,-0.007934804091485786,439.8774463613618,-3.490341361140453,0
AED,INR,0.4,0.011056995789828314,91.53423251946836,1.0120936235929276,0
USD,INR,0.15,0.05445118076542401,221.0473928988413,12.036291548460511,1
AED,INR,0.4,0.047431347271984683,2857.6952929248,135.5443378362322,0
USD,INR,0.15,-0.02127997841584195,105.7394519506936,-2.2501332552137168,0
KRW,INR,0.3,0.003497438754337578,139.6289338868936,0.48834364460286117,0
EUR,INR,0.15,0.04664787048115675,136.3749214153918,6.361599671063127,1
EUR,INR,0.15,0.13274449836550367,1027.5100788792886,136.39630998633027,1
USD,INR,0.15,-0.013272131092579862,4158.523091996195,-55.192463628494046,0
GBP,INR,0.2,0.029662253999209784,225.65197708250824,6.6933462596452244,0
USD,INR,0.15,0.020420039362077848,2698.752600988872,55.108634340702736,0
USD,INR,0.15,0.018018996452903495,242.78943742898372,4.374822011835293,0
EUR,INR,0.15,-0.03,555.9359936014681,-16.678079808044043,0
AED,INR,0.4,0.004321097896651442,2098.3166611839524,9.067031711150653,0
KRW,INR,0.3,0.008360600961709194,2268.820455814022,18.968702484824203,1
EUR,INR,0.15,0.015768082297281015,128.4229546126649,2.0249837171924847,1
KRW,INR,0.3,0.012205893847148716,2140.267593717662,26.123879053410196,0
GBP,INR,0.2,0.008587266815984214,441.04601852951583,3.78737983924047,1
THB,INR,0.35,0.05778541140360794,301.35881478703897,17.414143092572736,1
THB,INR,0.35,0.0035137370847667555,20351.968301862875,71.51146577025307,0
USD,INR,0.15,-0.03,218.66478382655114,-6.559943514796534,0
GBP,INR,0.2,0.10975539998354358,678.707381469802,74.49180012500162,1
EUR,INR,0.15,0.034009428718453916,633.0968438603829,21.531261983147843,0
GBP,INR,0.2,0.02301890300896778,448.824637076338,10.331450788895388,0
KRW,INR,0.3,0.027502076929959055,1658.5568750830053,45.6137587712453,0
EUR,INR,0.15,0.02092954777192578,194.75400611910584,4.076113274843752,1
EUR,INR,0.15,0.004455464907096612,2128.6498040386373,9.484124501392229,0
USD,INR,0.15,0.03414013371965274,4492.079539866879,153.3601961703714,0
THB,INR,0.35,0.05417561235989655,185.4724485501017,10.048083476091165,0
EUR,INR,0.15,0.00874676585192418,571.8105898292358,5.001493340886984,0
THB,INR,0.35,-0.00512266909820437,1208.7547437895737,-6.19205057331879,0
GBP,INR,0.2,0.00843407238576737,353.0130866031948,2.9773379255345103,0
USD,INR,0.15,-0.03,2469.4421923429118,-74.08326577028735,0
KRW,INR,0.3,-0.0013742578240094547,425.4520836964155,-0.5846808547609244,0
EUR,INR,0.15,-0.020680072466457325,3167.7419382139933,-65.50913283730137,0
USD,INR,0.15,0.038986500749511294,786.4934759938982,30.662628491321854,1
USD,INR,0.15,0.021982383904776658,3833.7575315498016,84.27512985635664,0
EUR,INR,0.15,0.02610192686146124,800.0460862152386,20.88274442818847,0
AED,INR,0.4,-0.01599084857061949,1102.4629356124378,-17.62931785809912,0
USD,INR,0.15,0.05162589283656904,1487.5601752029029,76.79662219297293,1
THB,INR,0.35,0.032996787898860756,2259.0686105763807,74.5420077921629,0
AED,INR,0.4,0.023593045116558437,1538.5240155177655,36.29846651101929,1
EUR,INR,0.15,0.03295623134324007,374.2238378509043,12.333007374369563,0
AED,INR,0.4,0.02128673966409491,2176.0838064556906,46.32172947527498,0
GBP,INR,0.2,0.03850308954431322,7958.10846846524,306.41176296467444,0
KRW,INR,0.3,0.004460007640374017,118.0162159784496,0.5263532249519154,0
THB,INR,0.35,-0.012400730357649997,2412.1381435191365,-29.91227470318326,0
USD,INR,0.15,0.06441218148011918,1691.8603714371327,108.97641728403043,1
EUR,INR,0.15,0.03152961344409452,182.0411205724707,5.739686162579805,0
USD,INR,0.15,0.0920971879330412,1158.087543908876,106.65660617428985,1
EUR,INR,0.15,0.03753325412223876,1571.2206756327105,58.97302490063821,0
KRW,INR,0.3,0.03344413385907877,210.43382639721165,7.03777705850649,0
KRW,INR,0.3,0.02007361433759008,1151.0709843515954,23.10615501506411,0
AED,INR,0.4,-0.010184124212749857,1524.1385598224308,-15.522016410673315,0
EUR,INR,0.15,0.044800968789677285,760.0279814924277,34.049989878123675,0
EUR,INR,0.15,-0.0010815866204475725,470.45949187721953,-0.5088426918769641,0
AED,INR,0.4,0.08418188350872674,390.03317288871204,32.83372712465663,1
KRW,INR,0.3,0.008433322713612504,304.58480458684664,2.56866195074348,0
KRW,INR,0.3,0.044878466501432894,5820.307571295625,261.20647836642695,1
GBP,INR,0.2,0.00457541846459934,81.72696826021881,0.37393507963352934,0
EUR,INR,0.15,0.05497191645360086,545.6093928396963,29.993193959483676,1
EUR,INR,0.15,-0.005976640236290834,2929.1298340787107,-17.506355223674717,0
EUR,INR,0.15,0.03140915716355935,406.8578812084092,12.779063134107684,0
EUR,INR,0.15,-0.03,501.53395301579536,-15.04601859047386,0
THB,INR,0.35,0.0417421305203022,429.1148949825281,17.91216995456646,1
THB,INR,0.35,0.03269997890456144,1221.34126331828,39.93783354577817,0
GBP,INR,0.2,0.01617582175558346,5311.405810385108,85.91635366035983,0
KRW,INR,0.3,-0.010521973060242171,398.55079917475933,-4.1935407720548055,0
THB,INR,0.35,0.006836011004516494,2093.2054277498505,14.309175338811635,0
USD,INR,0.15,0.06246830885126063,126.15467454094448,7.880669172253986,0
GBP,INR,0.2,0.08064781713149331,488.8774812220795,39.42690170530332,1
KRW,INR,0.3,0.13202339119842169,118.38080623967349,15.629035492564972,1
USD,INR,0.15,-0.0048188382179775655,3439.8896887871874,-16.57627189795465,0
USD,INR,0.15,-0.021672417823164848,1125.9715647719786,-24.40252620874104,0
KRW,INR,0.3,0.11173488998651859,2243.7087438421504,250.7005496549925,1
KRW,INR,0.3,-0.02975354576700745,299.591141364766,-8.913898735986564,0
THB,INR,0.35,0.06408905609602643,142.20800348632253,9.113976712738847,1
KRW,INR,0.3,0.009021884161166178,580.1768487368201,5.234288322294024,0
GBP,INR,0.2,0.08581690755456758,285.1299904505972,24.468974031533637,1
KRW,INR,0.3,0.046578098834793094,572.9229510771191,26.685661839991383,0
GBP,INR,0.2,0.07538201168029791,591.1254032010081,44.56022204861921,1
GBP,INR,0.2,0.004379283416590116,2204.8265884910843,9.655560515435965,0
AED,INR,0.4,0.022337900880071964,563.6560818262705,12.590893686284963,0
KRW,INR,0.3,0.09547809404508223,286.72613240350324,27.376064634804383,1
THB,INR,0.35,0.023461261310682352,1354.7864766809178,31.784999549589674,1
USD,INR,0.15,-0.003764676675017665,1226.1409502551603,-4.616024235709597,0
KRW,INR,0.3,0.019335912939635234,259.40011911144325,5.0157381196698765,0
USD,INR,0.15,0.004597390720417019,196.40341139167137,0.9029432209903162,0
THB,INR,0.35,0.006930364636301572,746.1719508456947,5.171243700741157,0
AED,INR,0.4,0.0776868001676572,1253.1394228045988,97.35239192163414,1
USD,INR,0.15,-0.02458351942429026,1962.6962341245976,-48.24998099558339,0
THB,INR,0.35,-0.009151130060009999,382.4047258143592,-3.4994353814896644,0
THB,INR,0.35,-0.03,995.4170629986426,-29.862511889959276,0
EUR,INR,0.15,0.03526323236216577,1028.5905351460956,36.271427046381206,1
KRW,INR,0.3,0.03852147466754035,161.5073624748425,6.221501772195902,0
AED,INR,0.4,0.05552246689473383,1476.702138286598,81.99014558640029,0
USD,INR,0.15,0.005792489420708933,1365.0195068319326,7.9068610523852945,0
AED,INR,0.4,0.02580399548410276,595.8822305155501,15.376142385280335,0
THB,INR,0.35,0.001833035852275327,440.6826262250116,0.8077870533452934,0
AED,INR,0.4,-0.009717412730231667,3456.7604067398283,-33.590767581814404,0
KRW,INR,0.3,-0.018393771196457347,192.2032955751485,-3.5353434420143444,0
KRW,INR,0.3,-0.0015301150903058464,1096.54663497811,-1.6778425534041028,0
AED,INR,0.4,0.027330440041467605,58.369136993046546,1.5952541988606672,0
KRW,INR,0.3,-0.0009554234095539779,4002.237915618452,-3.823831795186387,0
EUR,INR,0.15,0.04518095341919409,505.8742504999639,22.855880947808593,0
AED,INR,0.4,0.0037677688883818727,425.29934941594246,1.602429656978439,1
GBP,INR,0.2,-0.015652021104890612,1051.2242759686856,-16.45378455343522,0
THB,INR,0.35,0.04117683665534734,1884.9909350787543,77.6179638305483,0
GBP,INR,0.2,-0.01761815762744187,1467.2860419352023,-25.85087677135968,0
AED,INR,0.4,0.10520187809932846,371.623956300277,39.09553814949191,1
EUR,INR,0.15,0.03663440680649007,488.0146282210105,17.87812641776651,0
THB,INR,0.35,0.04171458089118674,1199.5422535477799,50.03840236801529,0
GBP,INR,0.2,0.017187291947832445,3675.8999958432228,63.17876639959354,1
THB,INR,0.35,-0.0090396966259055,460.716669731007,-4.164738924865802,0
AED,INR,0.4,0.05230866431158012,790.9159989187473,41.37175948609882,0
USD,INR,0.15,0.07089139593850852,194.06766144118706,13.757727426087614,1
KRW,INR,0.3,0.03238813843542435,82.39778943106097,2.6687110108661485,0
USD,INR,0.15,0.06995721773933233,1479.0978003859645,103.47356687936843,1
EUR,INR,0.15,0.02447321621428087,1155.225438354748,28.27208192909314,0
USD,INR,0.15,-0.014398733271491175,1472.3245676822096,-21.199608739119693,0
AED,INR,0.4,0.031961339324960994,196.9106461148687,6.293527977174631,0
AED,INR,0.4,0.04148771241651414,368.612357265843,15.29288347141866,1
USD,INR,0.15,0.022492145903453907,3016.424380921493,67.84585728242185,0
USD,INR,0.15,0.012061044165871062,427.01428876138937,5.150238196209136,0
KRW,INR,0.3,-0.007556386223709013,524.697580607139,-3.9648175697132344,0
KRW,INR,0.3,-0.017544359073494345,653.2936171580436,-11.461617799842664,0
GBP,INR,0.2,0.05485417468257472,1035.7054582798658,56.812768128179854,0
AED,INR,0.4,0.007296525240214581,2526.324460668401,18.433390192238477,0
GBP,INR,0.2,0.023988380660930862,525.343292046908,12.602134867287802,1
KRW,INR,0.3,0.0274034060492392,619.4787340515514,16.975827288083327,0
USD,INR,0.15,0.04316166955346402,6422.302681887603,277.1973061279585,0
EUR,INR,0.15,0.08163308056726012,1054.7242006234358,86.10038564573196,1
KRW,INR,0.3,0.013968901273438571,2662.9984488759715,37.1991624236685,0
EUR,INR,0.15,0.029391162319843574,463.72498435434386,13.629416286925442,0
AED,INR,0.4,0.073106995215695,407.18585724252534,29.768134517327965,1
THB,INR,0.35,0.0344941804235341,3261.0160787223026,112.4860769834928,0
THB,INR,0.35,-0.012000299542269098,918.7528056638741,-11.025308873266638,0
THB,INR,0.35,0.03254957213304205,4454.7199718088705,144.99922905489586,0
KRW,INR,0.3,-0.018530905421118196,417.667583247286,-7.739758482622468,0
USD,INR,0.15,-0.0013992804495135697,207.33637358050356,-0.29012173402424046,0
AED,INR,0.4,0.09194171128891541,1103.2992848824972,101.4392243159334,1
GBP,INR,0.2,0.04045371932987283,2274.541054884137,92.01364543855574,0
AED,INR,0.4,0.015110359287535345,257.69992921278356,3.893938518777585,0
GBP,INR,0.2,-0.008036422064396661,1283.30740999908,-10.313199985120338,0
USD,INR,0.15,-0.02358137735240433,239.67723762400578,-5.651919383193561,0
AED,INR,0.4,0.013404366868695736,1550.3065837029799,20.780878206909097,0
KRW,INR,0.3,0.016683668735631572,901.533959428626,15.040893933029508,0
AED,INR,0.4,-0.0232451080955665,838.1372242610224,-19.482590376865527,1
THB,INR,0.35,0.0016442805342016097,1564.4846235993878,2.5724516126422055,0
USD,INR,0.15,0.015821515299114394,170.35331000661816,2.6952475005244865,0
GBP,INR,0.2,0.0058226188610779285,1827.6345195736594,10.641619224826687,0
KRW,INR,0.3,-0.009009091030403265,414.7459240601871,-3.736483784346946,0
GBP,INR,0.2,7.211671080367861e-05,632.8502779240906,0.04563908047507928,0
USD,INR,0.15,0.012635531984146523,534.3104924163204,6.751297316391494,0
AED,INR,0.4,-0.02105447674321234,450.40161098658984,-9.482970243622528,0
GBP,INR,0.2,-0.01021945205593487,214.76427509545348,-2.194773212665594,0
THB,INR,0.35,0.026292776914922815,600.2044464661193,15.781041614278408,0
THB,INR,0.35,0.04571275401467935,1173.5828270715451,53.647703089773515,1
AED,INR,0.4,0.00306992211645793,1189.9052196041591,3.6529163501515383,0
GBP,INR,0.2,-0.00015227822228909386,98.84710313745487,-0.01505226114419834,0
USD,INR,0.15,0.03354241855764307,2729.1547554131835,91.54245111465099,0
GBP,INR,0.2,0.019225410945629177,772.1222047619624,14.844366686793965,0
GBP,INR,0.2,0.005163179428288873,216.19991950716445,1.1162789767971015,0
EUR,INR,0.15,0.00329254557354862,820.120820882201,2.7002851785707516,0
AED,INR,0.4,0.0631332717766228,721.0036093114602,45.51931681858638,1
AED,INR,0.4,0.010403119697511811,789.948351914141,8.217927259814992,0
THB,INR,0.35,-0.03,288.82494279494216,-8.664748283848265,0
GBP,INR,0.2,0.04126613358371945,2436.7505452973896,100.55527351244329,0
GBP,INR,0.2,0.08711031742061096,824.631659780134,71.83392563853273,1
AED,INR,0.4,0.006868145731861558,2219.617139467918,15.244653982803344,0
KRW,INR,0.3,0.05053630885945156,176.6886678342044,8.929193089634397,1
AED,INR,0.4,0.03977726707865479,557.674676030399,22.182774531463465,0
USD,INR,0.15,0.02521711854172253,2515.244085861109,63.42720827452611,0
KRW,INR,0.3,0.01716000940453834,6452.15891768847,110.71910770711007,0
AED,INR,0.4,0.028257095482674105,888.2029854394602,25.098036567559024,0
AED,INR,0.4,0.04787435559834643,73.2610286507699,3.5073245371276043,0
KRW,INR,0.3,0.036209997195338524,603.4839669922134,21.852152752219812,0
EUR,INR,0.15,0.02420683442881961,2449.543239857979,59.29568763347646,0
EUR,INR,0.15,-0.0024784737867591406,2797.8362587579736,-6.934363826975901,0
EUR,INR,0.15,0.04003340916243009,531.2512027553487,21.26779676793798,1
GBP,INR,0.2,-0.03,1882.5527999097671,-56.47658399729301,0
EUR,INR,0.15,0.00046488673821463815,1049.3639201019662,0.4878353700163292,0
THB,INR,0.35,0.009001447160403393,2306.38651887848,20.760816381151358,0
AED,INR,0.4,0.007019391093352391,2005.5992538054848,14.07808553899642,0
THB,INR,0.35,-0.02175371856510476,511.6047582525963,-11.129305927595437,0
KRW,INR,0.3,0.039693112803005345,143.81775727649656,5.708574462651221,0
THB,INR,0.35,0.09129814710753273,265.18109508314933,24.21054262903799,1
THB,INR,0.35,0.07298759610132019,370.82973227144697,27.06597072138907,1
THB,INR,0.35,0.03270555316489876,1136.5345447692157,37.17099097769359,0
USD,INR,0.15,0.051692105157678477,2453.3248819155624,126.81752778192838,0
AED,INR,0.4,-0.03,1092.6262807597848,-32.77878842279354,0
GBP,INR,0.2,0.00998484122819271,587.189575139588,5.86299467861872,0
KRW,INR,0.3,0.005829052214880981,159.68027406950455,0.9307846552376476,0
GBP,INR,0.2,0.028232795413456968,139.6525952662865,3.9427831511113762,0
EUR,INR,0.15,-0.010268331325828049,75.79694668456298,-0.7783081620432165,0
KRW,INR,0.3,0.10206760843388402,672.1934231382953,68.60917510471164,1
EUR,INR,0.15,-0.0043771946698221275,2536.686624038285,-11.103571169749468,0
KRW,INR,0.3,0.0379545754287677,2802.7914074641035,106.37875788569829,0
GBP,INR,0.2,0.019976792214492316,694.0799368415624,13.865490678531842,0
USD,INR,0.15,0.004994968642490754,3565.5497911896846,17.80980940023193,0
USD,INR,0.15,0.002946855576652218,2912.7224888604696,8.583372509538803,0
AED,INR,0.4,0.0049814836072707815,23816.93574450736,118.64367498668493,0
AED,INR,0.4,-0.03,4632.466292201232,-138.97398876603697,0
AED,INR,0.4,0.010155715591972168,384.64321125163514,3.9063270578544755,1
GBP,INR,0.2,0.026274768814008503,25.6113564843245,0.6729324706387838,1
EUR,INR,0.15,-0.03,112.46309579536829,-3.3738928738610485,0
USD,INR,0.15,0.0076862536977614585,689.5143537051036,5.299782250825455,0
USD,INR,0.15,0.009818185125007336,172.1269438625469,1.6899741998442308,0
KRW,INR,0.3,0.059959656679917456,141.29899085833802,8.472238981084743,1
USD,INR,0.15,-0.01879993868947858,758.1638812264728,-14.253434483634809,0
EUR,INR,0.15,0.050080779915564005,224.47809082074144,11.24203786225954,0
USD,INR,0.15,0.007976876167954913,575.4869020857576,4.590587754218082,0
KRW,INR,0.3,-0.018029233009552698,40.413850876152594,-0.7286307342594706,0
THB,INR,0.35,-0.018010447973409734,268.85187143318876,-4.842142643001289,0
GBP,INR,0.2,-0.01708787767524527,1470.0866231410776,-25.120660388249128,0
AED,INR,0.4,0.0343565565771613,148.49227203386496,5.101683145402708,0
AED,INR,0.4,0.03889819504703214,2350.840462861021,91.4434508488233,0
EUR,INR,0.15,0.02022662345835143,1480.231036248507,29.940075801563896,0
THB,INR,0.35,0.025712947852519256,168.61315044214285,4.335541144567803,0
USD,INR,0.15,0.02985229314676581,1834.3943654472544,54.760878344106885,1
EUR,INR,0.15,0.008812563863628423,856.0214754784103,7.543743921290923,0
THB,INR,0.35,0.0009076051111858927,328.77987147646803,0.2984022918070833,1
USD,INR,0.15,-0.005831817617756816,592.2257378722671,-3.4537524918125175,0
USD,INR,0.15,0.10771313972930582,1390.1709555888165,149.73967838696078,1
AED,INR,0.4,0.06807440614170521,243.0428760501846,16.544999454088384,1
AED,INR,0.4,0.0804389467396742,1194.0789337627132,96.05045175590584,1
GBP,INR,0.2,-0.00800530052516975,172.29601907265257,-1.3792814119669627,0
THB,INR,0.35,-0.0033759166097899213,985.5360934072178,-3.3270876672808978,0
GBP,INR,0.2,0.024303142940209757,1359.8335974758904,33.04823029435622,0
AED,INR,0.4,0.09116461333983447,734.9393532745052,67.00046196949828,1
USD,INR,0.15,0.024813342989681107,577.8489444165505,14.33836405403304,0
AED,INR,0.4,0.0017650622459424326,332.19144581801015,0.586338579438401,0
GBP,INR,0.2,0.03671980803485731,142.13827511050255,5.2192901764633906,0
USD,INR,0.15,0.007936615266978529,613.5382110967699,4.86941673306532,0
KRW,INR,0.3,-0.0024069383272424787,5203.034171378532,-12.5233823650433,0
KRW,INR,0.3,-0.02071199742908661,619.7909853763476,-12.837109295685968,0
AED,INR,0.4,0.006630003697663021,86.90760909515195,0.5761977696559099,0
KRW,INR,0.3,-0.010753335264511487,2111.7125139593377,-22.707952644869152,0
GBP,INR,0.2,-0.0007408744631877181,139.58432240468696,-0.10341445993099382,0
USD,INR,0.15,0.007980139417282796,1887.3720379849935,15.06149199540141,1
EUR,INR,0.15,0.03519642243637284,70.75843400980175,2.490443734345193,0
USD,INR,0.15,-0.026485126834463718,2045.1002652441223,-54.16473991418597,0
GBP,INR,0.2,-0.0035822449657187116,136.3257535808131,-0.4883522444626774,1
AED,INR,0.4,-0.010645006252195352,148.1272959173477,-1.5768159911609574,0
EUR,INR,0.15,-0.021054549045234308,2438.2054161648894,-51.33531551699959,0
AED,INR,0.4,0.03791703187668806,878.7615313753182,33.32002899716515,0
GBP,INR,0.2,0.061817545705658596,130.16611363776386,8.046549679130418,1
GBP,INR,0.2,-0.001992668488945583,641.427913482595,-1.2781531911268809,0
THB,INR,0.35,0.013068197525338407,653.5118310586263,8.540221693419712,0
AED,INR,0.4,0.1269201914168444,2688.8589033592516,341.2704867072425,1
USD,INR,0.15,0.01802493909215058,2214.2818308559818,39.91229513403474,0
GBP,INR,0.2,-0.001144745846311506,1205.7662381356724,-1.3802958927284614,0
EUR,INR,0.15,0.02634583057655948,501.8401176739319,13.221394716758084,0
AED,INR,0.4,0.01903730383450447,849.050451968086,16.163631424939798,1
KRW,INR,0.3,0.020235512155208267,398.8304030175143,8.070537468127522,0
AED,INR,0.4,0.009439098700485662,620.45889028334,5.856572704978251,0
EUR,INR,0.15,0.03364720391386598,2412.325098826007,81.16799450673557,0
EUR,INR,0.15,0.08691610794047964,353.23484747824733,30.70179813175821,1
EUR,INR,0.15,0.04547343898468278,242.83203918065817,11.042407917207758,1
GBP,INR,0.2,-0.03,968.7879150933304,-29.06363745279991,0
KRW,INR,0.3,0.027686442771609525,1689.719859936706,46.78233220218967,0
USD,INR,0.15,0.01962338129730732,1663.5985542742528,32.64542875617287,0
EUR,INR,0.15,0.020945594156089313,983.0450796828807,20.5904632761781,0
KRW,INR,0.3,0.051300912067052826,877.5469804559725,45.018960479079574,1
AED,INR,0.4,0.06121770644247127,94.57652316544325,5.789757831491689,0
THB,INR,0.35,0.09980833841701199,1074.2341275014935,107.21752333677267,1
GBP,INR,0.2,-0.00017972510555061723,2178.182501559685,-0.3914740800013219,0
USD,INR,0.15,-0.005290039480071606,361.8903780406042,-1.9144143872928348,0
GBP,INR,0.2,-0.007432092011745351,890.2903295943304,-6.616719646712158,0
AED,INR,0.4,0.042862767488293305,291.91622215665785,12.5123371563618,0
EUR,INR,0.15,0.029159711914309987,404.7728595948661,11.80305997651774,0
GBP,INR,0.2,0.010807825949385497,927.0850497152576,10.019773857599905,0
THB,INR,0.35,-0.03,1674.8488016902888,-50.24546405070866,0
EUR,INR,0.15,0.009891937940095692,965.5059803724021,9.550725238635051,1
KRW,INR,0.3,0.013574765870230413,83.82969141815607,1.1379684339751324,0
THB,INR,0.35,0.013635575404371998,3557.2849302042696,48.5056269006365,0
GBP,INR,0.2,0.0580218604802569,1260.6338685780518,73.14432243932222,0
THB,INR,0.35,-0.008585562127719598,353.8741320510649,-3.0382083461172673,0
EUR,INR,0.15,0.03188225133541322,3329.000211780576,106.13602144763216,0
EUR,INR,0.15,0.02924592054587554,1598.4525489071423,46.74821624169052,0
KRW,INR,0.3,0.023968095923612133,551.2713458557719,13.212924497409901,0
KRW,INR,0.3,0.06294809001762257,317.89600467763455,20.010946318690305,0
AED,INR,0.4,-0.009626114525000258,890.4860962374032,-8.571921145301644,0
AED,INR,0.4,0.12192680631902186,845.0609810925251,103.0355865694309,1
THB,INR,0.35,0.0437782997962541,13179.391453250653,576.9713501725961,0
THB,INR,0.35,0.07776985747601331,616.1593760327321,47.91862685657487,0
GBP,INR,0.2,0.06095822461577078,350.737752521335,21.380350699426163,0
THB,INR,0.35,0.015969303105678186,1910.2052745409394,30.504647023209476,1
USD,INR,0.15,0.027075691522721775,731.3560734054591,19.801971436795274,1
USD,INR,0.15,-0.014482505757065884,809.1889307095761,-11.719083347555422,0
AED,INR,0.4,0.026492118734071465,249.28403839961982,6.604062343791559,1
USD,INR,0.15,0.05382987005163964,429.15444429951776,23.10132796872666,0
GBP,INR,0.2,-0.011012324637667286,1517.297605616231,-16.7089738050012,0
GBP,INR,0.2,-0.0019459962675947799,630.4741537972782,-1.2269003501044806,0
KRW,INR,0.3,0.014251185124678014,646.7291065811314,9.216656223405321,0
KRW,INR,0.3,0.023016160618226686,543.9238311830203,12.519038262589612,0
GBP,INR,0.2,0.025701316577070907,763.1849716754625,19.614858563893954,0
EUR,INR,0.15,0.020612342160786792,401.3548944691174,8.272864412703923,0
GBP,INR,0.2,0.017743169478400055,1177.2098577239803,20.8874340172398,0
AED,INR,0.4,0.09432213802884767,1165.1971611216322,109.90388746213605,1
KRW,INR,0.3,0.029681824700029613,2033.1449101683743,60.34745081337514,0
THB,INR,0.35,0.029746445641097893,1466.7632944331747,43.630994606214095,0
USD,INR,0.15,-0.011362336568451358,410.0671629500582,-4.659321121108548,0
AED,INR,0.4,0.0004220615716501643,590.1223429587354,0.24906796353504115,0
AED,INR,0.4,0.013101045194300536,6478.647104623944,84.87704851560261,0
THB,INR,0.35,0.04887788844270299,761.3936633591453,37.21531453864926,0
GBP,INR,0.2,0.039676941968543884,208.982875843391,8.291801437257638,0
GBP,INR,0.2,0.0027501713263779213,22.699487805758565,0.06242748048686248,0
EUR,INR,0.15,0.07268738094647084,5364.9207782012545,389.9620403527514,0
USD,INR,0.15,0.09570170076468164,7524.248788482813,720.0834060344006,1
EUR,INR,0.15,0.007952640510687675,2185.1272318455353,17.377531344981623,0
THB,INR,0.35,0.025704246476723903,4646.633903811416,119.43822315067041,0
KRW,INR,0.3,0.013538303303742491,4955.395242899477,67.08764378829582,0
EUR,INR,0.15,0.04335782748799552,1063.4794138740426,46.11015696378533,0
KRW,INR,0.3,0.023647477927883104,539.5856349903147,12.759839393636256,0
KRW,INR,0.3,0.060490173857998326,1308.3805760879598,79.1441685199887,1
GBP,INR,0.2,-0.017863307875201545,82.51283173208606,-1.4739521168849528,0
AED,INR,0.4,-0.005037544670544318,1277.4990995655248,-6.435458780641475,0
KRW,INR,0.3,0.015032134402386897,653.0896074926249,9.817330756631241,1
USD,INR,0.15,-0.006391322037025698,189.91451019439094,-1.2138047941563523,0
EUR,INR,0.15,0.016127857109315448,1591.0554112698137,25.66031432596268,0
USD,INR,0.15,0.009534129033172302,107.61411890357878,1.0260068954178667,0
KRW,INR,0.3,-0.0035357911268565165,262.4603858320054,-0.9280051033761424,0
AED,INR,0.4,0.04387379824507596,618.6481468896307,27.14244398132577,1
GBP,INR,0.2,0.030116191937346798,307.4092708513438,9.2579966042789,1
KRW,INR,0.3,0.00011383653024316098,405.3636538074896,0.046145191836134525,0
KRW,INR,0.3,0.007111463275870988,3050.5570379048086,21.693924346009826,0
EUR,INR,0.15,-0.026291021093237624,594.2485306465486,-15.623400653853874,0
EUR,INR,0.15,0.010486447802507293,155.97150396146728,1.635587034970486,0
KRW,INR,0.3,0.06262903452431044,155.74582686906137,9.754210767999721,0
GBP,INR,0.2,0.01005365705316355,250.86352376247618,2.5220958350560805,0
GBP,INR,0.2,-0.023566162422760488,305.8203761463952,-7.207012656455656,0
KRW,INR,0.3,0.006321512379647326,302.4908760023629,1.9121998173793013,0
USD,INR,0.15,0.031849743775172065,730.7906975573271,23.27549647048013,0
GBP,INR,0.2,0.06640480573758412,244.41665912127755,16.230440767977754,1
THB,INR,0.35,0.0051380101612887715,3133.838950118228,16.10169636954999,0
USD,INR,0.15,0.0035427834171220408,1886.3713190602523,6.6830050277012925,0
THB,INR,0.35,0.06821367412929093,428.7531507185114,29.246827705019296,1
USD,INR,0.15,0.007974404081530008,647.5249759632493,5.163625811213955,0
USD,INR,0.15,0.004243749378141168,198.9810908013489,0.8444258803500757,0
KRW,INR,0.3,0.0368805385295479,2337.2532410666586,86.19915821046962,0
AED,INR,0.4,0.013142909268854107,508.45103653832285,6.682525840878002,1
AED,INR,0.4,0.05454626305491641,614.8725154541256,33.53899797319889,1
EUR,INR,0.15,0.002721702781399247,1057.7125358805858,2.8787791508270413,0
GBP,INR,0.2,-0.006525626365687353,358.55194763149626,-2.3397760429326433,0
THB,INR,0.35,0.0307159844856219,271.6385640596354,8.343645919352372,0
USD,INR,0.15,0.038742883230665756,1202.074148848673,46.571818383446065,0
USD,INR,0.15,-0.008131091915944631,387.39475772574326,-3.1499423828231197,0
GBP,INR,0.2,0.038162254398223766,1683.0531932607694,64.22910412696035,0
GBP,INR,0.2,-0.021290089811618604,205.75088622727858,-4.380454846598882,0
THB,INR,0.35,0.05471721841046025,263.00441992000765,14.39087028767946,1
GBP,INR,0.2,0.020657029516990173,2238.9946400479607,46.25097836785351,0
EUR,INR,0.15,-0.024390852219659045,376.76643167360027,-9.189654356279052,0
AED,INR,0.4,0.0717351853502156,178.37221595485465,12.795563972850182,0
GBP,INR,0.2,0.016045051788893715,954.9781720595219,15.322674227958082,0
EUR,INR,0.15,0.058719698604310394,82.65162299060893,4.853278391165648,1
USD,INR,0.15,0.009031909174344153,4482.123767346009,40.4821347748384,0
GBP,INR,0.2,0.014692732579969586,249.13502535631986,3.66047430386435,1
GBP,INR,0.2,0.03235193718094047,769.705615361611,24.901467715995963,0
AED,INR,0.4,-0.02210540607324136,273.64719685932874,-6.04908240737968,0
USD,INR,0.15,-0.01979686760478125,6851.580656061282,-135.63983513152544,0
USD,INR,0.15,0.019213630884804614,108.51481681366414,2.0849636357899324,1
THB,INR,0.35,-0.009642505521958568,4016.4784449104495,-38.72891558387657,0
AED,INR,0.4,0.018347922259832523,156.50868192253614,2.871609128903549,0
GBP,INR,0.2,0.021762074903227666,7092.643328217585,154.35063537054904,0
THB,INR,0.35,-0.02497943953068081,301.8566221804519,-7.540209240692162,0
USD,INR,0.15,0.019361030611295797,1961.4673823722894,37.97603003316813,0
USD,INR,0.15,0.08960479145641512,441.1672804414543,39.53070216135031,1
THB,INR,0.35,0.013025459630865368,6352.741058643387,82.74737220470035,0
USD,INR,0.15,0.07537025467951461,1807.7085315387542,136.24745240840727,1
USD,INR,0.15,0.1228623915238089,1075.662603160098,132.15847989697542,1
EUR,INR,0.15,0.07903403972411335,1260.3927425055008,99.61393007916392,1
AED,INR,0.4,0.045182492663364715,1085.0398761826698,49.024806245081635,0
KRW,INR,0.3,0.08856776553950173,186.74014771819444,16.539157619916963,1
GBP,INR,0.2,0.029936692330195608,4005.163331145208,119.90134237667543,0
EUR,INR,0.15,0.023723734415283984,2321.9268862946788,55.08477678216225,0
KRW,INR,0.3,0.029550684689353193,222.75204286396226,6.582475382582236,0
GBP,INR,0.2,0.015868257560243543,4353.9011593866135,69.08882498898976,0
EUR,INR,0.15,0.022840875846628805,79.84454340052139,1.8237193028420744,0
THB,INR,0.35,0.003447046035999066,576.4075222275673,1.9869032646145794,0
GBP,INR,0.2,0.05127117743650697,761.2353574378778,39.029433082140244,1
THB,INR,0.35,0.03296102608552174,620.4488702716517,20.450631397756407,1
USD,INR,0.15,0.014839633495292633,518.4208063984422,7.69317476328694,0
AED,INR,0.4,0.0068346596134981966,3627.355994193165,24.791743517292623,1
AED,INR,0.4,-0.008240109092541642,2060.885768428963,-16.981923559121164,0
EUR,INR,0.15,0.00779760773343636,541.6204663442533,4.223343936953357,0
EUR,INR,0.15,0.022782592505938844,2266.4040087294384,51.63455898470906,1
THB,INR,0.35,0.053348370174683434,1489.0134551501626,79.43644100043527,0
EUR,INR,0.15,0.03125941021316322,1267.777380770527,39.629973204475526,1
KRW,INR,0.3,0.010894428049923199,541.4101183760152,5.8983535801479,0
KRW,INR,0.3,0.07372374092247969,379.4750164280514,27.976317797695383,1
GBP,INR,0.2,0.07190121132220083,467.24944798683435,33.595801299883064,1
EUR,INR,0.15,-0.00352572659323629,1962.6110919851665,-6.9196301191926155,0
THB,INR,0.35,0.007616472720082935,5304.899878515465,40.404625207484315,0
EUR,INR,0.15,0.034851110942949744,2122.773322938582,73.98100858446661,0
AED,INR,0.4,-0.0035238475869933204,49.572507628729596,-0.17468596138870676,0
GBP,INR,0.2,0.08986877036006066,89.16676819067685,8.013307814276699,1
AED,INR,0.4,0.0009930788280756025,1403.9396688032632,1.3942227609839941,0
AED,INR,0.4,-0.01335270092020221,1169.1971162053533,-15.61193940945299,0
THB,INR,0.35,0.01626570580258255,1755.1071852791413,28.548057127749257,0
THB,INR,0.35,0.06479175988925003,22.364575834781764,1.4490402275121035,1
EUR,INR,0.15,0.006907670262205429,425.2636404908175,2.937581003015641,0
GBP,INR,0.2,0.05666562696566873,4529.781635791794,256.6829164097145,0
GBP,INR,0.2,0.053142344820369274,769.8636005081153,40.91235692285328,0
GBP,INR,0.2,-0.00668333453041201,45.13693542303668,-0.3016652391097581,0
GBP,INR,0.2,-0.010008385154132595,365.48136495874814,-3.657878267165252,0
USD,INR,0.15,0.015430198438210023,380.80191481523747,5.8758491112494635,0
THB,INR,0.35,0.0847241968551847,143.8756321867848,12.189747384057304,1
KRW,INR,0.3,-0.03,211.5550441921643,-6.346651325764928,0
EUR,INR,0.15,-0.0031382590026274235,1759.446540230256,-5.521598944519274,0
KRW,INR,0.3,0.035398430589088904,409.9127387943987,14.510267631796854,0
THB,INR,0.35,0.041521237999982745,1394.0894704112472,57.8843206942153,0
USD,INR,0.15,0.03622801825486714,215.80842463775218,7.818311547330606,1
EUR,INR,0.15,-0.008401591336712857,458.0026546968358,-3.847951135892426,0
GBP,INR,0.2,-0.015117938880035818,3032.974300085516,-45.852320093412246,0
KRW,INR,0.3,0.036454252345602546,1169.8277758800336,42.64519694282573,0
KRW,INR,0.3,0.047314028958301266,695.5429440040866,32.90893899435147,0
KRW,INR,0.3,0.015209557812990526,379.60707691447885,5.773655782551107,0
AED,INR,0.4,0.039567983197016945,517.31794286588,20.469227670832513,0
THB,INR,0.35,-0.0116993855632083,514.7534814956276,-6.022299450021157,0
KRW,INR,0.3,0.022737857825669443,3368.4429464933637,76.59117681124516,1
KRW,INR,0.3,-0.008122600795619833,227.08966473879988,-1.844558691484417,0
GBP,INR,0.2,-0.0077964826126442465,568.9959744860466,-4.436167221745032,0
USD,INR,0.15,0.03941333134469414,330.1454912000691,13.012133636625126,0
KRW,INR,0.3,0.028472242561061824,226.75520951404343,6.456229327268239,0
GBP,INR,0.2,0.008937896936429489,39.282130748833744,0.35109963607642375,0
GBP,INR,0.2,0.11176258283883944,752.3923797763649,84.08931567206753,1
GBP,INR,0.2,0.10162292614395249,1481.3278743688695,150.53687317196577,1
KRW,INR,0.3,0.03839872988962438,385.26987209232175,14.793873753083197,1
THB,INR,0.35,-0.018850996983026176,48.151312416620975,-0.9077002450944729,0
USD,INR,0.15,0.020532994855810907,1753.4281920855826,36.003132048127085,0
GBP,INR,0.2,0.05505845060544199,1682.7737379849148,92.65091473297741,1
GBP,INR,0.2,0.1106430451235443,300.96648620184084,33.29984851350485,1
USD,INR,0.15,0.0019597728117246097,3309.699238118819,6.486258581850916,0
THB,INR,0.35,0.022029242830328095,429.97434604049596,9.472009279737607,1
AED,INR,0.4,0.022676789680578617,491.7994219189857,11.152432055886983,0
KRW,INR,0.3,0.04686073937306133,627.2870161389956,29.39513337539479,1
THB,INR,0.35,0.010438938748245625,223.38694560800351,2.331922642359626,0
KRW,INR,0.3,0.014069915452497812,3999.946926676008,56.278915072809895,0
AED,INR,0.4,0.03192048581229178,363.0133132647989,11.587561315742045,1
GBP,INR,0.2,0.02192156462205143,871.4202840975656,19.1028960708112,0
KRW,INR,0.3,-0.006563602506863558,106.52851270886235,-0.6992108130683353,0
EUR,INR,0.15,0.02779893666793163,207.91695354139935,5.779870223686643,0
AED,INR,0.4,0.059514602960244724,806.7803548332962,48.01521249402898,0
USD,INR,0.15,0.11024498476072682,74.13686730028589,8.173217805728044,1
EUR,INR,0.15,-0.012393150040086134,740.4620140722946,-9.176656839382318,1
AED,INR,0.4,0.09308591199325528,342.7210272697797,31.902499382672755,1
AED,INR,0.4,-0.03,195.60067221467216,-5.868020166440164,0
USD,INR,0.15,0.040498194497144716,452.36238570081116,18.319859879303845,1
USD,INR,0.15,0.003940584615339816,2641.1361361383506,10.407620425084831,0
USD,INR,0.15,-0.01536702183918308,715.2192894863291,-10.990790441341424,0
THB,INR,0.35,-0.0068226333002350415,1473.5199063063983,-10.053285981325251,0
EUR,INR,0.15,0.010115820367596933,1916.8372647351837,19.390381443976967,0
GBP,INR,0.2,0.009998253631146772,2555.5214789883144,25.550751906768483,0
GBP,INR,0.2,0.04524369951411081,1409.745640071746,63.78210813073389,1
KRW,INR,0.3,-0.027496690981562925,660.3313652805538,-18.156927496552935,0
EUR,INR,0.15,0.10276363068072752,1269.1035528513241,130.41768880081264,1
AED,INR,0.4,0.03485878799538559,1963.9748433199422,68.4617826915605,0
GBP,INR,0.2,0.0829756515418664,63.43342311831196,5.263429612772825,1
KRW,INR,0.3,0.05292644421238573,4833.367685113951,255.81296514413148,1
GBP,INR,0.2,0.051134889197381406,356.91942011006006,18.251034999721547,0
USD,INR,0.15,0.09610788211013113,122.64537692623334,11.787187426979031,1
GBP,INR,0.2,0.07557135632534595,1846.160347366949,139.51684144459216,1
KRW,INR,0.3,0.03889985041902067,3494.211455419077,135.9243029482306,0
THB,INR,0.35,-0.009044009267066144,464.2228569177377,-4.198435819947941,0
USD,INR,0.15,0.016635483296166414,698.7984643150703,11.624850180500093,0
USD,INR,0.15,0.02883461149961731,780.9779180045612,22.5191948554415,0
THB,INR,0.35,0.0244298329296932,152.19741729576103,3.71815747686624,0
GBP,INR,0.2,0.0056897656501380366,83.04840987719511,0.4725259898178492,0
THB,INR,0.35,0.0025121240613130615,150.9813581964063,0.37928390273491824,0
USD,INR,0.15,-0.03,750.1628811172909,-22.504886433518728,0
EUR,INR,0.15,-0.02865694797453531,3258.5001264370835,-93.37866859832423,0
EUR,INR,0.15,0.038244160105700094,593.5592808611746,22.70017616947897,1
KRW,INR,0.3,-0.00010392898698256998,666.5757905809139,-0.0692765466621801,0
THB,INR,0.35,-0.0023259168156766277,741.2497442623278,-1.7240852447957482,0
THB,INR,0.35,0.02884234748885027,776.9627306185121,22.40942906238509,0
THB,INR,0.35,0.0004212855318538964,351.9676180304459,0.14827886515730546,0
THB,INR,0.35,0.07349987941860084,251.67331591663967,18.49795837275245,1
EUR,INR,0.15,-0.016784636596327555,237.33679050027905,-3.98361177948591,0
AED,INR,0.4,-0.01504054663725995,738.3010309476927,-11.104451088305872,0
GBP,INR,0.2,0.051649202848406815,373.3059061719333,19.280952472382506,1
AED,INR,0.4,-0.013901463792084864,10733.920500768363,-149.21720718854883,0
EUR,INR,0.15,0.04290668878749921,1919.3415471113606,82.35259043882441,0
AED,INR,0.4,0.009291503865838492,120.81281634113398,1.1225327500764821,0
EUR,INR,0.15,-0.03,3515.0985274259865,-105.45295582277959,0
THB,INR,0.35,0.032283597540131166,520.4912764775916,16.803330892951706,0
THB,INR,0.35,0.020432393272812644,366.20590308487715,7.482463030655723,0
THB,INR,0.35,0.018562974278512702,949.6544458116433,17.62841105107677,0
KRW,INR,0.3,0.02335700912375319,2096.1769649284793,48.96042449483576,0
EUR,INR,0.15,0.00034718059784645885,2249.054242526059,0.7808279965093119,0
USD,INR,0.15,0.11998740301494477,845.8264915520912,101.48852412257754,1
GBP,INR,0.2,-0.010588065421424429,636.7314948805954,-6.741754723677118,0
AED,INR,0.4,0.001199833906455311,147.6449683143708,0.17714943910110212,1
THB,INR,0.35,-0.02426753957432337,2789.994193282426,-67.70629449761368,0
AED,INR,0.4,-0.007592438654883576,1435.3165985119374,-10.897553224538044,0
THB,INR,0.35,0.021302432211267194,135.86496958476081,2.8942543044652465,0
AED,INR,0.4,0.045382773810490565,404.37374186373677,18.351602061903666,0
KRW,INR,0.3,0.016190109406984055,3065.4525214063524,49.63001170348398,0
GBP,INR,0.2,0.013878883571633908,412.4274698916125,5.724032836369239,0
KRW,INR,0.3,0.015340592939666421,139.69904093077108,2.143066120980757,0
AED,INR,0.4,0.08736374238379097,1468.673002423555,128.30876982976028,1
AED,INR,0.4,0.033386434121219395,1224.117612861339,40.86892203841944,0
AED,INR,0.4,-0.00931821966421253,32.90535870195558,-0.3066193605145293,0
EUR,INR,0.15,0.005159762224112298,1625.390995062942,8.386631055738068,0
KRW,INR,0.3,0.0383876631525798,6173.850096875541,236.99967787338042,0
THB,INR,0.35,0.05362501265153526,4686.724057475929,251.32563687640138,1
KRW,INR,0.3,0.003101213707596546,430.92385186542015,1.3363869563353443,0
USD,INR,0.15,0.020335884717952328,70.62747439640346,1.4362721772453904,0
THB,INR,0.35,0.026161234213556525,10652.08371437173,278.67165691409,0
USD,INR,0.15,0.043857188083625,2391.6962049565363,104.89307029967094,0
EUR,INR,0.15,0.004507599394588764,453.0616299929243,2.042220329067504,0
EUR,INR,0.15,0.008292621317746513,204.59128402173906,1.6965980433038048,0
AED,INR,0.4,0.07848800850881707,2120.8644925103285,166.46243033419867,1
EUR,INR,0.15,0.02497797196308657,238.38462262739387,5.954364420418017,1
AED,INR,0.4,0.05783129474676535,1872.6037046692772,108.2950967886137,1
THB,INR,0.35,-0.01573406724971594,4403.543273671247,-69.28564600497769,0
EUR,INR,0.15,-0.03,327.5634549385863,-9.826903648157588,0
KRW,INR,0.3,-0.018886294845441493,1587.7881932361306,-29.987435969568395,0
AED,INR,0.4,0.023229589490423145,1074.3781302580114,24.95736292338197,0
GBP,INR,0.2,0.025753864661706254,4031.053272321249,103.81520041948957,0
KRW,INR,0.3,0.007777185227413446,291.06046007474106,2.2636311103774376,0
EUR,INR,0.15,-0.027865397629894595,102.79859674212848,-2.864523774014597,0
USD,INR,0.15,-0.03,1926.3181857541128,-57.78954557262338,0
THB,INR,0.35,-0.03,1415.962971202057,-42.4788891360617,0
GBP,INR,0.2,-0.004016834118848324,501.55243804155583,-2.0146529455168816,0
USD,INR,0.15,0.043260808609470416,575.5323127401288,24.89799323001658,0
EUR,INR,0.15,0.021362221189582822,264.0802303296328,5.641340292097594,0
THB,INR,0.35,-0.0041097024676430855,146.04520614976465,-0.6002023441011309,0
EUR,INR,0.15,0.06641611410987448,956.2448994496796,63.51007035883537,1
USD,INR,0.15,0.012139867598613137,476.25453031615206,5.781666941277773,0
EUR,INR,0.15,0.08736200825057425,2235.519089035847,195.2994371006659,1
THB,INR,0.35,0.011002977060914467,54.04208454927766,0.5946238166197022,0
USD,INR,0.15,-0.03,5011.263040699901,-150.33789122099702,0
GBP,INR,0.2,-0.007227794943044754,1165.8761280821166,-8.426713582768521,0
THB,INR,0.35,-0.023614643925336777,1022.6952845101938,-24.150584987829216,0
THB,INR,0.35,0.01172355145240124,932.9803150274656,10.93784272730201,0
THB,INR,0.35,-0.006371899348944774,197.37265693838614,-1.257638704245203,0
EUR,INR,0.15,0.0003918693285306918,364.22728883365266,0.1427295031077978,0
KRW,INR,0.3,-0.015527769724618027,602.9600084529235,-9.362624164410736,0
AED,INR,0.4,0.05388732190114302,3402.2823234106277,183.3398827601973,1
AED,INR,0.4,-0.01824369545011518,695.7041391649308,-12.692214438309545,0
KRW,INR,0.3,0.01372599251562494,4182.215978868204,57.40506522467199,0
THB,INR,0.35,-0.0050746484694539976,1028.0085953901932,-5.216782245182398,0
KRW,INR,0.3,0.07440480017074987,214.93081748316408,15.991884525370734,1
GBP,INR,0.2,0.021015181424248477,917.0817666636865,19.272639707307682,0
USD,INR,0.15,-0.010985991346296914,427.27596894925534,-4.694050097357148,0
EUR,INR,0.15,-0.029226050282738565,1226.9076510931752,-35.8576647031258,0
KRW,INR,0.3,0.059327621702047625,1580.558832746927,93.77079650703965,0
GBP,INR,0.2,0.010872811720655759,560.3413393827344,6.092485882408541,0
EUR,INR,0.15,-0.007791538464407643,288.16878236916136,-2.245278152070836,0
EUR,INR,0.15,0.020413366565301065,656.0394448335778,13.39197366868443,0
EUR,INR,0.15,0.04993493233054058,1441.7713833952055,71.99475646594946,0
THB,INR,0.35,0.06861674738258576,1554.6840433307975,106.67736226096635,0
AED,INR,0.4,0.007762664816153298,113.03293984379745,0.8774368251918186,0
EUR,INR,0.15,0.03742367394425926,3751.218419532891,140.38437502629844,0
GBP,INR,0.2,-0.012835628157932566,651.1265190976054,-8.35761788290584,0
THB,INR,0.35,0.03205111699044336,867.7303703182075,27.811727615229607,1
EUR,INR,0.15,0.07607130585672021,467.0829342956857,35.53160875526146,1
USD,INR,0.15,0.058990259795300606,3281.9440580504156,193.60273261803715,1
GBP,INR,0.2,0.02951455679102003,6904.956019829333,203.7967165867485,1
KRW,INR,0.3,0.03523961593157342,9431.654386546967,332.3678781812548,1
EUR,INR,0.15,0.037833308408679246,1108.7509195878772,41.94771548917488,0
GBP,INR,0.2,-0.0021036782721802587,710.740452852842,-1.4951692478260814,0
GBP,INR,0.2,0.001703873180343391,2054.66454078524,3.5008878056465407,0
EUR,INR,0.15,0.012543080211794245,4014.2833783686797,50.35147840775074,0
THB,INR,0.35,-0.022969441662432505,603.72895096287,-13.867316919063217,0
AED,INR,0.4,-0.026035054684385578,391.65033931353844,-10.19663800118614,0
USD,INR,0.15,0.014949152499338873,2927.3557521382045,43.76148755853087,0
KRW,INR,0.3,0.02888107497476431,525.1527291281078,15.166975343150975,0
THB,INR,0.35,0.00935707587782244,49.70396159633668,0.46508374008529485,0
GBP,INR,0.2,-0.03,244.93061161064,-7.3479183483192,0
USD,INR,0.15,0.045477930265788544,4033.3136317968083,183.4267560869096,1
GBP,INR,0.2,0.0018346554834696854,7204.466603901249,13.217714160321648,0
EUR,INR,0.15,0.0020978664598431083,1617.5175908280737,3.3933359020044445,0
USD,INR,0.15,0.008472566760807952,722.9860557092387,6.125547624129743,0
THB,INR,0.35,0.06060967670242004,403.6441319499444,24.464740340315103,1
KRW,INR,0.3,0.033829406358233845,1714.5230940880597,58.00129846048137,0
USD,INR,0.15,0.027767399945871483,4384.778922347282,121.75391001104434,0
EUR,INR,0.15,0.022775256969257925,604.0393092490533,13.757150487680244,0
USD,INR,0.15,0.005786091340405308,5479.513330950615,31.704964633848803,0
EUR,INR,0.15,-0.00947631010766726,439.75679840354906,-4.167271793626946,0
KRW,INR,0.3,-0.021794565054043577,672.18057277091,-14.64988322131987,0
AED,INR,0.4,0.10075441091873447,2019.9178257714948,203.51563063985787,1
AED,INR,0.4,0.06120166859990924,430.5231928107655,26.3487377709793,1
THB,INR,0.35,-0.02521376518333076,5715.188038983323,-144.1014091935061,0
EUR,INR,0.15,0.03157651953131785,408.8515383057288,12.910108584720193,0
USD,INR,0.15,-0.01408661825761725,74.79889085596847,-1.0536634215812055,0
THB,INR,0.35,-0.026468959813267336,881.9738078400972,-23.3449292760739,0
EUR,INR,0.15,0.011952530027108168,5620.739531796256,67.18205802834866,0
THB,INR,0.35,0.0831147327579459,557.3357484399708,46.32281178803793,1
KRW,INR,0.3,0.035730656366418506,234.41504260814517,8.375803334550987,1
AED,INR,0.4,0.0208886579748091,812.2290056746755,16.966373896757574,0
GBP,INR,0.2,0.05456444921120829,366.8447817545298,20.01668346244183,1
GBP,INR,0.2,0.018924252434881685,626.1062338144095,11.84859241975694,0
AED,INR,0.4,0.012380318271169592,357.0797716601458,4.420761221349169,0
THB,INR,0.35,-0.014084908529964227,65.46540333741389,-0.9220742178846895,0
KRW,INR,0.3,0.050667859149901295,470.4885709571982,23.83864864489766,0
THB,INR,0.35,0.05396263879608903,216.0302859526038,11.657564289876184,1
EUR,INR,0.15,0.011818583217430815,165.6404914709662,1.957635932625753,0
GBP,INR,0.2,-0.03,2163.045263283207,-64.89135789849621,0
AED,INR,0.4,0.0016628429757576182,1924.2808356311914,3.1997768709143264,0
GBP,INR,0.2,0.02986007409922177,1397.9344711006079,41.74242689292055,0
USD,INR,0.15,0.015288902557408677,402.4953252727937,6.153711807908253,0
THB,INR,0.35,0.016982896044312617,535.3924014617668,9.092513496940072,0
KRW,INR,0.3,0.023015569129213972,489.5693014534548,11.267716101142984,0
THB,INR,0.35,0.007247497719298106,1477.445256902551,10.707781129789042,0
EUR,INR,0.15,0.047141637887284274,3484.7065485070802,164.274774253169,1
AED,INR,0.4,0.03794830490280805,275.61521946982833,10.459130384295404,1
KRW,INR,0.3,0.02162704622856898,74.28325878880196,1.6065274718341729,0
KRW,INR,0.3,-0.01067451498959063,806.797772395049,-8.61217491499928,0
KRW,INR,0.3,0.034651277672481204,99.5590847067102,3.4498494889902918,1
KRW,INR,0.3,0.020898690742886812,266.5789678207736,5.571151407044322,0
THB,INR,0.35,0.029768982805813235,647.7882789698936,19.28399813846211,0
GBP,INR,0.2,-0.02549539237255244,795.4053329649032,-20.279171059160927,0
EUR,INR,0.15,0.05103445448724938,3073.1183944774766,156.83492083688967,1
USD,INR,0.15,0.040103001894929644,1509.2219669510118,60.52433140050587,0
GBP,INR,0.2,-0.0017688774781195495,2554.0248620120465,-4.517757056970499,0
GBP,INR,0.2,-0.022704723245507652,873.02457105205,-19.821781272264825,0
EUR,INR,0.15,-0.02320052147810562,644.0604048259992,-14.942537255362994,0
AED,INR,0.4,0.07429051686665974,1998.20502850411,148.4476843731289,1
GBP,INR,0.2,0.008229078802097745,742.0004433723428,6.105980119702474,0
GBP,INR,0.2,0.08269277347384704,77.92421546822592,6.443769497841254,1
AED,INR,0.4,0.006730563780814948,3455.590668921774,23.25807339756699,0
EUR,INR,0.15,0.0612816974225378,5030.686753105859,308.28902343140237,1
THB,INR,0.35,-0.027464474930674762,4641.7089391712225,-127.48209879535699,0
THB,INR,0.35,-0.0018280376152338927,283.27891679535526,-0.5178445155046215,0
GBP,INR,0.2,0.06832076894879516,516.6416147619527,35.29735239148381,1
EUR,INR,0.15,0.005016709581188498,403.61402477249806,2.0248143451782425,0
EUR,INR,0.15,-0.0026658708446979824,887.0020582256524,-2.3646329262108687,0
EUR,INR,0.15,0.004481781076040836,134.39535557653684,0.6023305613307021,0
EUR,INR,0.15,-0.00646115096304292,216.0502163621918,-1.3959330635142069,0
AED,INR,0.4,0.0036185460834450922,895.9743235289357,3.242124379272996,0
AED,INR,0.4,0.04111675442043738,1850.8737874631745,76.10192298234816,0
USD,INR,0.15,-0.03,332.0278782660806,-9.960836347982418,0
KRW,INR,0.3,0.03285192910560084,203.4752926101438,6.684555887569831,0
USD,INR,0.15,0.025884534530471015,431.53501289699886,11.170082942439622,0
KRW,INR,0.3,-0.03,481.5631320878304,-14.446893962634912,0
AED,INR,0.4,0.0031279707314558402,155.69700534621177,0.48701567569827386,0
AED,INR,0.4,-0.0002335143804656093,187.29147945332923,-0.04373525379103157,0
THB,INR,0.35,0.056872166769211877,313.8701485560281,17.850475432555736,1
GBP,INR,0.2,0.0019208083574378827,918.3465526308104,1.763967733317529,0
USD,INR,0.15,0.003387971644442634,1410.4672616501243,4.77862308788527,0
USD,INR,0.15,-0.02215208874899871,271.0078052282035,-6.003388953086521,0
USD,INR,0.15,-0.009565579955063503,549.0500995639823,-5.25198262671485,0
THB,INR,0.35,-0.02691643058795133,2366.9588134607993,-63.71008260705725,0
KRW,INR,0.3,0.07531222055548842,3151.099917616183,237.31633198789137,1
USD,INR,0.15,0.012709956202205249,146.19926020370093,1.8581861939838475,0
AED,INR,0.4,0.04296517090032747,1157.1345235903168,49.716482560726966,0
EUR,INR,0.15,0.029750015832081242,2598.643098505151,77.3096733224569,1
EUR,INR,0.15,0.025477601915394197,1019.0741683479507,25.9635659834305,0
AED,INR,0.4,-0.005199832429206184,429.79404266885183,-2.234857000949122,0
KRW,INR,0.3,0.09501190952818377,1556.4029630338487,147.87681751316916,1
THB,INR,0.35,0.03012333476830814,9214.194011383815,277.5622508250547,0
EUR,INR,0.15,0.01347164042970846,1396.6685800631385,18.815416910082085,0
USD,INR,0.15,-0.03,109.00020042321205,-3.2700060126963613,0
KRW,INR,0.3,0.05379098753933911,389.3420324970614,20.94309241859039,0
GBP,INR,0.2,0.08910246034260817,1733.1732543792994,154.43000116520068,1
KRW,INR,0.3,0.010154133993434025,6594.078184494885,66.95715344854123,1
THB,INR,0.35,0.06349719467037153,1209.7400576662649,76.8150999421813,1
EUR,INR,0.15,0.11069440845428366,1512.7179299849854,167.44941641787645,1
EUR,INR,0.15,0.03843952546654002,142.38534926369232,5.473225259083896,0
AED,INR,0.4,-0.010632299020771613,368.15280025017773,-3.914310657594292,0
GBP,INR,0.2,0.05519077014176715,4768.153267542291,263.15805098964256,0
EUR,INR,0.15,0.005998137834792381,496.66096826742387,2.9790409448294533,0
AED,INR,0.4,0.07592995497831356,3973.8590348064,301.73493760301454,0
AED,INR,0.4,0.054041877379849466,2888.0252993848367,156.0743090992584,0
GBP,INR,0.2,-0.004563912696583714,304.1068335786148,-1.3879170388873106,0
GBP,INR,0.2,0.03319272208903264,1072.4144640634615,35.59635526991736,0
GBP,INR,0.2,0.012184785723003043,652.4504208261062,7.949968572649266,0
THB,INR,0.35,0.05097211036518942,7409.2174651850555,377.66345035510165,1
EUR,INR,0.15,0.06259014041800028,747.0138451404446,46.75570146153074,1
GBP,INR,0.2,-0.021654775490320653,5456.649817175146,-118.16252672022704,0
THB,INR,0.35,0.023956733609207206,205.279764329703,4.91783262940753,0
KRW,INR,0.3,-0.004107246317975481,326.60667313164623,-1.3414540556461756,0
GBP,INR,0.2,0.023682666056108963,507.1858311855305,12.011512668356973,0
USD,INR,0.15,0.01934437187255599,1300.4460560356715,25.156312108152814,0
AED,INR,0.4,0.014526037528651038,588.198707443229,8.544196498624377,0
AED,INR,0.4,0.029526974530381833,681.7581420457664,20.130255296065783,0
EUR,INR,0.15,0.009893949454774027,1651.218803276194,16.33707537838712,0
GBP,INR,0.2,0.03024143825370603,877.3044652539662,26.530948815678407,0
KRW,INR,0.3,0.0048134077866769705,750.0004840427175,3.6100581699027137,0
EUR,INR,0.15,0.050753249121860265,1037.3330471999545,52.64802256687773,0
AED,INR,0.4,0.03177308230169299,1151.406661340496,36.583738613489125,0
THB,INR,0.35,0.030283257973035445,1790.446787176501,54.22056194305847,0
USD,INR,0.15,0.00847670912131789,2126.8946198791887,18.029067024411866,0
KRW,INR,0.3,0.07551518243125989,827.5977593566449,62.49619577751896,1
USD,INR,0.15,0.009798277802840467,2135.9639221639463,20.92876788620706,0
EUR,INR,0.15,-0.0008541720142700715,971.718821233961,-0.830015022837552,1
AED,INR,0.4,-0.005677320619307402,633.2713211798049,-3.5952843293501466,0
AED,INR,0.4,-0.005267576791256244,4967.382178853821,-26.16606707863026,0
KRW,INR,0.3,-0.004455302455493849,947.8243262355377,-4.222844048053994,0
THB,INR,0.35,0.0407526308637479,360.6555183244324,14.69766120724926,1
USD,INR,0.15,0.053956692029265,348.5418626030024,18.806165939776598,0
EUR,INR,0.15,0.052856180572729526,74.83880560808149,3.955693423068158,1
USD,INR,0.15,0.003983211062493748,240.2222271720587,0.9568558327286305,0
THB,INR,0.35,0.02611304915609311,335.4380127089255,8.759309314690357,0
AED,INR,0.4,0.009396772238625666,1227.4827768519235,11.534376080913297,0
EUR,INR,0.15,0.05374734808126808,326.6221633960939,17.555075107106678,1
USD,INR,0.15,0.06102976257985215,1182.161847103618,72.14705685969328,0
KRW,INR,0.3,0.01674169472468201,568.8213783719181,9.52303386957549,0
KRW,INR,0.3,-0.007918318595554188,147.29495599482198,-1.1663283890851346,0
THB,INR,0.35,0.021454972855606012,1601.3166422969025,34.35620509371021,1
AED,INR,0.4,0.027292967247706718,384.28752038969634,10.48834670769841,0
AED,INR,0.4,-0.022399500516194215,537.4576948390303,-12.038783912979412,0
EUR,INR,0.15,0.011786395160131545,449.4028619188077,5.2968397166690995,0
USD,INR,0.15,0.008544568717816222,2673.44249840413,22.843413140744378,0
USD,INR,0.15,-0.026847218587019245,532.5023481321728,-14.296206938405462,1
USD,INR,0.15,0.013813147072440414,103.35349418929381,1.4276370156873313,0
AED,INR,0.4,0.011557915316865978,138.42502917155736,1.5999047648995626,0
GBP,INR,0.2,0.03915632782748717,218.51779607191727,8.556354459131981,0
THB,INR,0.35,-0.005365242781629358,663.6697716828756,-3.5607494519071525,0
GBP,INR,0.2,0.11708902841094541,275.99879425468475,32.31643066187346,1
AED,INR,0.4,0.0876853088697356,139.87918317708727,12.265349381329223,1
AED,INR,0.4,0.07263622263392235,386.8475520179281,28.09914491376208,0
THB,INR,0.35,0.0018841786409780834,1284.9047625463993,2.4209901092809414,0
AED,INR,0.4,-0.005008466475162178,1355.9360664482551,-6.791160331269362,0
KRW,INR,0.3,0.015945738518958398,1182.6942570649799,18.858933371031934,0
THB,INR,0.35,-0.02215267370034777,1428.4155119036898,-31.643222743717665,0
USD,INR,0.15,0.03872570157495734,314.734407896756,12.18831075558067,0
AED,INR,0.4,0.03510106006979906,2849.005239941493,100.00310406635863,0
KRW,INR,0.3,-0.03,187.46853344291432,-5.624056003287429,0
GBP,INR,0.2,-0.017232748206221657,5552.940034363563,-95.69241741643512,0
USD,INR,0.15,-0.012049019106679352,117.77102306575469,-1.419025307132453,0
GBP,INR,0.2,-0.007537351026734666,2446.69033511065,-18.44156390944804,0
THB,INR,0.35,0.07817712153589967,1826.0832371036136,142.7579311617183,1
USD,INR,0.15,0.022112171245848772,270.39006872715015,5.978911502871563,0
EUR,INR,0.15,0.003500915824516405,192.77333013900974,0.6748832020283845,0
EUR,INR,0.15,0.0621274880375456,6711.266939818329,416.9541565203385,1
EUR,INR,0.15,0.04518233258824856,878.8931358528208,39.71044197363087,0
THB,INR,0.35,0.017631216490439278,1714.1301830733394,30.22220035056236,0
EUR,INR,0.15,0.10523021820384972,399.51352963409124,42.0408958987856,1
THB,INR,0.35,0.033200391478792175,854.2213606342953,28.360483582605113,0
KRW,INR,0.3,0.008524603597232004,6134.035569421529,52.290221680639824,0
GBP,INR,0.2,-0.006680134611908131,1941.7429059703627,-12.971103993599694,0
USD,INR,0.15,0.06229110175664184,4527.636131505681,282.0314429846686,1
USD,INR,0.15,0.006378331121347641,1082.4571816196808,6.904270329051066,0
THB,INR,0.35,0.04222246265696634,478.26325545021183,20.19345244344572,0
KRW,INR,0.3,0.06566438155649104,4728.010776501936,310.4619036314246,1
KRW,INR,0.3,0.10407134625296216,5802.866047176532,603.9120816552668,1
EUR,INR,0.15,-0.011830870271074568,1798.5907694234213,-21.27889406380069,0
AED,INR,0.4,-0.0074900202175590975,517.3653323987285,-3.875076799530659,0
EUR,INR,0.15,0.020788959232149514,132.7094479193907,2.7588913025172825,0
USD,INR,0.15,0.08964239534244381,334.97567931063014,30.028022274867183,1
GBP,INR,0.2,0.023474124933849764,221.02279095420576,5.188316608087185,0
USD,INR,0.15,-0.016713018852060973,1006.7645156688327,-16.826074329959237,0
THB,INR,0.35,0.024916197618362855,2392.9292985871857,59.622699290368736,0
KRW,INR,0.3,0.0380707861374782,4608.431709554384,175.44661804361797,0
AED,INR,0.4,0.0805470508547039,847.3495133237973,68.2515043414005,1
AED,INR,0.4,0.06765513931495207,544.4751543724354,36.836542422597155,1
KRW,INR,0.3,-0.007624628690951639,712.3079854595507,-5.431083902728853,0
EUR,INR,0.15,0.03377790768255797,203.36383141892037,6.869204723639575,0
GBP,INR,0.2,0.009728980811004394,475.4326939535067,4.625475556397792,0
EUR,INR,0.15,0.0029073317908817056,2775.4550153435516,8.06916860027038,0
GBP,INR,0.2,0.02740148092945119,89.43183141355195,2.4505646229643374,0
AED,INR,0.4,0.11303948353718732,2632.751011552607,297.60481462791415,1
USD,INR,0.15,-0.001980084354905407,2351.2611446634214,-4.65569540684502,0
KRW,INR,0.3,0.03479500899438924,1553.74123799994,54.062440351161385,1
EUR,INR,0.15,0.04895999193088656,166.6620708835285,8.159773645642398,1
KRW,INR,0.3,0.01630487135585717,62.52895330652892,1.0195265396793538,0
EUR,INR,0.15,0.005245233945674954,1484.4758206982708,7.786422966260257,0
KRW,INR,0.3,0.016546389106966757,373.33565186138543,6.177356963201561,0
GBP,INR,0.2,0.03990261588769792,1819.3939162793233,72.59857658970826,0
KRW,INR,0.3,0.0025095637772310185,5025.439610491724,12.61166121115199,0
KRW,INR,0.3,0.019133443350673345,4256.296538898178,81.43760871067532,0
EUR,INR,0.15,-0.014550487430272619,291.7569595320021,-4.245205972364953,0
EUR,INR,0.15,0.005054518188494388,1148.1390592517246,5.8032897579086775,1
GBP,INR,0.2,0.03635317520774048,1007.5357450048102,36.6271234662212,0
EUR,INR,0.15,0.022491957681149834,1464.2626899173447,32.934134455707536,0
USD,INR,0.15,0.020587696850550938,96.96537812491037,1.996293809834698,0
USD,INR,0.15,0.019783004298380646,25901.433247616173,512.4081652718102,0
USD,INR,0.15,0.03178889915720355,984.9635776204533,31.310907842495023,0
USD,INR,0.15,0.00506452056205897,458.22901561343684,2.3207102717062917,0
GBP,INR,0.2,0.023756671595523332,431.0488192052475,10.240285239497176,0
GBP,INR,0.2,0.005998944956732826,1496.74005094255,8.978861180141843,0
KRW,INR,0.3,0.040981394026651644,856.1843000514114,35.08762615983983,1
USD,INR,0.15,-0.018529145391491232,862.2960537114673,-15.977608949728909,0
THB,INR,0.35,0.05660139707848663,6311.9762797116355,357.2666757579471,1
THB,INR,0.35,0.11572087145016292,328.55834641681963,38.021058169578886,1
GBP,INR,0.2,0.08713633129912479,126.55358442306745,11.027415059380164,1
EUR,INR,0.15,0.019777008741663365,3774.2527375182276,74.64342938314488,0
EUR,INR,0.15,-0.03,414.7867629741535,-12.443602889224604,0
AED,INR,0.4,-0.019196632682292755,448.51839210674433,-8.610042824525726,0
KRW,INR,0.3,0.03752944174905157,766.722343453368,28.774661526329485,0
KRW,INR,0.3,0.02610776250270501,792.9583783851832,20.702369017410458,0
AED,INR,0.4,0.0026768264984964266,382.0280698655916,1.0226228605856598,0
EUR,INR,0.15,0.012950399102697649,53.54455060142048,0.6934233000629847,0
USD,INR,0.15,0.017659313599158656,594.3549612669143,10.495900650228236,0
KRW,INR,0.3,0.07024900952553392,69.64962715747764,4.892817321635533,1
EUR,INR,0.15,-0.010502282038251596,1549.8035070823464,-16.276473535250258,0
EUR,INR,0.15,0.07116739138030652,20.195074635398893,1.437230780531934,1
AED,INR,0.4,0.0302998893838533,512.9545569382841,15.542466334173488,0
KRW,INR,0.3,0.08605063357875795,2376.77749698489,204.52320949128426,1
THB,INR,0.35,-0.026701750314716326,555.8426413908342,-14.84197142469046,0
USD,INR,0.15,0.006121268085437484,687.9444021880338,4.211092113668981,0
USD,INR,0.15,0.025477079234700252,423.8540707504724,10.798563744460031,0
GBP,INR,0.2,0.054109032905749234,160.2868543241999,8.672966674987167,0
EUR,INR,0.15,0.04128126491311715,3468.9283431434533,143.20174989792545,0
KRW,INR,0.3,0.007578379087579777,1323.1285427984892,10.027169678923975,0
EUR,INR,0.15,0.011311434672236099,1695.6041193424035,19.17971522591602,0
AED,INR,0.4,-0.0097011905808252,1463.1031138113437,-14.193842146482629,0
USD,INR,0.15,0.04392274070463502,3314.6004897983903,145.58633785287094,0
EUR,INR,0.15,0.020381130858084844,1255.1425620001503,25.58122480167693,0
USD,INR,0.15,0.026396704478656205,6171.347188182396,162.90322796163665,0
EUR,INR,0.15,0.03015425026959167,153.01991676337752,4.614200866314971,0
KRW,INR,0.3,-0.01567932395879757,1011.8608769658538,-15.865294491180633,0
THB,INR,0.35,0.01158080366282753,477.70436033572616,5.53220040592466,0
EUR,INR,0.15,0.02572410270101319,131.73969055598357,3.388885329661819,0
AED,INR,0.4,0.0230149720277242,194.42773714627185,4.47474893183516,0
THB,INR,0.35,0.0905986733785978,818.3056975229655,74.13741061372879,1
USD,INR,0.15,0.020004240130012438,59.330533417314214,1.186862237521681,0
THB,INR,0.35,0.02965903952907866,641.8620798114741,19.037012797345152,1
THB,INR,0.35,0.013606338057051002,989.2435576098384,13.459982265599269,0
KRW,INR,0.3,-0.02555304660826077,246.97886101138548,-6.311062346679092,0
AED,INR,0.4,0.02350267711583398,321.53254127542726,7.556875499829929,1
EUR,INR,0.15,0.05409048019376976,1873.7655405524997,101.35287785902328,0
USD,INR,0.15,0.016984899882694367,2077.1205598325446,35.27968475304184,1
THB,INR,0.35,-0.0013357661414614159,2267.2067790442493,-3.028458051139102,0
EUR,INR,0.15,0.00042956297533124944,321.4041615247471,0.13806332790841586,0
EUR,INR,0.15,-0.007375018395676341,2194.5893489349796,-16.185136819350838,0
KRW,INR,0.3,0.11283071676409276,101.70010690154028,11.474895956685646,1
GBP,INR,0.2,0.009426041328052878,535.4996439447482,5.047641774980797,0
THB,INR,0.35,0.08692258425132988,357.78374818377375,31.09948799526067,1
AED,INR,0.4,0.12541732762873914,269.03520398488837,33.74167632183741,1
GBP,INR,0.2,0.006238296462625444,300.1260316235855,1.8722751614192257,0
KRW,INR,0.3,-0.016962533489452813,2021.3533007548842,-34.28727305807071,0
KRW,INR,0.3,0.04480238110302957,474.45441702814935,21.25668760771087,0
THB,INR,0.35,0.015342657358456002,2892.2883096508504,44.37538851684089,0
USD,INR,0.15,0.036449017845969815,733.7828949649316,26.74566583364419,0
KRW,INR,0.3,0.010041551606481357,413.0846679901883,4.148011011469693,0
THB,INR,0.35,0.014734401327658145,460.4604695088576,6.784609353265404,1
AED,INR,0.4,0.00747422052477188,962.2471863530291,7.192047670143801,0
GBP,INR,0.2,0.05344962462808801,1112.9412206638885,59.486290477610915,0
AED,INR,0.4,-0.03,2248.846299527199,-67.46538898581596,0
USD,INR,0.15,-0.013715612754660747,214.74547412965086,-2.945365763978309,0
THB,INR,0.35,-0.020252390686425335,258.9138890409375,-5.243625234998845,0
EUR,INR,0.15,-0.016437866757335787,1405.306574996841,-23.100242233005982,0
GBP,INR,0.2,0.04997122064754385,848.5633314031566,42.40374546696201,0
EUR,INR,0.15,0.023860668162693187,419.46502797379793,10.008715838337608,0
AED,INR,0.4,0.0402286571522553,1072.244952568077,43.13497458009741,0
GBP,INR,0.2,0.07572082943321563,249.9845420194522,18.929036867195467,1
GBP,INR,0.2,-0.002659101726954192,776.3181245913149,-2.064308865766605,0
EUR,INR,0.15,-0.03,1792.0371057187747,-53.76111317156324,0
AED,INR,0.4,-0.0171937168838417,573.2541517092232,-9.856369586975221,0
THB,INR,0.35,-0.010350928075435197,451.2752531449259,-4.671117687526939,0
EUR,INR,0.15,0.020935612143073365,270.24889648421896,5.657826078887191,0
AED,INR,0.4,-0.012363559478178876,2329.8087630947734,-28.80472921530459,0
KRW,INR,0.3,0.07762182788113997,1609.992552131235,124.970564771448,1
EUR,INR,0.15,0.02191075416792812,553.4034690364088,12.125487365735374,0
KRW,INR,0.3,-0.014801050632937419,1052.7067161813072,-15.58116540783281,0
THB,INR,0.35,-0.008767024676291387,1233.0580272976194,-10.810250152617408,0
KRW,INR,0.3,0.01749065179819525,170.18364081946734,2.9766228033224307,0
USD,INR,0.15,-0.019073474671322824,433.1577334680663,-8.261823057990766,0
GBP,INR,0.2,0.009228730904368185,3678.0949625522876,33.94414865010724,0
USD,INR,0.15,0.003174469564601803,463.8058670612718,1.472337608869757,0
GBP,INR,0.2,0.05273901407230611,184.78654209938512,9.745460044152258,0
EUR,INR,0.15,0.07867933368021675,3989.9865833310837,313.9294857694943,1
KRW,INR,0.3,-0.0064755956664917635,3275.990987345286,-21.21399304111921,0
USD,INR,0.15,0.01767598093129555,625.4785253613716,11.055946487222464,0
AED,INR,0.4,0.07370960169674862,121.67569709445752,8.968667169006697,1
KRW,INR,0.3,0.030210279423317436,569.3541605021838,17.200348279599297,0
THB,INR,0.35,0.07238335646705353,1453.444934504347,105.20522279946142,1
KRW,INR,0.3,0.1133581013390566,389.96786212701215,44.2060164339691,1
KRW,INR,0.3,0.029487673058896182,3180.4222329505556,93.78325099449053,1
AED,INR,0.4,0.05545797214605394,645.7077240935391,35.80964097727138,1
EUR,INR,0.15,0.009371778772318125,870.894252603941,8.161828269487474,0
EUR,INR,0.15,0.028012850572525554,2012.8751833648203,56.38637173274368,1
AED,INR,0.4,0.0061144391868060075,166.19319053964304,1.016178156815911,0
KRW,INR,0.3,0.004958552182508088,10667.726916749212,52.89648058544709,0
THB,INR,0.35,-0.013627721652825496,491.6580593790014,-6.70017918158538,0
EUR,INR,0.15,0.07856106783478817,2144.5142878506745,168.47533244050928,1
AED,INR,0.4,0.005137712878380598,1478.8993215916719,7.598160090369863,0
KRW,INR,0.3,0.03219173278587618,257.905123365978,8.302412815505994,0
THB,INR,0.35,0.041783335989627475,763.9819465731294,31.921714363674695,0
THB,INR,0.35,-0.01573248754035965,3825.4485823978357,-60.18382215886043,0
GBP,INR,0.2,0.06602325066461405,702.6559397193323,46.39162923906942,1
KRW,INR,0.3,0.031068304230273146,946.1758164054437,29.396078119411392,0
KRW,INR,0.3,0.0011463828178480406,295.61325021944117,0.3388859507797809,0
USD,INR,0.15,0.05473399843767701,1172.2217658571726,64.16038430103747,0
THB,INR,0.35,0.03913033533784189,420.9703027516735,16.472709113945808,0
KRW,INR,0.3,0.00822736593681578,444.8777975153603,3.6601724373235034,0
GBP,INR,0.2,-0.0010586511012119007,290.51886679332864,-0.30755811825359086,1
KRW,INR,0.3,0.01445608794209069,172.81215725680914,2.498187742766839,0
THB,INR,0.35,0.017879205094960514,548.1429872225335,9.800360889915996,0
AED,INR,0.4,0.023898390963123947,1483.3002181676113,35.44848852945662,1
USD,INR,0.15,0.12128974590950553,332.6588097321031,40.34810250696533,1
EUR,INR,0.15,-0.014196797253397469,834.3164576243557,-11.844621594065758,0
EUR,INR,0.15,0.061362872235119,4235.97213484628,259.93141690209654,0
EUR,INR,0.15,-0.016642067445489163,88.19241123249408,-1.4677040559114825,0
AED,INR,0.4,0.033706161590945506,2536.9767964321136,85.51174985302008,0
THB,INR,0.35,0.015832552664109434,3810.5417395938193,60.33060277090632,0
EUR,INR,0.15,-0.015106791950332992,644.2293892951647,-9.732239352372133,0
GBP,INR,0.2,0.027430951159757827,438.3291310665447,12.023784986185474,0
EUR,INR,0.15,0.0018884731947616529,1847.1497962760982,3.4882928769768595,0
KRW,INR,0.3,-0.0014233709783685756,208.35902378765175,-0.2965721875405512,0
USD,INR,0.15,0.05325955634413824,1365.3020350832967,72.71538066428545,1
AED,INR,0.4,-0.025426913948045554,3813.456096877357,-96.96442001995023,0
EUR,INR,0.15,0.006350614192307827,1463.9063523182122,9.29670445724162,0
AED,INR,0.4,0.025653123658875836,1948.3545822450408,49.9813810296694,0
KRW,INR,0.3,0.056202727602638815,1271.5874532242728,71.46668325649703,0
EUR,INR,0.15,0.06958873146885072,427.5272428077592,29.751078495367295,1
AED,INR,0.4,0.0744263582392508,820.0668320074653,61.03458781911512,0
KRW,INR,0.3,-0.03,433.9543395554877,-13.01863018666463,0
THB,INR,0.35,0.011790459817757,1470.6747867278714,17.339931977903316,0
THB,INR,0.35,0.0298040867311051,1199.2577142731297,35.742780929143215,0
EUR,INR,0.15,0.040513765098280814,7452.204350479894,301.91685651972875,0
KRW,INR,0.3,-0.03,586.1094172629165,-17.583282517887493,0
AED,INR,0.4,0.024302505207524687,421.0317534306537,10.232126380281711,0
GBP,INR,0.2,0.04904941135784628,261.23864172311045,12.813601600441869,1
THB,INR,0.35,0.016222349228331413,415.9696718082771,6.748005284468276,0
KRW,INR,0.3,-0.01064228259027212,3504.9733096995215,-37.30091643318367,0
EUR,INR,0.15,0.020278588332991083,206.83090384564645,4.194238753626326,0
KRW,INR,0.3,0.008881989328933984,64.61812339684096,0.5739374824664808,0
KRW,INR,0.3,0.01782055591917116,1324.1427287827873,23.596959543237553,0
USD,INR,0.15,-0.009090771658214392,160.54748632831948,-1.4595005385110493,0
AED,INR,0.4,0.0024128060125391086,7282.386764051516,17.57098656993872,0
AED,INR,0.4,0.04421828685521608,597.1679083965852,26.405741874209603,0
EUR,INR,0.15,0.021610321060882398,252.443188050808,5.455378343410672,0
GBP,INR,0.2,0.03762493004511037,422.82679272603167,15.908828497515323,0
USD,INR,0.15,0.08202424407203752,984.7313512413871,80.77184469961085,1
THB,INR,0.35,0.030166077918068752,505.66869138025334,15.254041144904583,0
KRW,INR,0.3,0.036697004546438025,2388.0199199095537,87.63317785790547,1
GBP,INR,0.2,-0.016774587015102177,2301.040506433599,-38.59900420044519,0
THB,INR,0.35,0.007769917557708301,4593.288873204867,35.68947586354067,0
EUR,INR,0.15,-0.03,1406.5274858716307,-42.19582457614892,0
USD,INR,0.15,0.035982830719394426,1643.1384867082695,59.124774015745594,0
KRW,INR,0.3,0.05160480136959749,375.6751963859494,19.386643888981446,0
KRW,INR,0.3,0.02076860591811442,85.99327598074086,1.7859604604516612,1
EUR,INR,0.15,-0.0067108733358296185,124.65762490312206,-0.836561531070212,0
AED,INR,0.4,0.07881014069858104,777.1766384316232,61.249400222446475,1
KRW,INR,0.3,-0.0012128947859966245,2740.141051203221,-3.3235027938996966,0
AED,INR,0.4,0.008277250590225223,547.8754071297632,4.534902037034716,0
EUR,INR,0.15,-0.012504005696841574,404.98966806634996,-5.063993116663618,0
THB,INR,0.35,-0.026303548385420726,78.07593998345257,-2.0536742650919493,0
GBP,INR,0.2,0.02664400135019506,10283.371990014744,273.99017718651095,0
THB,INR,0.35,0.054090786961720816,862.5760718560468,46.65741854104341,1
GBP,INR,0.2,0.008681122299980859,1457.0582405820026,12.648900784687298,0
KRW,INR,0.3,0.007000921778317671,223.66820155653178,1.5658835833942697,0
KRW,INR,0.3,0.046712556797135,1051.6016835713738,49.12300337179058,0
KRW,INR,0.3,0.008509453757921776,610.6693090944533,5.19646224712129,0
USD,INR,0.15,0.05952738643924581,176.25299152232708,10.491879937422679,1
GBP,INR,0.2,-0.02153324496031455,2859.1517210319157,-61.56681438768517,0
AED,INR,0.4,0.0364618693029741,946.7177909957501,34.519100362087386,0
THB,INR,0.35,-0.03,2422.6368519222233,-72.6791055576667,0
AED,INR,0.4,0.015476789063441717,375.9775030712461,5.818924507633186,0
AED,INR,0.4,0.022529155910945696,299.71426020479413,6.752309296887554,0
EUR,INR,0.15,0.05396732092387159,5960.623265478513,321.6788686743743,0
AED,INR,0.4,0.040281474234169404,1037.294285356759,41.78374302884945,1
GBP,INR,0.2,-0.03,594.8636255994651,-17.845908767983953,1
AED,INR,0.4,0.054680999115116716,395.12866472434797,21.60603016614932,0
KRW,INR,0.3,0.04858943047143955,500.1432230606933,24.30167436266924,0
THB,INR,0.35,0.012177655482649277,198.47415173704945,2.4169498420648448,0
AED,INR,0.4,0.022268305189009116,4037.0795950626984,89.8989204951775,0
THB,INR,0.35,0.02070882284428622,1064.4297079843955,22.04308625284416,0
GBP,INR,0.2,-0.010000899733808128,691.5906578856229,-6.916528826352514,0
USD,INR,0.15,-0.0005885833347695022,102.45633181194968,-0.06030408944612798,0
USD,INR,0.15,0.002935415422075415,400.53868982866385,1.175747447260941,0
USD,INR,0.15,-0.008510649517178162,418.7908181917866,-3.564181874642576,0
AED,INR,0.4,-0.019500372002357165,2290.353915057006,-44.662753360666755,0
THB,INR,0.35,0.03618802035274408,2232.5497102348386,80.79155435249123,0
AED,INR,0.4,0.01550473285512832,2295.870326298854,35.596856079280016,0
GBP,INR,0.2,0.036953134894869295,599.765941969457,22.163231758945695,0
USD,INR,0.15,0.002880264762115123,200.99540567065185,0.5789199843002127,0
THB,INR,0.35,0.033030550009964604,153.11445568082124,5.057454685613875,0
AED,INR,0.4,0.018502235286597595,331.7198972784256,6.137559588691416,0
AED,INR,0.4,0.035878170516873975,252.69551077295688,9.066252624360711,0
EUR,INR,0.15,0.06338642214535802,95.80359067749913,6.072646841725046,1
THB,INR,0.35,0.032089665902546534,2414.954555414609,77.4950848530876,1
EUR,INR,0.15,0.045267308010522374,458.67735189297474,20.763088965590047,0
AED,INR,0.4,0.000753719714068353,352.13168247887097,0.2654085910323827,0
GBP,INR,0.2,0.05798569854166441,334.21455780644413,19.379664597200144,1
KRW,INR,0.3,0.024815094460043763,1053.4195100006566,26.14070464671931,0
AED,INR,0.4,0.010776585659973286,547.7830216251388,5.903230655622306,0
GBP,INR,0.2,-0.03,1109.156541663809,-33.27469624991427,0
USD,INR,0.15,-0.004286265116356292,2120.4965610236854,-9.089010438869304,0
AED,INR,0.4,-0.01517987468817446,813.9318575545311,-12.355383602390846,0
GBP,INR,0.2,0.02650857636406704,1631.1741158075047,43.24010361197277,0
AED,INR,0.4,0.00539682478738656,6209.723501433443,33.512789715352866,0
THB,INR,0.35,0.011140733249696598,542.5151619870876,6.044016703614083,0
GBP,INR,0.2,-0.02702795731276792,28.909311591507212,-0.7813596396367638,0
KRW,INR,0.3,0.0019231064330743862,3303.324110400509,6.352643847240943,0
THB,INR,0.35,0.07269186420024194,290.8089594910144,21.139445391534476,1
EUR,INR,0.15,0.049733104737644196,389.78006572091283,19.384972833143998,1
EUR,INR,0.15,0.03904762099282258,5018.713363512687,195.9688172900572,0
USD,INR,0.15,-0.014101009079829085,657.0188588871739,-9.264628894786984,1
EUR,INR,0.15,0.07836442273142429,233.35091123178813,18.286409452530908,0
KRW,INR,0.3,0.018515558205950078,8039.035735388528,148.84723407829898,0
AED,INR,0.4,0.03567877589732878,1754.661885665897,62.604188194257866,0
EUR,INR,0.15,0.0021962195666052056,514.7176900836228,1.1304330622394865,0
GBP,INR,0.2,-0.022174514107019032,1138.5051742275239,-25.245799046822388,0
GBP,INR,0.2,0.01844564789829971,1021.9963915473805,18.851385591815827,0
AED,INR,0.4,0.05899967369361244,411.029124487039,24.250584223306507,1
KRW,INR,0.3,-0.009545346583970585,769.3785251067161,-7.34398467640772,0
AED,INR,0.4,0.02329813303422134,334.7068763715366,7.798045333172736,0
KRW,INR,0.3,-0.011009541866750678,324.3352009472986,-3.5707819736902775,0
AED,INR,0.4,-0.02060968183394886,227.84647144167863,-4.695843283400912,0
EUR,INR,0.15,0.07648539311389455,231.31448162348195,17.692179059908753,1
USD,INR,0.15,0.09090451719116266,1236.2877937574763,112.38414500085106,1
EUR,INR,0.15,0.016412560911986222,358.25001057321634,5.8798001202526216,0
KRW,INR,0.3,0.05739550272267675,611.4153359888965,35.092490581437026,1
THB,INR,0.35,-0.009265654272139934,7571.757903721089,-70.15729096822261,1
EUR,INR,0.15,0.09019641071834403,245.6518785492959,22.15691773136506,1
THB,INR,0.35,0.002143734480003101,2012.5176766128536,4.314303534970705,0
USD,INR,0.15,0.05433216487028584,2529.6386602662355,137.4407447518341,1
AED,INR,0.4,0.024118351466465033,2378.2122445899154,57.35855877687028,0
EUR,INR,0.15,-0.024761924836014734,65.51896233678688,-1.622375620717197,0
GBP,INR,0.2,0.00263939787923634,623.4023124253766,1.6454067413265694,0
AED,INR,0.4,0.02261445140469143,1780.3661840409582,40.26200455155017,0
GBP,INR,0.2,0.019472094695070902,544.7161256717322,10.606763981012113,0
THB,INR,0.35,0.017993024647921785,1535.0623433396759,27.620414579807363,0
THB,INR,0.35,0.02953395299516287,708.2855435416068,20.9184719501112,0
KRW,INR,0.3,0.01953111637905247,633.507932878934,12.37311716411142,0
USD,INR,0.15,-0.0033107543714368127,1401.7548953447913,-4.64086614744572,0
THB,INR,0.35,-0.006570082672091025,246.14307625202505,-1.6171803601386097,0
AED,INR,0.4,0.054364384851815314,289.71642134396836,15.750255027834177,1
KRW,INR,0.3,-0.005312528952560182,2012.825514517303,-10.693193822325018,0
GBP,INR,0.2,0.07443245891800818,4409.016965563582,328.1739741581124,1
USD,INR,0.15,0.03382884054697938,290.2872755928665,9.820081958848139,0
GBP,INR,0.2,0.023054096759710437,150.31093123176862,3.465282752659375,0
AED,INR,0.4,0.046928649666587455,1553.7839719103586,72.91698367533998,0
THB,INR,0.35,-0.0008164878349148034,1065.231283492475,-0.8697483843422881,0
KRW,INR,0.3,0.017221928978481578,1224.8708535669393,21.094638847941937,0
GBP,INR,0.2,0.0033058620318788794,3252.710292632386,10.753011457115043,0
KRW,INR,0.3,0.011139822695584611,1029.0176412858436,11.463074074552985,1
USD,INR,0.15,0.024550083860715406,843.9808748737547,20.719801254990635,0
KRW,INR,0.3,0.04197189893132714,56.85358206516441,2.386252800322994,0
THB,INR,0.35,0.006645241296020112,285.15345949511106,1.8949135447399104,0
USD,INR,0.15,0.015167947305010417,1059.625690003129,16.072346629002762,0
GBP,INR,0.2,0.05619667489255258,2775.637064043922,155.98157370779543,0
GBP,INR,0.2,0.004982869540616755,409.2658610009473,2.039318392795911,0
USD,INR,0.15,0.004068057782488664,419.49520232395645,1.7065307225306277,1
AED,INR,0.4,-0.004111335846602891,412.8904740139773,-1.6975314065345244,0
USD,INR,0.15,-0.0016468235543321361,386.47305610415054,-0.6364529319070402,0
KRW,INR,0.3,0.006386688391177215,394.95919770496687,2.5224813229709784,0
KRW,INR,0.3,0.030503589853076503,379.44648764483645,11.574480030308552,0
EUR,INR,0.15,0.021817682821733637,616.7246185739141,13.455502116400314,0
EUR,INR,0.15,0.014425578224844578,1036.4303735898043,14.951107428824612,0
GBP,INR,0.2,0.008711764045338986,251.92030957870472,2.1946702952784265,0
USD,INR,0.15,0.032223921571679165,343.608598798001,11.072416539021356,0
THB,INR,0.35,0.023895650689378184,506.8256369711354,12.110928381483848,0
GBP,INR,0.2,-0.024122039369143755,1032.5187605300148,-24.90645819088453,0
GBP,INR,0.2,-0.013489612214868713,213.6409972282841,-2.881934205807394,0
THB,INR,0.35,0.10274982576871833,284.4627934044286,29.228502459987958,1
KRW,INR,0.3,-0.010665537946178685,886.3204795591945,-9.453084707213879,0
KRW,INR,0.3,-0.014661012477481165,1236.6857758568535,-18.131065590560805,0
THB,INR,0.35,0.028102191873663543,1850.3437419217994,51.99871486771898,0
GBP,INR,0.2,-0.018374761694027998,634.4398239368736,-11.657680574041132,0
GBP,INR,0.2,0.005404235491996953,281.39260784987295,1.5207119185278637,0
KRW,INR,0.3,0.024668282088875906,570.8344834578091,14.081506063995002,0
GBP,INR,0.2,0.03873718410025921,100.56355731657017,3.895549033548948,0
GBP,INR,0.2,-0.03,1734.026787295846,-52.02080361887538,0
GBP,INR,0.2,0.1013210877100525,101.29634937467821,10.263456299699893,1
THB,INR,0.35,0.005957142095484878,717.7233676851623,4.275580086550452,0
THB,INR,0.35,0.07994156218964626,450.78376454355765,36.036358347341675,1
USD,INR,0.15,0.04174447351087248,495.0685690020174,20.66637676477026,0
THB,INR,0.35,0.015440702503071264,12113.42310586214,187.03976247144683,0
AED,INR,0.4,-0.03,1728.237422901777,-51.847122687053314,0
GBP,INR,0.2,0.008227314290115525,2816.735516721113,23.17416836819555,0
AED,INR,0.4,0.03567651067182544,305.68441688951117,10.905753361369381,0
AED,INR,0.4,0.015624028792068425,977.431988090709,15.271425524217918,0
THB,INR,0.35,0.016475720537092862,668.9384356358504,11.021242722056352,0
USD,INR,0.15,-0.01713987889932376,646.1283389728519,-11.074561483415893,0
KRW,INR,0.3,0.0025461868450024922,289.89586190264737,0.7381290299971799,0
GBP,INR,0.2,0.027250239198576207,605.7690899157077,16.507352599306852,1
USD,INR,0.15,-0.03,47.60969748690259,-1.4282909246070776,0
THB,INR,0.35,-0.02084380152238159,301.6008462339283,-6.286508177882331,0
USD,INR,0.15,0.055179061532984755,113.4644212240381,6.2608602805257,1
EUR,INR,0.15,0.024280537186489384,10511.920399547087,255.23507416261938,0
KRW,INR,0.3,0.03808568217739405,1498.7593080282802,57.081270665976106,0
AED,INR,0.4,0.020506713226414036,3184.1963938528706,65.29740230532254,0
GBP,INR,0.2,0.009019735775284851,740.3814682247997,6.678045216305151,0
THB,INR,0.35,0.046292647019420596,369.3120341426402,17.09643163658945,0
EUR,INR,0.15,-0.00016317312757901763,580.458048698557,-0.09471515523455727,0
KRW,INR,0.3,0.0324799536497502,6587.054543772245,213.94722627009895,0
KRW,INR,0.3,0.06654874850437821,1060.0904741262057,70.54769435451192,1
USD,INR,0.15,0.06309191230948472,756.9116542672074,47.75500371705366,1
THB,INR,0.35,0.0033059715988602014,35.79045771524367,0.11832223671680255,0
USD,INR,0.15,-0.03,301.9278177907065,-9.057834533721195,0
EUR,INR,0.15,-0.006460778452427504,2630.1466433457967,-16.99279476005305,0
GBP,INR,0.2,-0.005904420633510432,106.87742608375969,-0.6310492798254368,1
AED,INR,0.4,0.009086019030219548,6532.090239871896,59.350696226587424,0
USD,INR,0.15,0.07969939987125614,556.6760013145423,44.36674322749962,1
GBP,INR,0.2,0.028678530800665084,875.2661889442531,25.10134835841851,0
KRW,INR,0.3,-0.010198994588988564,76.49773807847525,-0.7802000167322335,0
AED,INR,0.4,0.048947635807958925,2188.8984897825508,107.1414060984676,0
GBP,INR,0.2,-0.006857151080464653,46.503944174064785,-0.31888457103905626,0
AED,INR,0.4,0.008371541606777796,1139.0855551762452,9.535902118837521,0
AED,INR,0.4,0.013783615414290483,1056.7604520518087,14.565979656113889,1
EUR,INR,0.15,0.05274771703519269,1481.6849942558028,78.1555008122962,0
GBP,INR,0.2,0.06360773775357968,684.5598129158788,43.54330105659278,1
KRW,INR,0.3,0.07916092993429741,216.7043381865932,17.154516931647194,1
THB,INR,0.35,0.11113589678186842,667.1126988160244,74.14016803749135,1
AED,INR,0.4,-0.018872350904146795,142.63852208161668,-2.691924241173161,0
THB,INR,0.35,0.014840412369174672,340.62685329616903,5.055042966929514,0
USD,INR,0.15,0.03307612068066905,1082.8078664387479,35.815083664305796,0
GBP,INR,0.2,0.009888902636240763,1389.4685133327432,13.740318844469698,0
KRW,INR,0.3,-0.003120429907321632,1081.2129930250164,-3.3738493596199963,0
KRW,INR,0.3,0.039476255388481644,118.02455293506256,4.659167393775901,0
THB,INR,0.35,0.017050174668901522,466.11440890213913,7.947332087473259,0
THB,INR,0.35,-0.020255928047791867,893.1927686781198,-18.092448455152,0
THB,INR,0.35,0.013713697589815972,463.08949782749914,6.350669330226064,0
THB,INR,0.35,0.004128418308975056,411.9204635323593,1.7005799834884838,0
KRW,INR,0.3,0.026350599355787027,269.4852143251454,7.101096914990306,0
EUR,INR,0.15,0.020938032307699125,6803.047226916021,142.4424226279706,0
USD,INR,0.15,0.030924778865841843,1035.0418132997274,32.00843919319403,0
AED,INR,0.4,0.01670327699410276,88.54800481220448,1.4790418516533956,0
THB,INR,0.35,-0.029124347336044486,323.4146962225132,-9.419241946365789,0
EUR,INR,0.15,0.0710155314450835,141.93945892207432,10.079906108378708,1
USD,INR,0.15,0.003290717651025784,1020.4056663523064,3.3578669374722616,0
EUR,INR,0.15,0.10994531159446716,1038.6543946807694,114.19518106213987,1
AED,INR,0.4,0.01921881340819279,815.7541726161791,15.677827230465038,0
AED,INR,0.4,0.002199451237253326,7513.39636787864,16.525348937305324,1
EUR,INR,0.15,0.030564323030012018,137.84739511255856,4.21321231306594,0
KRW,INR,0.3,0.05029901115060648,631.4788784108744,31.762763146561046,1
EUR,INR,0.15,-0.03,520.1311705951754,-15.603935117855261,0
KRW,INR,0.3,-0.005272782486230006,418.05552504938754,-2.2043158507521,0
EUR,INR,0.15,-0.001143793948254028,455.5816646513557,-0.5210915509637166,0
KRW,INR,0.3,-0.018662889420630997,39.068738025187116,-0.7291355375676686,0
EUR,INR,0.15,-0.010162740725639557,383.34505957344516,-3.8958364488997734,0
GBP,INR,0.2,0.0819151277739252,1059.4109188332588,86.7817807813179,1
AED,INR,0.4,0.03472512741798979,2163.8843122947214,75.14115846222342,1
GBP,INR,0.2,-0.023185757680866254,165.54195365895362,-3.838215623553689,0
EUR,INR,0.15,0.0356193528070432,2703.4835852250994,96.29633563018287,0
AED,INR,0.4,0.022548554698929794,6804.180733024171,153.42444143999975,0
THB,INR,0.35,0.010467820808928205,260.77390269517576,2.7297344850579797,1
KRW,INR,0.3,0.0069845918793131866,642.3963591529491,4.4868763934400455,0
EUR,INR,0.15,-0.002079332373122819,138.44222630986175,-0.28786740297329116,0
USD,INR,0.15,-0.03,1771.9565140075194,-53.158695420225584,0
EUR,INR,0.15,0.015813759086008128,260.90020699346354,4.125813018884285,0
EUR,INR,0.15,0.023893554451072316,7823.684840046321,186.93563973367577,0
EUR,INR,0.15,-0.014288999931898546,2552.1967011307142,-36.46833848864847,0
EUR,INR,0.15,0.01791307054965474,4020.380789246575,72.01736471425052,1
GBP,INR,0.2,-8.744832360577277e-05,1783.7093950410429,-0.1559823963962063,0
GBP,INR,0.2,-0.013833714032873918,125.99444805589876,-1.7429711641350905,0
USD,INR,0.15,0.017970208490706397,648.6509568394252,11.656392932100669,0
EUR,INR,0.15,-0.0016030665352988228,55.440910937798925,-0.08887546901086793,0
USD,INR,0.15,0.011149023401223345,497.1542581209931,5.542784457808784,0
GBP,INR,0.2,-0.008401099469224243,167.3422410986896,-1.4058588128729967,0
AED,INR,0.4,0.006493110361239292,444.69159704761137,2.8874316163458933,0
AED,INR,0.4,0.014166329527596874,127.26560518686597,1.8028865006061854,0
AED,INR,0.4,0.08195872259292897,587.1595485541991,48.12284655774301,1
GBP,INR,0.2,0.015596004319580907,240.9331731884278,3.7575948097770544,0
THB,INR,0.35,0.02952698629374334,31.758424273020946,0.9377305582203753,0
AED,INR,0.4,0.03422019535158418,121.3642941957934,4.153109856087184,0
AED,INR,0.4,0.015458468761054018,2124.9814215450897,32.848958922774926,0
KRW,INR,0.3,0.05323667629323186,228.71715788362775,12.176141296958694,0
USD,INR,0.15,0.028099318601734202,1956.052815154452,54.96375125484405,0
AED,INR,0.4,0.019257515846110716,237.88697658458508,4.581112221161016,0
USD,INR,0.15,-0.03,2336.3506537617973,-70.09051961285391,0
AED,INR,0.4,0.029404843146006616,801.4647121049725,23.566944146506067,1
USD,INR,0.15,0.014100398916015281,914.5047341107523,12.894881561546095,0
EUR,INR,0.15,0.01492960295492542,313.2875343862833,4.677258499114754,0
GBP,INR,0.2,0.011497744351987589,771.6303167576849,8.872008116323066,0
USD,INR,0.15,-0.02157407342168307,67.12850783327255,-1.448235356683049,0
KRW,INR,0.3,0.004825580461089058,79.67660885940738,0.38448588691779156,0
EUR,INR,0.15,0.07178686363764847,188.15288236575142,13.506905309420711,0
EUR,INR,0.15,0.005048159246265995,3167.6665169118883,15.990885016435948,0
THB,INR,0.35,0.00253903292004888,453.7214998509149,1.152013824655426,0
GBP,INR,0.2,0.021788212104380977,489.8604043396881,10.673182391290952,0
AED,INR,0.4,0.01720804547956014,2914.4509764536833,50.15200495076344,0
THB,INR,0.35,0.0323165137365922,6976.3203087167585,225.45035108751227,0
USD,INR,0.15,0.07177749448952445,355.5083301264956,25.517497206634577,0
AED,INR,0.4,-0.002165779704731729,657.0455060832809,-1.4230158221603577,0
AED,INR,0.4,0.01853119945369942,450.514109459191,8.34856681909404,0
AED,INR,0.4,0.05185676915177826,225.62958669779647,11.70042139119877,0
AED,INR,0.4,0.08729766754980736,178.19760351784242,15.556235150072991,1
KRW,INR,0.3,0.07840780480891277,891.2893568790003,69.88404192243004,1
EUR,INR,0.15,0.046998829261931004,78.95051814613527,3.7105819224911967,1
KRW,INR,0.3,0.11017687569373313,836.9303550055407,92.2103716877574,1
USD,INR,0.15,0.005578620998126277,2274.405774313513,12.688047810845019,0
USD,INR,0.15,0.035035072755751635,384.203176159334,13.46058622973313,0
THB,INR,0.35,0.007119271455442,599.4930470561227,4.2679537376426016,1
KRW,INR,0.3,0.039091662863419994,759.379502960109,29.685407515108025,1
GBP,INR,0.2,-0.008412741348366429,1164.0222688359197,-9.792618271455245,0
AED,INR,0.4,0.044632623547849214,449.1284003437344,20.04577881718961,1
AED,INR,0.4,0.09634775431599413,422.15708292154414,40.6738869080817,1
USD,INR,0.15,0.03498174593529853,5729.765122727543,200.4371877921895,1
USD,INR,0.15,0.010822861616536408,917.2714123875528,9.927501561075385,0
THB,INR,0.35,-0.016329103729253384,1008.738429231853,-16.471794446611053,0
EUR,INR,0.15,0.03470751360873731,221.60432939769925,7.691335278325753,0
USD,INR,0.15,0.026769911722958666,1751.1811454663452,46.8789646750437,0
USD,INR,0.15,-0.03,367.139499108234,-11.014184973247021,0
GBP,INR,0.2,-0.012321740451928983,7139.860122678485,-87.97550329472212,0
AED,INR,0.4,0.09035736826216072,2202.73132121355,199.03300517348856,1
KRW,INR,0.3,-0.01862319994263184,1068.5283137875088,-19.89941643202803,0
EUR,INR,0.15,0.021270308408294997,855.446261707689,18.19560581324558,0
USD,INR,0.15,0.036048118986106215,176.7935431184654,6.373074678309741,1
USD,INR,0.15,0.05626541461301496,1360.8479159778237,76.5686722177496,0
THB,INR,0.35,-0.029105122533674213,531.3502638749576,-15.465014538380768,0
AED,INR,0.4,0.029990094632551943,2780.391881091591,83.38421562951592,0
GBP,INR,0.2,-0.006415568954719611,3159.005417613172,-20.266817085030127,0
GBP,INR,0.2,0.015391719273340465,435.6958938050711,6.706108885994813,0
GBP,INR,0.2,0.06214157176764611,606.8871003263467,37.71291829978832,1
THB,INR,0.35,0.06554001102895014,387.5061564794289,25.39715776944785,1
THB,INR,0.35,0.040200132764637166,2895.791224263683,116.41119167407126,0
KRW,INR,0.3,0.018972939593516487,190.99516824233825,3.623739789715402,0
AED,INR,0.4,-0.03,365.2590411328302,-10.957771233984905,0
USD,INR,0.15,0.005700606408779459,1040.0495138881986,5.928912924319025,0
KRW,INR,0.3,0.05448473269010607,3413.999567100487,186.01085381760788,0
GBP,INR,0.2,-0.03,205.0148032700964,-6.150444098102891,0
GBP,INR,0.2,-0.021672918439096377,1200.8447551372233,-26.0258104361057,0
KRW,INR,0.3,0.058307307719542234,516.4080007809087,30.110360210366046,1
THB,INR,0.35,0.05891025615896535,993.305958412162,58.51590845428704,1
EUR,INR,0.15,0.004518061982888342,13676.339621523404,61.79055010907443,0
AED,INR,0.4,0.00807836482490845,3216.8818300224134,25.987145021540186,0
EUR,INR,0.15,-0.006782689784277153,740.286916413227,-5.02113650539003,0
AED,INR,0.4,-0.005070017634100664,1166.2594216936805,-5.912955833923002,0
USD,INR,0.15,0.0046344833653694986,58.560241763999976,0.27139646632727404,0
GBP,INR,0.2,-0.010830820137119094,879.2799719081871,-9.523323225908705,0
EUR,INR,0.15,0.07654852744747413,25.357005192307852,1.9410414079491216,1
GBP,INR,0.2,-0.007265508835610701,213.0536369278186,-1.5479430815580602,0
EUR,INR,0.15,0.02521505409826473,287.14353074927544,7.240339661809722,0
KRW,INR,0.3,-0.01133097506857834,860.399024231937,-9.749159892601208,0
EUR,INR,0.15,0.01823184810098396,73.71420031893564,1.343946103100338,1
EUR,INR,0.15,0.026836953820303933,194.00611072804816,5.2065330344654,0
USD,INR,0.15,0.08423625194775147,388.31247220908404,32.70998724345864,1
USD,INR,0.15,0.005826029233676245,164.63078830650724,0.9591437854368765,0
THB,INR,0.35,0.008124490506338292,156.2133031408338,1.2691534983314499,0
EUR,INR,0.15,-0.0014247958456307871,122.7473131984071,-0.17488986190743153,0
EUR,INR,0.15,0.014419801150978705,149.73466675038836,2.159144119948663,1
GBP,INR,0.2,-0.004476540033480617,9990.876048188296,-44.72455659925753,0
KRW,INR,0.3,0.010627852100650276,1325.852318581436,14.090962349187755,0
USD,INR,0.15,0.04938968563581634,2401.9719161753624,118.63263784596055,1
AED,INR,0.4,0.12194695736794575,1982.1849969040334,241.72142931283784,1
GBP,INR,0.2,0.016119011138633323,862.7112406837803,13.906052098006027,1
EUR,INR,0.15,0.0599938957989505,187.6810098713239,11.259714949662007,0
EUR,INR,0.15,-0.017050467457574804,189.39337188621522,-3.2292455240262754,0
KRW,INR,0.3,0.006104561119969647,470.81948712653104,2.874146335636671,0
THB,INR,0.35,0.01583987703153941,8435.157491157503,133.61185740160332,0
EUR,INR,0.15,-0.010904871267604274,483.47807199794215,-5.27226613584707,0
KRW,INR,0.3,-0.03,193.6960673424729,-5.810882020274187,0
AED,INR,0.4,0.04636873838426472,6354.467421331243,294.6486374310416,0
THB,INR,0.35,-0.020438669793899904,2756.575470005135,-56.340735793399375,0
EUR,INR,0.15,0.04548172923407602,354.6453838945158,16.129885324405315,0
KRW,INR,0.3,0.04790290450887608,108.95516490253785,5.219268860075117,0
GBP,INR,0.2,0.03740116023550788,3419.6695812640937,127.8996099613505,0
AED,INR,0.4,0.007268087194540244,1490.3007680085218,10.831635927976228,0
EUR,INR,0.15,0.02727898495805177,71.30162205971398,1.9450358756516297,0
GBP,INR,0.2,-0.03,1114.8054337714075,-33.44416301314222,0
EUR,INR,0.15,-0.006567287087200885,738.125076472374,-4.847479283456187,0
KRW,INR,0.3,0.01731697797054589,1321.2822183887058,22.880615068711222,0
EUR,INR,0.15,0.031397962567429494,1936.238209933091,60.79393483710588,1
THB,INR,0.35,0.026718585065534872,5378.480922775586,143.705400058536,0
USD,INR,0.15,-0.0038520199085056456,72.01910552204616,-0.2774190282636907,0
KRW,INR,0.3,0.077866713158203,4840.440698301497,376.9092074139345,1
GBP,INR,0.2,-0.001963856667942958,1234.958636884615,-2.4252817536795974,0
GBP,INR,0.2,0.1117011506678905,6892.404534152135,769.8895173333793,1
GBP,INR,0.2,0.0105003887527731,96.83911255767971,1.0168483283291883,0
GBP,INR,0.2,0.0182335892345368,220.80342352465158,4.026038926127957,0
GBP,INR,0.2,0.04240457971235671,795.3810991601391,33.72780122103802,1
THB,INR,0.35,0.011227368282641788,131.3612237378981,1.4748408369638886,0
GBP,INR,0.2,0.02894654921090941,478.83795800476315,13.86070651543625,0
THB,INR,0.35,-0.010071631005848217,693.4802894546146,-6.984477585215693,0
USD,INR,0.15,0.07705237034124225,301.1017211639709,23.20060132951175,0
KRW,INR,0.3,-0.002843855304581479,1246.899797047201,-3.5460026021142523,0
GBP,INR,0.2,0.0008244346319589563,416.34280703807866,0.3432474288891971,0
AED,INR,0.4,-0.0018875596418910668,598.9080964878508,-1.1304747521322682,0
THB,INR,0.35,0.013433533114127615,2772.6842536016443,37.2469457357779,0
EUR,INR,0.15,0.03605476442457543,880.0177249917169,31.728831764027163,0
USD,INR,0.15,-0.022939715508556065,1488.4742193940888,-34.14517513472046,0
USD,INR,0.15,0.040882171043686286,356.2085634562341,14.562579418443542,1
THB,INR,0.35,0.005670094458823259,86.48903453779982,0.4904009954817523,0
THB,INR,0.35,0.03181974598205387,246.4805079912022,7.842947153807653,0
AED,INR,0.4,0.037162003072259545,1135.5947726882205,42.20097643148153,0
USD,INR,0.15,0.05719062801565012,208.87648740078382,11.945777492153857,0
THB,INR,0.35,0.01036735238860917,1057.2217942630205,10.960590894042399,0
KRW,INR,0.3,-0.03,1567.0678164479511,-47.012034493438534,0
GBP,INR,0.2,0.004276371562676046,1387.4983791446618,5.933458611833338,1
USD,INR,0.15,0.031705731337489364,302.4943387030754,9.59080423403122,0
AED,INR,0.4,0.057794195791703834,861.8344075873198,49.809026492128645,1
KRW,INR,0.3,0.00460174076625697,269.7964014931899,1.2415330993406448,0
AED,INR,0.4,0.09590046001354524,731.5414943029614,70.15516582265028,1
KRW,INR,0.3,0.013465875713261275,1209.224343700004,16.28326472171419,0
KRW,INR,0.3,-0.016968322480004648,1829.5048671025252,-31.043628563733694,0
EUR,INR,0.15,0.09075569605511168,343.1609272565114,31.143808812082238,1
GBP,INR,0.2,-0.02148428187414908,409.4980132159186,-8.797770742834821,0
GBP,INR,0.2,0.017073390772038146,989.5815439734197,16.895512401055043,0
AED,INR,0.4,-0.0012685069325687904,60.21688519357653,-0.07638553632575078,0
EUR,INR,0.15,0.023294382029141927,1446.7969149881067,33.70224005631693,0
THB,INR,0.35,-0.022774270893072254,4369.479076376778,-99.51170014701589,0
USD,INR,0.15,0.006753291831318025,421.80391863895176,2.8485649581623655,0
GBP,INR,0.2,0.027358159528732474,14578.496318662923,398.84082797501935,0
THB,INR,0.35,0.10583096790286398,2479.883175888731,262.44843679033266,1
KRW,INR,0.3,0.010083933561948736,1919.3055006882357,19.354149154022924,0
GBP,INR,0.2,0.06858521099229273,149.75475594102213,10.270961533314305,1
EUR,INR,0.15,-0.015391580771995648,1268.834354126086,-19.529366447814585,0
GBP,INR,0.2,0.09141359478886588,197.78834583036698,18.080543699697238,1
EUR,INR,0.15,-0.009912015462459055,113.55748997900112,-1.1255835965498984,0
GBP,INR,0.2,0.03052849135369718,26196.024507262053,799.725107671189,0
KRW,INR,0.3,0.03401533081258713,1719.5139164774591,58.489834705828095,0
USD,INR,0.15,0.053986633766906406,557.8230911412386,30.1149909281657,1
EUR,INR,0.15,-0.0162723058099674,2384.499968833588,-38.80131269671787,0
USD,INR,0.15,0.04826999014276326,565.4370202300519,27.293639392858033,1
KRW,INR,0.3,0.01317515213196366,310.4693190301105,4.090480510528866,0
KRW,INR,0.3,-0.03,163.63250398864022,-4.908975119659207,0
THB,INR,0.35,0.09116337335177667,1757.9812119252351,160.26349756814903,1
USD,INR,0.15,0.03309928569679056,68.96033890833158,2.2825379592743693,0
KRW,INR,0.3,-0.0029825461009753175,525.299552546191,-1.5667301322907208,0
THB,INR,0.35,-0.0005395577860073195,2331.034348101443,-1.25772773196863,0
EUR,INR,0.15,0.004014695607886688,345.1557308707488,1.3856951967637148,0
KRW,INR,0.3,0.03300886476424466,3175.879663062495,104.8321823055448,1
AED,INR,0.4,0.04181070957041489,863.4077189609008,36.09968937832862,0
KRW,INR,0.3,0.007826740879572358,868.9269047768387,6.800865726977161,1
USD,INR,0.15,0.074932074151477,1879.3298298887253,140.8220821683046,1
THB,INR,0.35,-0.0068581186800596005,856.3504947096784,-5.872953324446725,0
KRW,INR,0.3,0.03766154427030179,148.37469078628897,5.588019985640162,0
KRW,INR,0.3,-0.016083467538590038,1704.5451230636252,-27.414996154855775,0
KRW,INR,0.3,0.0064394816228108736,2015.3203072714114,12.977618082751816,0
USD,INR,0.15,-0.029002762672737985,1127.8724103653744,-32.7114158429559,0
KRW,INR,0.3,0.007824619417046565,330.38300491354295,2.585121275308699,0
KRW,INR,0.3,0.0020255424415361618,125.03309873329842,0.25325984808107727,0
THB,INR,0.35,0.046102805078281364,282.10455522412,13.005811321192866,0
THB,INR,0.35,0.09692123443931114,2064.9278757320535,200.1353587440951,1
USD,INR,0.15,-0.01211320574821737,964.560858825647,-11.68392413963231,0
GBP,INR,0.2,-0.0007475026301971676,4979.8274986196275,-3.7224341531463536,0
USD,INR,0.15,-0.007165113296205021,241.09060718664432,-1.727441515143167,0
EUR,INR,0.15,0.05703985549281941,383.0505139965009,21.84914596481061,1
USD,INR,0.15,0.025377971395635628,4778.708464300987,121.2739267151123,0
USD,INR,0.15,0.014616153962580054,133.00918312981796,1.9440826990624247,0
GBP,INR,0.2,-0.0024257672666477183,211.9204554865191,-0.5140697040522729,0
THB,INR,0.35,0.09915718853386538,486.8537600495269,48.275050073652196,1
USD,INR,0.15,-0.007911822526664615,5360.380135713871,-42.410376309226535,0
AED,INR,0.4,0.01585069070487473,111.18006418376807,1.7622808099250282,1
EUR,INR,0.15,0.024232233081751597,724.8772025068128,17.56539332679314,0
AED,INR,0.4,-0.01464332583568686,262.81840156403393,-3.848535489716542,0
KRW,INR,0.3,0.021621980520401117,2459.00363483676,53.16852869203596,0
GBP,INR,0.2,-0.011495636769697377,3163.7274151416013,-36.36906120280143,0
AED,INR,0.4,0.04367288659674989,2560.0450131430757,111.80455554157263,0
THB,INR,0.35,0.048533028620033024,3297.097526638382,160.0181286233807,0
EUR,INR,0.15,0.046368798944952536,642.3986940438881,29.787255886621125,1
AED,INR,0.4,-0.023587518245612997,540.3052633731403,-12.744460258014682,0
EUR,INR,0.15,0.006276085979126326,226.62376010038466,1.4223102033029122,0
THB,INR,0.35,0.014137289103328508,2120.416038595791,29.97693455696328,0
THB,INR,0.35,0.02308387329604067,858.4617552637653,19.81662238800543,0
KRW,INR,0.3,0.009756745812291408,303.9172054557482,2.965242921613679,0
THB,INR,0.35,0.006150890484088761,3007.8631512582033,18.501036834515318,0
AED,INR,0.4,0.038263165488432775,690.1911319074479,26.408897498823414,0
AED,INR,0.4,0.004262539606417142,1210.0937220365618,5.15807241765758,0
KRW,INR,0.3,0.007923038975902906,524.7314025768751,4.15746735449678,0
EUR,INR,0.15,0.04655935378558572,40.50047821272601,1.8856760935917167,0
THB,INR,0.35,0.03346072143950462,668.3287398114735,22.362761792846875,0
AED,INR,0.4,0.019701843344660637,251.2264381259583,4.949623927994709,0
AED,INR,0.4,0.0003127171273641493,1564.0053323190357,0.4890912547050205,0
USD,INR,0.15,0.034813632619519065,492.8541171644638,17.158042169981048,0
EUR,INR,0.15,-0.01730695410077958,1067.325991327683,-18.47216194247727,0
GBP,INR,0.2,0.10292817186880429,5614.19707311203,577.8590412466131,1
KRW,INR,0.3,0.010939083784527792,554.2286422460671,6.062753553314808,0
KRW,INR,0.3,0.04222829588593612,1462.1860341978759,61.745624492391414,0
KRW,INR,0.3,0.043216625187887554,4699.362879376556,203.09060417988863,1
EUR,INR,0.15,0.03521175724599041,3166.2265019368433,111.48839897202151,0
KRW,INR,0.3,0.020161391887902447,280.9457211176933,5.664256782683165,1
THB,INR,0.35,0.019786739821759415,5238.073679869155,103.6444010707769,0
THB,INR,0.35,-0.0021791795757286157,46.47288869847158,-0.10127276987681848,0
KRW,INR,0.3,0.03603304949233905,1645.565609605685,59.29474705381273,0
GBP,INR,0.2,0.031763034179911824,606.085260945164,19.25110685934202,1
USD,INR,0.15,-0.03,497.8976595687684,-14.936929787063052,0
AED,INR,0.4,0.0774845617887221,1922.402384615311,148.95650635351174,1
USD,INR,0.15,-0.003161842771821556,1073.9973824817982,-3.3958108607553448,0
KRW,INR,0.3,-0.008075392457151697,455.1886595514778,-3.675827067922996,0
THB,INR,0.35,-0.00433171465098044,94.3663201878377,-0.4087679717167678,0
GBP,INR,0.2,0.03836599249552642,296.9902254867228,11.394324762268306,0
GBP,INR,0.2,0.04747903354181476,289.6296791470327,13.75133725092701,0
AED,INR,0.4,-0.009738842137908025,1611.8970239017626,-15.698010658343025,0
AED,INR,0.4,0.045003392778312674,518.6250670172209,23.339887595654726,0
EUR,INR,0.15,0.03230524682024964,864.1524876932829,27.916659405264244,0
AED,INR,0.4,-0.0021360342276024926,175.67388431165293,-0.3752454297855712,0
GBP,INR,0.2,-0.018608909161673876,323.55232330221315,-6.020955793379422,0
EUR,INR,0.15,0.0017055307056969438,106.23891197631157,0.18119372651543417,0
GBP,INR,0.2,0.01193144165364798,35.69932681162425,0.42594443492740575,0
AED,INR,0.4,0.036024354497272745,5720.074982570935,206.0620089231166,1
USD,INR,0.15,0.015748206960519637,2356.832441498626,37.11588505998715,0
THB,INR,0.35,0.0590888208385954,994.4528434676533,58.76104590009193,0
GBP,INR,0.2,0.007936569359747089,1463.6733288855678,11.616544894712222,0
KRW,INR,0.3,0.05398041508906073,386.5553217482752,20.86641672285732,0
THB,INR,0.35,0.025002546791951193,1275.6466971178722,31.89441623468759,0
USD,INR,0.15,-0.014823062000751735,1158.664221643108,-17.174951595468542,0
EUR,INR,0.15,0.05865608793498775,1422.3458015568979,83.42924041008203,0
GBP,INR,0.2,0.03374103746541335,84.93514653930397,2.8657999615130283,0
KRW,INR,0.3,-0.00126045885348571,408.20310416716967,-0.5145232166678585,0
GBP,INR,0.2,0.04045057011799109,2302.1714765761717,93.12414873688351,0
USD,INR,0.15,0.019609192912920147,80.97040910701749,1.5877643724175723,0
EUR,INR,0.15,-0.01600685941775061,511.3853658588441,-8.18567365959748,0
KRW,INR,0.3,0.017539303402136608,487.6243462495693,8.552591355139711,0
USD,INR,0.15,-0.002767098454891268,1893.2861633648051,-5.238909217313768,0
THB,INR,0.35,0.02938104979660148,981.5489164877749,28.838937593127543,0
EUR,INR,0.15,0.037962454510542074,810.5652427743194,30.77104615664659,0
USD,INR,0.15,0.01840150198722343,308.787050349408,5.682145520633492,0
THB,INR,0.35,0.0452480950991773,3061.4326299297904,138.52399477878762,1
EUR,INR,0.15,0.01080662026928132,227.55685863567558,2.459120560946276,0
EUR,INR,0.15,-0.011803601172496484,2576.8527541543344,-30.416142190286898,0
EUR,INR,0.15,-0.026590661450807178,421.53956481082446,-11.209015856005223,0
EUR,INR,0.15,0.048460018530581093,275.8768621949184,13.368997854124311,0
USD,INR,0.15,0.04236762274030485,3082.9278663279556,130.6163247761558,0
EUR,INR,0.15,0.022637693939794895,649.7464674334417,14.708761668221165,0
EUR,INR,0.15,0.04928840872274538,421.7985836149915,20.789780987890797,1
KRW,INR,0.3,-0.018958575839053228,83.93997997121126,-1.5913824762128177,0
THB,INR,0.35,0.04477315899174491,112.88812608236559,5.0543580173658995,1
GBP,INR,0.2,0.09246019503766931,4562.151674521483,421.81743361768594,1
AED,INR,0.4,0.05549290108255142,122.44752442803083,6.794968360888014,1
THB,INR,0.35,0.07803960196239346,983.5015436389078,76.75206899497991,1
AED,INR,0.4,-0.00031050174624767425,116.06256528980582,-0.03603762919646941,0
AED,INR,0.4,0.04226461965077506,779.5983267333486,32.94942675976564,0
THB,INR,0.35,-0.0024042368004139076,453.89314713337245,-1.0912666077937383,0
THB,INR,0.35,0.018137127808115442,2488.664144122522,45.13721965342441,0
GBP,INR,0.2,0.04136862093344134,2986.4320008101595,123.54457338501427,0
EUR,INR,0.15,-0.015880702754885505,1963.2790299572832,-31.17825069965157,0
AED,INR,0.4,-0.03,4423.710538564898,-132.71131615694694,0
USD,INR,0.15,-0.002652253237679862,177.4905090981747,-0.4707497774130809,0
EUR,INR,0.15,0.059853093518361,862.5263386925888,51.62486961181703,0
EUR,INR,0.15,0.04648598517175277,1481.5025870817453,68.86910729499539,1
THB,INR,0.35,0.052634325450752716,1120.7692910916003,58.990935622524695,0
KRW,INR,0.3,0.08172491135868123,120.05443117683211,9.8114377461435,1
GBP,INR,0.2,0.0806592219242343,3402.0834920167717,274.4094073873548,0
KRW,INR,0.3,0.0035308897031905307,366.3308972473583,1.2934739930512458,0
EUR,INR,0.15,0.017751723416645594,214.86707352345724,3.814260860532466,0
GBP,INR,0.2,0.019705015338798912,547.2624350988738,10.783814677971751,0
KRW,INR,0.3,0.04690475249324511,717.0785521794752,33.63439200819283,0
KRW,INR,0.3,0.008823913792537975,3809.1910477654183,33.611973424789454,0
EUR,INR,0.15,0.010125043785880097,693.4637503421153,7.021350836134542,0
KRW,INR,0.3,0.056493953092463516,860.8421529658245,48.632376209666596,1
AED,INR,0.4,0.06336032437989675,847.6683032070509,53.70853865775542,1
THB,INR,0.35,0.04742705240600551,1172.8695945295083,55.625747725161425,0
KRW,INR,0.3,0.0002381250764027492,3285.2507471706977,0.7823005851722112,0
GBP,INR,0.2,-0.017978145302007795,173.09531069807593,-3.1119326468261934,0
USD,INR,0.15,0.045896411602147455,935.8733416483597,42.953228095770285,0
KRW,INR,0.3,0.0028178943677499204,2286.801428415702,6.443964865295079,0
EUR,INR,0.15,-0.002945131633252905,1227.928711998974,-3.6164116930876746,0
GBP,INR,0.2,0.06371931487093498,1682.0053601474795,107.17622915783762,1
GBP,INR,0.2,-0.01073300935903425,1352.7369942111573,-14.518938819180212,0
EUR,INR,0.15,0.021178718903956333,483.4649847114166,10.239169011108638,1
USD,INR,0.15,0.01583538652768271,314.62963311036685,4.982281853365657,0
THB,INR,0.35,-0.02409100020581486,3522.2012891984946,-84.8533519830023,0
EUR,INR,0.15,-0.011610757841838447,1527.4132902639817,-17.73442583766079,0
KRW,INR,0.3,0.03804002638243956,1637.5827359600935,62.29369047934951,0
USD,INR,0.15,-0.0035831036231686736,1716.5158469005648,-6.150454150255858,1
THB,INR,0.35,0.10687020363051394,648.4237579658401,69.29717905267242,1
THB,INR,0.35,0.008747985028588335,3889.557504300029,34.02579081545006,0
AED,INR,0.4,0.02630712489120071,40.564692207001016,1.067140424062692,0
KRW,INR,0.3,0.016706642738305046,860.1776950761995,14.37068144309676,0
KRW,INR,0.3,0.0180671488434899,307.68443241508567,5.558980437268062,0
THB,INR,0.35,-0.02346809265338934,229.79742942048043,-5.392907365150532,0
THB,INR,0.35,-0.02112701969771194,1168.0855002809635,-24.678165373047623,0
EUR,INR,0.15,0.009254905453713984,1248.2547062564117,11.552479288556611,0
GBP,INR,0.2,0.0017012142222185122,1456.8817127626041,2.4784678898418075,0
USD,INR,0.15,0.02136494268199863,491.2281687285561,10.495061668668752,0
KRW,INR,0.3,0.01826733066642138,155.85116707661072,2.8469848037361336,0
GBP,INR,0.2,0.006252753748692077,536.9033449887593,3.35712440306378,0
KRW,INR,0.3,0.04099423187649735,288.20448565719414,11.814721512877671,1
AED,INR,0.4,-0.018578325029906452,768.0134900458344,-14.268404245424334,0
USD,INR,0.15,-0.02329349988506267,275.58939611657365,-6.419441566765899,1
THB,INR,0.35,0.057550009175184484,1462.47545682019,84.16547595848405,0
THB,INR,0.35,0.052307825477621896,487.03432089096356,25.475706258776622,0
EUR,INR,0.15,0.008845004231218378,827.6206552529893,7.320308197556417,0
USD,INR,0.15,0.015470742953994315,494.18892745027057,7.645469867293281,0
AED,INR,0.4,0.02717068738632096,412.40570452090066,11.205346473872844,0
THB,INR,0.35,0.08068309751470047,13190.00349031353,1064.210337828206,0
USD,INR,0.15,-0.016257928358053515,178.26109053209464,-2.8981560388992866,0
USD,INR,0.15,0.03662757171830094,1374.8740407201028,50.358297530105766,0
KRW,INR,0.3,0.007295909120265901,476.7123312051939,3.478049844983193,0
AED,INR,0.4,0.003964504112044384,2062.3865080220694,8.176339791678352,0
AED,INR,0.4,0.05137481307801288,1107.90992452123,56.91866527955355,1
GBP,INR,0.2,0.010576379711995737,168.74812778236705,1.7847442751146911,0
AED,INR,0.4,0.0063810917860203245,165.13709007406496,1.0537549290389143,0
THB,INR,0.35,0.09826596825339116,1647.9004979300125,161.9325380143381,1
THB,INR,0.35,0.023424403017497004,958.5626688375995,22.453758272379446,0
THB,INR,0.35,0.010839893491790334,256.3887019139254,2.779226221245332,1
KRW,INR,0.3,0.08633691819759765,328.41225076770115,28.35410162961994,1
AED,INR,0.4,-0.0010616313914274655,5915.90545787105,-6.28051094279298,0
USD,INR,0.15,0.02408338757647265,394.7323145473159,9.506491320201121,0
GBP,INR,0.2,0.11641805212527055,800.1735012077552,93.15464037286468,1
THB,INR,0.35,0.007566350777681681,1693.4601986715413,12.81331389119139,0
GBP,INR,0.2,0.03918644544932409,400.58176267663345,15.697375391121986,1
KRW,INR,0.3,0.010626361800991508,604.7441578646742,6.426230218505952,0
THB,INR,0.35,0.06177934843134437,855.7473125205278,52.86751138939223,1
USD,INR,0.15,-0.026831732894576188,1787.3896488099942,-47.9587616354001,0
THB,INR,0.35,-0.0016654742043911378,274.7106542320092,-0.45752350829482447,0
USD,INR,0.15,0.04164279801965758,1719.510219349731,71.60521675711796,0
AED,INR,0.4,0.098691847331974,34.05517940461996,3.3609685666637388,1
THB,INR,0.35,-0.002895882964604109,901.3697358630616,-2.6102612628955453,0
THB,INR,0.35,0.005638901642867946,271.2619328880242,1.5296193590098144,0
AED,INR,0.4,-0.03,754.9664524855885,-22.648993574567655,0
EUR,INR,0.15,-0.026065891775329517,749.5470697611574,-19.53761280090969,0
USD,INR,0.15,0.031188123823992782,1729.8703308059871,53.951410076628484,0
USD,INR,0.15,-0.03,2183.49087300159,-65.50472619004769,0
USD,INR,0.15,0.004559147327261022,241.5771729044399,1.1013859221745508,0
AED,INR,0.4,0.037810228786022,431.8325486743088,16.327687462626596,1
AED,INR,0.4,0.002746477429569295,550.4181068249693,1.5117109072210393,0
USD,INR,0.15,0.009893426558903096,1865.5237163457734,18.45642188155888,0
KRW,INR,0.3,0.010152398001141026,1931.3179579875016,19.60750857624008,0
USD,INR,0.15,0.04678287444399863,614.3753959843949,28.742247011819888,0
GBP,INR,0.2,0.06417590718547767,863.3727764876394,55.4077311703389,1
AED,INR,0.4,-0.010990209301016804,295.5136833856488,-3.2477572317226926,0
GBP,INR,0.2,0.008085285992066222,1371.6006707309805,11.089783689769831,0
KRW,INR,0.3,-0.011810952465041944,138.1988016930123,-1.6322594775219266,0
USD,INR,0.15,0.09546530448422878,103.29013292539727,9.860623989939516,0
GBP,INR,0.2,0.10448605348008992,449.21961254468584,46.93718446064932,1
KRW,INR,0.3,0.03220251126826576,80.19637361920998,2.5825246251466605,1
THB,INR,0.35,0.026463790050100272,33.136021916659644,0.876904727098002,0
AED,INR,0.4,0.050358572922942546,52.759433055403676,2.6568897568936514,0
GBP,INR,0.2,0.040647659431731806,186.8347025656032,7.594393359915548,1
AED,INR,0.4,0.11017709705366949,2547.3602911015296,280.660762023357,1
THB,INR,0.35,0.03222469372959108,5306.1486098541445,170.98901383624528,0
GBP,INR,0.2,0.043083523062248455,639.264564962312,27.541769627431993,0
THB,INR,0.35,0.0533272238134239,829.2061043371276,44.21925951344333,1
EUR,INR,0.15,0.05059858717540671,544.1922114456603,27.535357051010603,0
USD,INR,0.15,0.004440294304302719,139.04545001130543,0.617402719724408,0
THB,INR,0.35,0.014251557946030356,831.542258179565,11.850772677019005,1
KRW,INR,0.3,-0.020502144831195786,166.89512793144686,-3.4217080844714727,0
EUR,INR,0.15,-0.02284861241774925,913.651905302002,-20.875678268983584,0
USD,INR,0.15,0.005179847817314688,133.2968361003696,0.6904573255294532,0
AED,INR,0.4,-0.03,1261.885756645645,-37.856572699369345,0
EUR,INR,0.15,0.05703682232502696,882.2008566067962,50.317933513268414,0
THB,INR,0.35,-0.03,148.66162786529105,-4.459848835958732,0
KRW,INR,0.3,0.035062611372050974,288.46155915348135,10.11421554437441,0
GBP,INR,0.2,0.09214464066002222,128.8869279540415,11.876239662099328,1
USD,INR,0.15,0.07268900818825365,2684.3064560327753,195.11957396234854,1
EUR,INR,0.15,0.05460287716010053,740.8735236538397,40.453826003241446,1
USD,INR,0.15,0.011496324034492104,540.739956283342,6.216521755830395,0
USD,INR,0.15,0.044376362279117725,169.83484670490256,7.536652684995179,0
KRW,INR,0.3,0.009194207780966558,109.31767898761761,1.0050894547451583,0
GBP,INR,0.2,0.006696593481524307,63.935081672069444,0.42814725116590446,1
KRW,INR,0.3,-0.01761668869318788,168.71438788935066,-2.972188849508438,0
GBP,INR,0.2,-0.03,1877.0352255571304,-56.31105676671391,0
KRW,INR,0.3,0.011430386252751624,104.57545895073588,1.195337888365683,0
GBP,INR,0.2,-0.02176220613954554,2113.016530183403,-45.98390130611847,0
KRW,INR,0.3,-0.0005553646228898031,481.5548776955894,-0.2674385430521563,0
EUR,INR,0.15,0.01777428034781786,974.8340566050763,17.326973814699173,0
KRW,INR,0.3,0.01671763632367184,358.55467699039684,5.994186692077082,0
THB,INR,0.35,0.020521918948303713,550.0076166515194,11.28721172987218,0
THB,INR,0.35,-0.0016556847929278008,190.61514694534262,-0.3155986000991019,0
EUR,INR,0.15,0.0951178062455201,1284.5399635987044,122.18262337220901,1
EUR,INR,0.15,0.011650468733579923,168.26328642170913,1.9603461574655254,0
AED,INR,0.4,0.04571012952524753,496.5333943531106,22.696605769491494,1
USD,INR,0.15,-0.006698123259790701,50.59308371110507,-0.33887871078989096,0
EUR,INR,0.15,-0.01914426542917417,6174.680352746983,-118.20971961329502,0
THB,INR,0.35,0.05552047200850248,441.69416782966226,24.52306868130556,0
USD,INR,0.15,0.07575191349148011,327.83328603211487,24.83399872313242,1
GBP,INR,0.2,-0.00285466515852993,409.33743897953246,-1.1685213251367426,0
EUR,INR,0.15,0.022430828783946546,1204.9163736490934,27.02727287629658,0
EUR,INR,0.15,-0.00568901298344505,106.09327141348173,-0.6035659985274571,0
AED,INR,0.4,0.08246576715172192,420.01318120578406,34.63670920197018,1
GBP,INR,0.2,0.014872457160816291,180.69252518604938,2.687341840109238,0
EUR,INR,0.15,0.05754661533127475,584.0314044101829,33.609030570976955,0
EUR,INR,0.15,0.01644739597319297,2150.546930090756,35.370896918137205,0
KRW,INR,0.3,0.07060401557555492,327.9980077436037,23.157976447480376,1
USD,INR,0.15,0.04079126847687825,285.3715236023125,11.640666434917728,0
KRW,INR,0.3,0.011895573274510959,79.60641830379441,0.9469639820541568,0
AED,INR,0.4,0.0019598105071853833,1184.5824019939682,2.3215570380546784,0
EUR,INR,0.15,0.0441837810772005,4186.760615128623,184.98691444148838,1
THB,INR,0.35,0.005734501057395219,2069.9914501725343,11.870368159813461,0
AED,INR,0.4,0.015361581686688783,592.4926313679267,9.10162395551959,0
KRW,INR,0.3,0.012343929472604688,2010.9084592184367,24.822512196456543,0
THB,INR,0.35,0.010036684286052764,65.01719754926955,0.652557084965942,0
GBP,INR,0.2,0.023926514300750948,1959.6985577619364,46.88875556745198,0
EUR,INR,0.15,0.008800355128735471,128.92208716862945,1.1345601510217296,0
KRW,INR,0.3,0.017023212423695658,1755.9869299294796,29.892538521422715,0
THB,INR,0.35,0.11620664197883981,1176.0031291053137,136.65937458993653,1
USD,INR,0.15,0.07319593915606147,1195.1628273228723,87.48106559031136,1
EUR,INR,0.15,-0.018707769687886094,385.1831711255771,-7.205918053066913,0
USD,INR,0.15,0.05734885808796321,982.9263817430807,56.36970557749908,0
KRW,INR,0.3,0.020653913991154623,205.10747257344448,4.2362720974750285,0
GBP,INR,0.2,0.008073892697980775,21.903558386115822,0.1768469801134561,0
USD,INR,0.15,0.03742864494744817,277.1823357342345,10.37455922990104,1
EUR,INR,0.15,0.035913106760153087,15455.343448301086,555.0493992736695,0
USD,INR,0.15,0.013940899131824638,976.7121811096988,13.61624599767475,0
KRW,INR,0.3,0.10120230755959202,6008.686656251814,608.0929550152126,1
USD,INR,0.15,0.03249448008315783,86.89792835521408,2.8237030022061798,0
KRW,INR,0.3,0.032412469144432965,186.8817391039246,6.057298602363927,1
GBP,INR,0.2,-0.003551800663490083,627.200782389775,-2.227692155033502,0
KRW,INR,0.3,0.02528928875749394,1951.1163581895191,49.34234498172472,0
EUR,INR,0.15,0.05135221971172982,171.468409560813,8.805283441387743,1
AED,INR,0.4,0.006854516211291675,183.5138985356086,1.2578989925096646,0
GBP,INR,0.2,0.07856610941299308,102.66284679587142,8.06582045401378,1
EUR,INR,0.15,0.025472120446627326,2565.694619218451,65.35368236999602,0
EUR,INR,0.15,-0.0035187391234550707,276.8830788835802,-0.9742793222903502,0
USD,INR,0.15,0.023961212096824037,577.4838982473494,13.83721416840549,0
AED,INR,0.4,0.013567210305040758,4557.102238792723,61.82716445527294,0
GBP,INR,0.2,0.012930552255891885,544.7534312905823,7.043962709879284,0
USD,INR,0.15,-0.03,1563.4090261067952,-46.90227078320385,0
KRW,INR,0.3,0.01977975397065628,1099.1398424381991,21.74071566277349,0
THB,INR,0.35,0.03154610517649996,1610.7383632556016,50.8125218190846,0
EUR,INR,0.15,0.01573931602685633,278.8749969555635,4.389301709072211,0
THB,INR,0.35,0.06891471325553485,219.49682225739363,15.126560566369381,1
EUR,INR,0.15,-0.007250982149815446,582.303945984257,-4.222275518098945,0
GBP,INR,0.2,0.04396046224471733,95.83412703545176,4.212912523297422,1
THB,INR,0.35,0.029510101782103854,5052.212679399987,149.09131039392923,1
EUR,INR,0.15,0.02205550013246707,8275.9940233786,182.5311872789234,1
AED,INR,0.4,0.028360646320241677,3666.1874031700604,103.97544428503136,0
GBP,INR,0.2,-0.01699757357229343,813.5527490823894,-13.828422707469489,0
AED,INR,0.4,-0.018219677414864445,1176.0736370794832,-21.427682283714542,0
EUR,INR,0.15,0.011412888862092243,340.58537357271564,3.887063016639572,0
AED,INR,0.4,-0.004002327928704393,59.31356544243317,-0.23739233952128602,0
USD,INR,0.15,-0.03,223.66275635334247,-6.709882690600274,0
USD,INR,0.15,-0.00912123070770258,77.0782175419875,-0.703048204738956,0
GBP,INR,0.2,0.004009245809234817,508.8239620402969,2.040000337448316,0
THB,INR,0.35,0.07675966506262072,643.7709796191554,49.415644772601595,1
EUR,INR,0.15,0.004920786775383028,548.5157842171232,2.69912921706447,0
GBP,INR,0.2,0.07272506897302414,2250.8369888251914,163.692275259346,1
AED,INR,0.4,0.017638099155665502,508.4339389971587,8.96780823013747,0
USD,INR,0.15,0.09495748369019963,22016.207308993926,2090.6036464638446,1
USD,INR,0.15,-0.010858454664566567,290.24771473993775,-3.151641651997663,0
THB,INR,0.35,0.00904663577938399,516.646078081361,4.673908895249255,0
USD,INR,0.15,0.016228911038586355,1172.167318854431,19.022999140026847,0
THB,INR,0.35,0.08864418899473024,421.719759212129,37.38300603841209,1
GBP,INR,0.2,0.01461897031971103,428.3397571472011,6.261886196487164,0
AED,INR,0.4,0.013748395345225206,1190.273711262486,16.364353551465094,0
KRW,INR,0.3,0.010859844882689576,307.76023618224644,3.3422284259991044,0
THB,INR,0.35,0.03256952671502884,379.66926310268406,12.365648207498182,0
GBP,INR,0.2,0.04101215322998432,127.25258604781402,5.2189025579047135,1
KRW,INR,0.3,0.027516933472855387,2508.9078857901936,69.03745138281101,1
EUR,INR,0.15,-0.03,621.2886429150168,-18.638659287450505,0
AED,INR,0.4,0.0566055652198102,454.02819094057696,25.70052237391927,0
AED,INR,0.4,0.048701859963602705,613.0046558862753,29.854466908009844,0
AED,INR,0.4,0.026502746892497556,151.8934580931128,4.025593874467953,0
GBP,INR,0.2,0.03402733643080209,89.32658830941686,3.0395458726202804,0
GBP,INR,0.2,-0.0010358040057088097,2030.0332044356871,-2.1027165248763757,0
USD,INR,0.15,0.0432268024248524,7213.378396866841,311.8112827770615,0
USD,INR,0.15,0.018727450060137606,365.0205261909412,6.835903675166002,0
EUR,INR,0.15,0.009001230059913537,29.575579716120522,0.2662165971801131,0
GBP,INR,0.2,0.039520076514155775,561.6851133927217,22.197838658142626,0
KRW,INR,0.3,-0.019067760983194036,547.8642003323646,-10.446543623186262,0
EUR,INR,0.15,-0.002344508762059168,97.47280348025329,-0.2285258418219252,0
THB,INR,0.35,0.06178680273601718,1534.3768430404407,94.80423932365251,1
GBP,INR,0.2,-0.01782666227606875,517.87979285863,-9.232068166891239,0
THB,INR,0.35,0.056583479238554106,107.9176295025613,6.106354948432151,1
GBP,INR,0.2,0.0979874993509158,503.2583544921918,49.3130276841466,1
GBP,INR,0.2,0.06792899628258486,3157.38618228574,214.47807423917283,1
USD,INR,0.15,0.001647680616447031,492.721255660985,0.8118472622640468,0
THB,INR,0.35,0.0011637742812532683,515.7701831674092,0.6002400742075181,0
THB,INR,0.35,0.020081806935271743,1227.0700026193367,24.641782888664913,0
GBP,INR,0.2,0.028152068306423972,14885.019943758689,419.0440981991777,0
KRW,INR,0.3,0.039625174589575395,2377.514726735824,94.20943613619366,0
EUR,INR,0.15,0.02993699659046075,86.14131246594998,2.5788121775909585,0
AED,INR,0.4,0.007729504165615365,2184.325023170556,16.88374936565469,0
THB,INR,0.35,0.013849022383834592,2451.1737278187416,33.94635982322903,1
GBP,INR,0.2,0.024902037353312177,212.69825476516746,5.29661988514651,0
GBP,INR,0.2,0.024202556927764858,413.3686387166619,10.004578010692674,0
GBP,INR,0.2,0.022682137690015966,9133.80667156089,207.17426055833053,0
KRW,INR,0.3,0.03219916129079884,469.95685584296854,15.132216601004444,0
GBP,INR,0.2,0.01688490585358022,1991.1228061723302,33.61992112513625,0
GBP,INR,0.2,0.015588094063538421,112.08137036686522,1.7471349440489827,0
GBP,INR,0.2,0.017296315045862858,1244.3578051167192,21.522804627077193,0
GBP,INR,0.2,-0.01623058125117547,1512.4553518677628,-24.54802947726491,0
EUR,INR,0.15,-0.00601645056506908,2461.733879438714,-14.81090018999875,0
AED,INR,0.4,-0.01947106723118861,442.3037171982233,-8.61212541417124,0
THB,INR,0.35,-0.019623798530651874,4563.847980815885,-89.56003330005329,0
KRW,INR,0.3,0.023460469987406744,150.68673881932614,3.5351817135709998,0
KRW,INR,0.3,0.011934581920851376,311.68182001674325,3.7197922142298765,0
EUR,INR,0.15,0.011788454061265084,2426.7644312988455,28.607801015878525,0
KRW,INR,0.3,0.02404996630129486,74.7166071161122,1.7969318832895862,0
GBP,INR,0.2,0.10256022886190168,280.56739846426274,28.775056597683147,1
USD,INR,0.15,0.037271108247985976,441.3025578819163,16.44783540493,0
AED,INR,0.4,0.0023105652609064047,208.24123525360068,0.48115496406520786,0
KRW,INR,0.3,0.0168801123682596,151.11932069753053,2.5509111143893737,0
GBP,INR,0.2,0.04372246314164187,161.4146524131418,7.057446190654526,0
THB,INR,0.35,-0.03,515.1927491865447,-15.45578247559634,0
USD,INR,0.15,0.04081116372422919,1356.5890954142344,55.36397967945429,0
AED,INR,0.4,0.009202927656015557,900.7621251778529,8.28964867329061,0
THB,INR,0.35,-0.003606860823113454,182.4921718415355,-0.6582238651401227,0
AED,INR,0.4,0.015147815949591137,270.81230915080187,4.102215015900122,1
AED,INR,0.4,-0.01051007476723378,1168.0954544270246,-12.276770561293947,0
KRW,INR,0.3,-0.013747476729489267,781.1879645305327,-10.739363363740585,0
AED,INR,0.4,0.07608277183235315,6988.414759365588,531.6979656066612,1
GBP,INR,0.2,-0.024158573995981043,751.5543990333916,-18.156482561053256,0
GBP,INR,0.2,0.015436837075355614,1977.1720830407012,30.521283315840787,0
AED,INR,0.4,0.02512548234558772,397.189688135988,9.979582497110258,0
AED,INR,0.4,-0.03,4943.314128402611,-148.29942385207832,0
THB,INR,0.35,-0.011041515424274046,369.19276663124543,-4.076447627289305,0
GBP,INR,0.2,0.009637520887123701,4592.430322759273,44.25964315825273,0
AED,INR,0.4,0.02796491308125093,549.0395950264527,15.353844553079961,0
USD,INR,0.15,0.007922367289584868,2479.9782401695547,19.647298488801525,0
EUR,INR,0.15,-0.012217758765168162,1965.0886280558757,-24.008978809761953,0
THB,INR,0.35,-0.026397872986645143,8304.175772041031,-219.21257728911502,0
THB,INR,0.35,0.011505967731968353,2188.413116871826,25.179810706943517,0
USD,INR,0.15,-0.03,290.61078991279174,-8.718323697383752,0
EUR,INR,0.15,0.023061130273167356,388.2633134140395,8.953790850932771,0
USD,INR,0.15,0.02959953855568742,517.0659171294452,15.304912549904891,0
THB,INR,0.35,0.10572373778479079,1281.7269381425433,135.508962719885,1
EUR,INR,0.15,-0.0015772321074270165,1189.1017915036214,-1.8754895245584975,1
AED,INR,0.4,0.10531445966732836,166.32532462775106,17.516461692164587,1
GBP,INR,0.2,-0.03,671.2944289320085,-20.138832867960254,0
AED,INR,0.4,-0.03,254.62443143729564,-7.638732943118869,0
USD,INR,0.15,0.04286111436140398,659.7491137039123,28.277582212298302,0
EUR,INR,0.15,-0.008279606022851006,107.45516067024823,-0.8896863954718098,0
EUR,INR,0.15,0.03480194471656599,635.1612402499054,22.104846369282697,0
THB,INR,0.35,0.03784655994955551,23.10485657767027,0.8744393395926798,0
EUR,INR,0.15,-0.03,103.00178364811396,-3.0900535094434187,0
KRW,INR,0.3,0.03433035265335216,807.9626775737931,27.737643651854984,0
THB,INR,0.35,-0.004824799851183155,119.52000860354562,-0.5766601197237963,0
THB,INR,0.35,-0.03,4271.764819861141,-128.15294459583424,0
USD,INR,0.15,-0.014216378307427559,3388.2533854566514,-48.16869192907393,0
GBP,INR,0.2,-0.019335325656133003,1348.4819928520185,-26.073338473224993,0
THB,INR,0.35,-0.0024295027294538116,139.0556080141364,-0.3378359792162037,0
AED,INR,0.4,0.09868943418252439,1973.7873818198657,194.79195990840878,1
EUR,INR,0.15,-0.011446799994729634,2564.5464862067647,-29.355850704795497,0
EUR,INR,0.15,0.002226216843492411,820.9349323881119,1.8275791738937182,1
EUR,INR,0.15,0.023232498348591733,3385.7409618096885,78.65922130400297,0
EUR,INR,0.15,-0.03,2356.0560871693033,-70.6816826150791,0
AED,INR,0.4,-0.03,196.3175970740952,-5.889527912222856,0
KRW,INR,0.3,0.015858992268224556,1263.0085291405042,20.030042498340926,0
AED,INR,0.4,0.09373730904207456,630.6037958277885,59.1111028926147,1
GBP,INR,0.2,0.017106284722478417,781.9272518931189,13.375870203148791,1
AED,INR,0.4,-0.006807030068707408,545.9516989636887,-3.716309630907724,0
GBP,INR,0.2,0.08314327218402005,224.54097636347555,18.66907151425406,1
KRW,INR,0.3,-0.03,1016.1712365590264,-30.485137096770792,0
AED,INR,0.4,0.07049282059571073,91.21622325204207,6.430088861124499,1
KRW,INR,0.3,-0.013155977814713773,485.83212051616454,-6.391596599186009,0
AED,INR,0.4,0.012647196689826792,57.65049520536895,0.7291171521282175,0
EUR,INR,0.15,0.03513897117515446,26396.91784184926,927.5605351576615,0
AED,INR,0.4,0.031505887257066434,270.55368630228776,8.524033937623598,1
EUR,INR,0.15,0.010183766872992479,181.37947170223862,1.8471262553621344,0
GBP,INR,0.2,0.015281237942717971,1355.119239015736,20.707899532154368,0
KRW,INR,0.3,-0.00029678498107836744,2340.411968498883,-0.6945991217865257,0
EUR,INR,0.15,0.0678705397944027,852.9723048276066,57.891690758325474,0
AED,INR,0.4,0.0081252174697185,355.08448930731305,2.885138695745852,0
AED,INR,0.4,0.05009665168169665,1503.059005723765,75.29822346678075,0
AED,INR,0.4,0.07981980688702683,2246.479483256393,179.31355852919313,1
KRW,INR,0.3,0.021227702267259674,976.1410897068133,20.72123242313465,0
EUR,INR,0.15,0.010194075419685554,151.22775995653836,1.541627190547055,0
USD,INR,0.15,0.053232521651118914,111.13037833924805,5.915750271041058,0
THB,INR,0.35,0.030467413470683526,1992.2394057178242,60.69838170659378,0
GBP,INR,0.2,0.11847976853052813,9375.178273462212,1110.7689517722392,1
AED,INR,0.4,-0.0005485571421862765,228.1247220147886,-0.12513944557047119,0
GBP,INR,0.2,0.0028953029461305357,4364.896740516361,12.637698392372593,0
USD,INR,0.15,0.032246423794637366,1102.0417504018656,35.53690532284253,0
THB,INR,0.35,-0.02459982831788087,870.7873878277048,-21.421220241937487,0
THB,INR,0.35,-0.01641453588943085,1204.4068961594598,-19.76978022248747,0
EUR,INR,0.15,-0.017286808457515367,449.654288295636,-7.773087553867053,0
GBP,INR,0.2,-0.010450054618543656,770.9491424070649,-8.05646064627322,0
USD,INR,0.15,-0.03,973.7713752959437,-29.21314125887831,0
GBP,INR,0.2,0.03749708183883673,594.0659013989936,22.275737722420374,0
THB,INR,0.35,0.020997618594272842,2417.1269787362276,50.753910393430345,0
THB,INR,0.35,0.029198441587913432,353.658218350412,10.32626883059004,0
THB,INR,0.35,0.012564589221079923,213.76405963748294,2.685857599575404,0
THB,INR,0.35,0.005632952085262591,8862.339168296996,49.9211318983629,0
USD,INR,0.15,0.05221099683768472,227.41029554801327,11.87331822171427,0
USD,INR,0.15,0.04080510593534779,1124.2227747775132,45.874029419727066,0
THB,INR,0.35,0.004067194145119543,2283.6967778655694,9.288238164163209,0
KRW,INR,0.3,0.024609087226154437,209.85598922529556,5.164364343776224,0
THB,INR,0.35,-0.010919922897853401,266.10517904529985,-2.905848037894149,1
GBP,INR,0.2,0.00829492568691121,702.2373334845767,5.825006495829249,0
GBP,INR,0.2,0.03733113384225158,558.2418278373613,20.8398003913397,0
KRW,INR,0.3,0.00513025946791911,461.1064907498339,2.3655959398882906,0
KRW,INR,0.3,0.030418911848091944,2362.5736882576316,71.86692075773036,0
THB,INR,0.35,0.07941324340790891,134.72448152062117,10.698908044001415,1
GBP,INR,0.2,-0.004909997649495183,689.5344164975196,-3.3856123642488534,0
KRW,INR,0.3,0.11656356091715053,196.01764044463255,22.848514172804038,1
GBP,INR,0.2,0.029617531232169113,628.2196634420786,18.606315502658532,0
GBP,INR,0.2,0.04840662418925617,929.9102921725331,45.013818042917215,1
KRW,INR,0.3,-0.03,3090.1225954268584,-92.70367786280575,0
GBP,INR,0.2,0.04881118869820782,89.7086916138691,4.378787874233899,0
USD,INR,0.15,0.05778987530010899,1479.2754560923272,85.48714414208744,0
GBP,INR,0.2,0.03692906191102011,823.5195220452064,30.41180341454112,0
USD,INR,0.15,0.008158167251333765,181.80362095868264,1.4831843466790218,0
THB,INR,0.35,0.08708570107049877,1824.8435427725867,158.91777926632344,1
USD,INR,0.15,0.017767313751081506,538.7199459488522,9.571606303638928,0
GBP,INR,0.2,0.04474481449404569,6919.285587518636,309.6021500448453,0
GBP,INR,0.2,-0.00975478867552386,253.39738557512294,-2.4718379472155623,1
THB,INR,0.35,0.03498764739499211,1897.0096899366126,66.37190613638552,0
THB,INR,0.35,0.0006017938632160904,909.9789337662818,0.5476197379964696,0
AED,INR,0.4,0.021288760656314312,529.0716655516462,11.26328005796657,0
KRW,INR,0.3,0.05247863953808004,287.7618767211399,15.101351801250127,0
THB,INR,0.35,0.018573906686382646,305.99508497237827,5.683524154768683,0
KRW,INR,0.3,0.010503097574892682,112.56642988133363,1.1822961967009624,0
GBP,INR,0.2,-0.02708664880264374,1391.0263865323561,-37.678243207212496,0
GBP,INR,0.2,0.03821682067433172,228.09941046180504,8.717234265539588,0
KRW,INR,0.3,0.11762730676635944,547.8836172710722,64.44607432100707,1
USD,INR,0.15,0.04462177734485111,1070.5775273852455,47.771072057385666,0
THB,INR,0.35,0.045011002119958135,603.9504149871897,27.18441340933799,0
KRW,INR,0.3,-0.0200667876942998,202.75199716236034,-4.068581281652361,0
EUR,INR,0.15,-0.003013391787088775,256.54314605855825,-0.7730650093667755,0
EUR,INR,0.15,0.021310925967273575,331.8914062276856,7.072913187292528,0
THB,INR,0.35,-0.014149273115288413,250.98586779181375,-3.5512675914640424,0
AED,INR,0.4,0.013818649107441345,2080.8418245436933,28.754423021457328,0
AED,INR,0.4,0.13462649833822327,1484.344266826474,199.83207097126555,1
EUR,INR,0.15,0.010654186539583575,374.18389510424583,3.9866250185486085,1
EUR,INR,0.15,0.026067928815787095,1579.3475183027124,41.17031868250511,0
USD,INR,0.15,0.026765551502120025,427.1150927617098,11.431971012646315,0
KRW,INR,0.3,0.038143921225802534,770.9788519968989,29.408156597329384,0
EUR,INR,0.15,0.02086867972736637,2336.7790449528857,48.76549348274283,0
THB,INR,0.35,0.03573494045338303,377.70382470540477,13.497223684862663,0
USD,INR,0.15,0.07615577308161287,2953.124213731094,224.8974575027216,0
EUR,INR,0.15,0.0074826031795705746,213.66800090166697,1.5987928629193016,0
KRW,INR,0.3,0.005086821648632404,1999.5563586019732,10.171386572597095,0
GBP,INR,0.2,0.02285698831671206,356.86565643751885,8.15687413982815,0
KRW,INR,0.3,-0.015024827136063556,413.80403810086744,-6.217334140670591,0
USD,INR,0.15,0.02546018039360337,277.84274559967264,7.073926424021715,0
AED,INR,0.4,-0.018465395844533175,3635.7082038166263,-67.1347911586907,0
KRW,INR,0.3,0.044656902052020574,2685.362457953219,119.91996825899011,0
GBP,INR,0.2,-0.012034414106198368,379.71761835189864,-4.569679062666137,0
GBP,INR,0.2,0.006892476528037521,605.1622092191607,4.171066322698397,0
KRW,INR,0.3,0.028321228241800153,288.4886846190007,8.17035388227142,0
THB,INR,0.35,-0.022325260393906338,3374.579176560429,-75.3383588365656,0
KRW,INR,0.3,-0.02815018635374686,3614.5379046339312,-101.74991559812686,0
USD,INR,0.15,0.05178156150759087,899.4580397892705,46.575341810845224,0
THB,INR,0.35,0.021382743801212918,650.2899482958271,13.904983360913667,0
THB,INR,0.35,0.03166428809456252,500.94165441520073,15.861960863969694,0
KRW,INR,0.3,0.015233658397385729,795.6827950356642,12.121159892250393,0
GBP,INR,0.2,0.035576259336753575,380.442562637777,13.53472327114067,0
EUR,INR,0.15,0.04858847328451996,160.3791734325641,7.792579183721535,0
AED,INR,0.4,-0.010934311558396225,65.49687971564389,-0.7161632889136522,0
KRW,INR,0.3,0.07213534056846826,443.8862564217147,32.01988628064282,1
USD,INR,0.15,0.01298334142024668,83.46834990181748,1.0836980845599098,1
EUR,INR,0.15,0.003958050887168232,1009.3094297739847,3.9948980839441828,0
GBP,INR,0.2,-0.010725699745402606,1355.332610076827,-14.536890630836872,1
KRW,INR,0.3,0.051910585446101845,1589.6087552827498,82.51752111697678,0
GBP,INR,0.2,-0.03,223.2454669616546,-6.697364008849638,0
KRW,INR,0.3,0.029759776913386743,1242.1698345687248,36.96669716530376,0
KRW,INR,0.3,0.13771682175324163,539.2428560194897,74.26281228414501,1
EUR,INR,0.15,0.010668402425484723,1075.8162272041875,11.477240447680977,0
EUR,INR,0.15,-0.03,220.88898605617888,-6.626669581685366,0
EUR,INR,0.15,0.028917115264716436,5959.713255262147,172.3377151470739,0
THB,INR,0.35,0.007150495250449281,656.2625872204409,4.692602512967319,0
THB,INR,0.35,0.1111571237670933,567.0138463518118,63.02762829658397,1
GBP,INR,0.2,0.012780583371021451,449.0837113573052,5.739551813569772,0
KRW,INR,0.3,0.03754289280422782,2282.912784435537,85.70714994746461,0
THB,INR,0.35,0.031625953628271565,827.0200269423713,26.155297021731332,0
THB,INR,0.35,0.05223867936974066,92.06876351483503,4.809550617219944,1
AED,INR,0.4,-0.03,893.2369836854591,-26.79710951056377,0
KRW,INR,0.3,-0.014019250391842245,263.90150571551413,-3.69970128740998,0
KRW,INR,0.3,0.05899209954889708,968.6371004763812,57.141936258057704,0
USD,INR,0.15,0.04659502749307898,1119.7740295692386,52.1759016938145,1
EUR,INR,0.15,-0.01278983441465365,2182.1665157915236,-27.909548402175275,0
GBP,INR,0.2,0.01918400872868717,4552.414800813474,87.33356527541035,0
AED,INR,0.4,0.0007305183822894964,573.3059326913518,0.41881052250665723,0
GBP,INR,0.2,-0.024306486310244846,174.87859095319848,-4.250684076958827,0
USD,INR,0.15,-0.011831938058105661,578.1434047813276,-6.840556954074977,0
EUR,INR,0.15,-0.006487385920960697,816.1364971027691,-5.294592420886684,0
EUR,INR,0.15,-0.004254658378702359,627.1952028126826,-2.6685013247289056,0
GBP,INR,0.2,-0.000380680731520526,5154.65638166761,-1.9622783621101734,0
THB,INR,0.35,0.024545865019411348,710.0770000493227,17.42945419659922,0
THB,INR,0.35,0.0276108493436679,5208.904610891131,143.82228045685207,0
GBP,INR,0.2,-0.03,346.7628905823255,-10.402886717469764,0
GBP,INR,0.2,0.07896943119527604,480.1125411319131,37.914214282905746,0
THB,INR,0.35,0.09882830584557545,611.9674640761255,60.47970770725653,1
THB,INR,0.35,0.06807500128841548,1179.3568493670027,80.28471904016034,1
THB,INR,0.35,0.04280873548374898,99.60461831022675,4.263947758202278,0
AED,INR,0.4,0.07914485037071725,3273.2916369779305,259.0641768283384,1
KRW,INR,0.3,0.015020993467352625,434.1989481958677,6.522099564381509,0
EUR,INR,0.15,0.006658193847919845,7854.659726256262,52.29784706686322,0
THB,INR,0.35,0.021301734937563363,59.938659793940495,1.2767974434433067,0
USD,INR,0.15,-0.013688979998107509,3437.9949699832723,-47.062644377695236,0
EUR,INR,0.15,0.04051787988738604,395.4321960290088,16.02207422230867,0
AED,INR,0.4,0.061820722765386686,774.8029221639443,47.89887664890868,1
USD,INR,0.15,0.0025924250623973293,1835.0383231734718,4.757199339454478,0
KRW,INR,0.3,0.11019131825825543,944.6839319332191,104.09596779711346,1
GBP,INR,0.2,0.01776406209260694,865.3090280471004,15.371403303522051,0
THB,INR,0.35,0.06994653724059256,6760.006779032375,472.83906591624617,1
KRW,INR,0.3,0.06754187130126936,266.2065139682537,17.980086106003355,0
THB,INR,0.35,0.0022389004864084554,793.6407079462065,1.7768825670543127,0
GBP,INR,0.2,0.01717902194006937,433.5615660586606,7.448163655692566,0
USD,INR,0.15,0.00452021138202942,3789.7299643945457,17.130380519874173,0
USD,INR,0.15,0.0028701381327053957,1259.4605716101187,3.6148258132171365,0
GBP,INR,0.2,0.03508720417560816,181.6201567731717,6.372543523106238,0
GBP,INR,0.2,0.0900556597305767,1849.9059745107434,166.5945029741004,1
AED,INR,0.4,0.035354985380742825,1778.6823814381887,62.88528959273199,0
KRW,INR,0.3,-0.005728904653042469,461.1132291123663,-2.6416737238412735,0
THB,INR,0.35,0.005860609462810299,4191.266417432504,24.56337562716395,0
THB,INR,0.35,-0.027673057478450343,792.710238428675,-21.9367159917928,0
AED,INR,0.4,0.065284850944541,1557.3684999436564,101.67257038454503,1
KRW,INR,0.3,-0.01226500997130339,383.5287988565815,-4.7039845422579845,0
AED,INR,0.4,0.05907092387760372,290.10610193995325,17.136835464123322,0
THB,INR,0.35,0.03747280370751276,645.2295979105565,24.178562068779673,1
EUR,INR,0.15,0.006510121822106207,1377.6770050301473,8.968845134260684,0
AED,INR,0.4,-0.03,917.0808584375867,-27.5124257531276,0
EUR,INR,0.15,0.062499874315288174,514.9581664573186,32.18482068121366,1
USD,INR,0.15,-0.01564006523115128,520.0326988378276,-8.133345332155272,0
THB,INR,0.35,-0.00946467617029279,1440.6906671486008,-13.635670626124584,0
GBP,INR,0.2,0.011172745204121412,325.0335622309564,3.6315171735944167,0
KRW,INR,0.3,0.023792005806399237,6478.643930401292,154.1399340097007,0
AED,INR,0.4,0.031063133945754766,6373.562664669146,197.98283076427936,0
AED,INR,0.4,0.02137311820165081,69.88504093826403,1.493661240500723,0
AED,INR,0.4,0.037329804744740756,33.31886332801786,1.24378666235161,0
EUR,INR,0.15,0.025569228130688754,1786.5259364329538,45.680089230046555,0
AED,INR,0.4,-0.013317331338271768,2974.3933271043543,-39.610981467393245,0
USD,INR,0.15,0.005700644852864429,215.37433788105162,1.2277726106807012,0
THB,INR,0.35,0.010979127041033161,618.9894338781468,6.795963631605369,1
EUR,INR,0.15,-0.016609349191911572,1107.1946602925948,-18.38978273621962,0
THB,INR,0.35,-0.03,137.39471059230596,-4.121841317769179,0
THB,INR,0.35,0.09935772183585494,40.48556903518669,4.022553906564381,1
USD,INR,0.15,-0.002053565275117481,1222.433607472947,-2.5103472074430373,0
EUR,INR,0.15,-0.0006018277253545222,1176.5812291502389,-0.7080992048343161,0
GBP,INR,0.2,0.015196330953441153,630.1429042801847,9.575860121404276,0
AED,INR,0.4,-0.03,547.6865505833748,-16.430596517501243,0
GBP,INR,0.2,0.047452109042642646,217.2401918748394,10.30850527328949,0
EUR,INR,0.15,0.018670498585529514,198.20802978705865,3.7006427397798705,0
USD,INR,0.15,-0.02714576172078384,91.4328418833245,-2.4820141392188315,0
GBP,INR,0.2,0.028748459823620967,87.8602653204418,2.5258473076573997,0
KRW,INR,0.3,-0.018906330778578166,964.6669639401237,-18.238312711418715,0
GBP,INR,0.2,0.0024644627688770494,397.15901143647307,0.9787835970092021,0
USD,INR,0.15,-0.007581107105016109,1881.6285242561705,-14.26482737423943,0
GBP,INR,0.2,0.053959017804922293,3800.2710854211896,205.05889516177334,0
KRW,INR,0.3,0.008067869063342618,11491.461265847856,92.71160483933392,0
USD,INR,0.15,0.02774254297193967,613.9299817734518,17.031978901112126,0
THB,INR,0.35,0.007590382420807759,205.63003507870468,1.5608106034514828,0
AED,INR,0.4,0.07288427789155388,13940.803219573836,1016.0653758868885,1
EUR,INR,0.15,0.03577485323683746,3128.2116628716044,111.91131313299492,1
KRW,INR,0.3,-0.014721480063079438,1666.8298632046717,-24.538202599713003,0
THB,INR,0.35,-0.0009433482906336388,1508.5325971077334,-1.423071646846704,0
EUR,INR,0.15,-0.023187687263435765,364.5221929692805,-8.45242661115346,0
KRW,INR,0.3,0.015216136704073749,104.19839663913012,1.5854970476063026,1
KRW,INR,0.3,-0.02329010796529988,270.33274712798976,-6.296078867166992,0
KRW,INR,0.3,0.006310367495273486,1125.2062985934297,7.100465252120971,0
GBP,INR,0.2,0.016026081946552792,1372.9272933537263,22.00264530994574,0
GBP,INR,0.2,0.015266237159098443,510.04828215947526,7.7865180380373085,0
USD,INR,0.15,0.058221995854840995,346.43715375799627,20.17026253006097,1
EUR,INR,0.15,0.016201260769663318,739.8008274638587,11.985706123354674,0
THB,INR,0.35,-0.020532434615130636,1876.6992541822476,-38.533204728761426,0
USD,INR,0.15,-0.01582579626635492,3273.4567546643348,-51.805059686041126,0
KRW,INR,0.3,0.021639804384879967,172.42133932263016,3.731164054720729,0
GBP,INR,0.2,-0.010880489766579004,595.3648009903038,-6.477860624556346,0
KRW,INR,0.3,0.07082474347943431,515.2932209374862,36.49551018958893,1
THB,INR,0.35,0.07231533169908372,108.73812813163066,7.863433804176338,1
GBP,INR,0.2,0.017364420013508,306.06467474593506,5.314635563586131,0
KRW,INR,0.3,0.04794949178559072,276.5633987816566,13.261074418076094,0
THB,INR,0.35,0.017248533300683627,143.81658612826465,2.4806251750240076,1
THB,INR,0.35,-0.03,1073.0724283960938,-32.19217285188281,0
KRW,INR,0.3,-0.0006118979397944993,363.9062149902055,-0.22267346323092088,0
USD,INR,0.15,-0.016307965599737878,1755.398113761622,-28.626972053069288,0
EUR,INR,0.15,0.022804277982179773,90.06509070614075,2.0538693649530697,0
GBP,INR,0.2,0.028927304609012404,84.04086281177507,2.43107563816044,0
AED,INR,0.4,0.11341755855786975,1670.721583774092,189.48916306159498,1
THB,INR,0.35,-0.010804465571615686,3965.5750664630727,-42.845919277257856,0
THB,INR,0.35,0.0708113702644254,1060.1944234449522,75.07381987083951,1
GBP,INR,0.2,0.07717881914510841,1200.905278332836,92.68445128685602,1
EUR,INR,0.15,-0.0005805933191705952,407.9029568056207,-0.23682573159127526,0
EUR,INR,0.15,-0.016556007933582105,565.0715396403575,-9.355328893327213,0
AED,INR,0.4,-0.025966849934775292,2970.4424000343733,-77.13303204158633,0
AED,INR,0.4,0.06777690852062856,245.80530171381793,16.65992344814294,0
AED,INR,0.4,0.11577333995133188,1434.5521922583614,166.08289863225568,1
KRW,INR,0.3,0.07302576565071585,3419.133873077813,249.6848689438048,0
THB,INR,0.35,-0.008961598073271624,205.3469759846206,-1.8402370643359305,0
AED,INR,0.4,0.006092380990763014,1422.0385325963161,8.663600524122327,0
EUR,INR,0.15,0.020488761047847814,97.15041940331407,1.9904917288526998,0
GBP,INR,0.2,-0.00522290323762384,671.4828351788835,-3.507089873864626,0
GBP,INR,0.2,0.007039580326063099,2381.149902390246,16.762296006273445,0
GBP,INR,0.2,0.03221117325896386,598.0489892282933,19.263859609380766,0
EUR,INR,0.15,0.06011192967153509,354.30872854993373,21.298181372604635,1
EUR,INR,0.15,-0.013143021136732784,137.87133905570136,-1.8120459233587352,0
AED,INR,0.4,0.014277535048316942,48.586407611348626,0.693694137542843,0
AED,INR,0.4,0.06088492333008027,3414.9300488780864,207.91775420352957,0
AED,INR,0.4,-0.0022146497085274164,4545.96883632458,-10.06772855834095,0
GBP,INR,0.2,-0.014775771353167601,450.6480913814898,-6.658673158994272,0
KRW,INR,0.3,0.029931350408245072,278.8185682166808,8.345416265618654,1
KRW,INR,0.3,0.06536529006583588,347.2098753268504,22.69547421446229,1
THB,INR,0.35,0.05828390821648207,1343.9450464087608,78.33036973288395,1
AED,INR,0.4,-0.02833751527029941,326.2590079176584,-9.24536961893938,0
AED,INR,0.4,-0.00039648195189249426,756.8046582335508,-0.3000593880977702,0
USD,INR,0.15,0.0034584728489385477,633.1723444702941,2.1898093620492776,0
AED,INR,0.4,0.00861911886945809,71.97855022068433,0.6203916804033371,0
KRW,INR,0.3,0.045395712213716216,601.7891400802923,27.318646616424704,1
THB,INR,0.35,0.05374757460510623,1310.746341189631,70.44943676145972,0
EUR,INR,0.15,0.025592426688949364,99.98118203146359,2.5587610714147333,0
KRW,INR,0.3,-0.0005361877441091446,444.60264985862835,-0.23839049185264582,0
GBP,INR,0.2,0.04897955726205879,627.3273430324962,30.726215520115346,0
AED,INR,0.4,0.016376227551129316,168.95234876065948,2.7668021086023207,1
THB,INR,0.35,0.015602561434891478,1118.128693155889,17.445671627079683,0
KRW,INR,0.3,0.03155278447584337,156.15898000610443,4.927250640100147,0
AED,INR,0.4,-0.012255793178976583,176.20556233431324,-2.159538928954609,0
USD,INR,0.15,-0.03,3346.2823007946345,-100.38846902383904,0
GBP,INR,0.2,0.029591511855667697,1130.9389681991418,33.4661938855015,0
GBP,INR,0.2,0.0141997166864164,310.8904617785956,4.414556477765224,0
THB,INR,0.35,0.019686669819085532,9154.788130709998,180.22729119297097,0
GBP,INR,0.2,0.038416242659388644,242.94924566520922,9.333197175390103,0
GBP,INR,0.2,0.010570238331578974,255.48378368338092,2.7005244833869035,0
GBP,INR,0.2,0.05189796969023442,1303.6372504371882,67.65612651024973,0
AED,INR,0.4,0.028573626572003,224.69730885815775,6.420416995047021,0
AED,INR,0.4,0.006265144659939385,107.47072659427715,0.6733196488219411,0
USD,INR,0.15,-0.0018394829954501615,572.5941052415953,-1.0532771198869149,0
GBP,INR,0.2,0.000715972323371018,75.65017865441574,0.05416343417463462,0
THB,INR,0.35,0.058231749915532066,587.9718344845501,34.23862882308093,0
KRW,INR,0.3,0.041217659067446545,3193.753478051955,131.6390420038171,0
USD,INR,0.15,0.007185986771345536,2352.092398957712,16.902104863892504,0
EUR,INR,0.15,-0.03,1913.5120553931106,-57.405361661793314,0
KRW,INR,0.3,-0.012041846458954593,494.436144414547,-5.953924134797475,0
THB,INR,0.35,0.02218313968964314,285.0894509946834,6.324179115458733,0
USD,INR,0.15,0.03163190265440826,219.25613076267888,6.935488584667267,0
KRW,INR,0.3,0.06727767936546847,1170.2140611142454,78.72928639260692,0
THB,INR,0.35,0.09844259119869517,375.3649487874643,36.951898203803495,1
THB,INR,0.35,0.00829025596022283,1202.9632908526808,9.972873591920706,0
THB,INR,0.35,0.02255586800879935,94.93716617104774,2.1413901892836034,0
KRW,INR,0.3,0.0019244277701566392,1801.9658864649305,3.467753192788038,0
USD,INR,0.15,0.03148488010847197,534.7389835220176,16.836192785516893,0
EUR,INR,0.15,-0.010465293801258808,253.31351576630314,-2.6510003663241677,0
THB,INR,0.35,-0.008665989041430658,391.270368901532,-3.3907447291372073,0
KRW,INR,0.3,0.021967029516273426,802.1606392676715,17.6210864395857,0
KRW,INR,0.3,0.013060548117931118,2442.772082256152,31.903942321445264,0
KRW,INR,0.3,0.009868305583687877,1082.2498509934267,10.679972247503805,0
USD,INR,0.15,0.14561398984461288,1584.5977212164742,230.73959648501238,1
AED,INR,0.4,0.04764079369991436,690.2262147386045,32.88292470263465,1
AED,INR,0.4,0.038577338725521645,503.85175631190066,19.43725987069318,0
KRW,INR,0.3,0.04833709044231592,174.49537404313685,8.434598676888852,1
USD,INR,0.15,-0.022024435860963164,199.35060133270625,-4.390584532896627,0
EUR,INR,0.15,0.02852385841678666,204.33441581176263,5.8284059462915305,0
EUR,INR,0.15,-0.012500920299839275,1485.9211686524434,-18.57538210116823,0
KRW,INR,0.3,-0.014549701917236786,574.1499124722252,-8.353710082278468,0
USD,INR,0.15,0.02255347823252761,805.0495521682727,18.15666755093324,0
GBP,INR,0.2,-0.03,194.61529476509747,-5.838458842952924,0
USD,INR,0.15,-0.014036795337762668,625.1206376357989,-8.774690451905407,0
GBP,INR,0.2,0.030368268040542046,460.9278551169062,13.997580651542336,0
THB,INR,0.35,0.03221880834343867,1167.8575599792973,37.62697889740891,1
USD,INR,0.15,0.008631211102980648,592.8891810828623,5.117351682599504,0
THB,INR,0.35,0.05018548367703376,4049.2478519592514,203.21346197876503,0
KRW,INR,0.3,0.00775636659962215,3024.5227675660876,23.459307374146352,0
USD,INR,0.15,0.014492394217926764,3567.5069870796597,51.70171763196659,0
AED,INR,0.4,-0.025826010115446357,9227.70735497553,-238.31486349197678,0
KRW,INR,0.3,0.006068697435336399,136.3843286227067,0.8276752253326969,0
KRW,INR,0.3,-0.0076952700249170395,395.7373946587194,-3.045306110856008,0
AED,INR,0.4,0.04984716264153952,218.53742254547322,10.89347044488705,1
THB,INR,0.35,-0.0046686190182502925,729.2958147645055,-3.404804310739913,0
AED,INR,0.4,0.02663893957348553,945.7681411463999,25.19426036252668,0
THB,INR,0.35,0.013949067443824022,351.2259526317048,4.899274501280991,0
USD,INR,0.15,0.00027625894538036225,1405.0346122091955,0.3881533801918186,0
GBP,INR,0.2,0.019956571583337225,163.8754577948002,3.2703923042340888,0
KRW,INR,0.3,-0.017129341958393614,3049.000733565382,-52.2273761966344,0
AED,INR,0.4,0.020933012720964587,472.24361998593537,9.885481704559952,0
EUR,INR,0.15,0.02639760793140255,910.6890716221934,24.040013060095635,1
GBP,INR,0.2,0.019237827907910603,967.8824811968022,18.619956608345603,0
GBP,INR,0.2,0.0033096033698224916,144.3188026452508,0.47763799556346914,0
AED,INR,0.4,-0.014410638493289963,2143.9450278497106,-30.89561674582866,0
GBP,INR,0.2,0.022817049368374562,244.7522960841096,5.584525222774157,0
EUR,INR,0.15,0.010189416494451549,5370.227092983186,54.719480520193464,0
THB,INR,0.35,0.014983154902628982,123.5194606252185,1.85071121203683,0
GBP,INR,0.2,0.01673853695178354,491.49854901542176,8.22696662444263,0
AED,INR,0.4,0.02638764317502601,80.95371426151925,2.136177725625984,1
KRW,INR,0.3,0.04503934526678783,198.9993852447736,8.962802019917882,0
THB,INR,0.35,0.03817813867100552,248.74023894342383,9.496439335441083,0
USD,INR,0.15,-0.020913890003718356,1065.207872870841,-22.277640284315574,0
GBP,INR,0.2,-0.00751837900864879,753.3078072318491,-5.663653604943184,0
AED,INR,0.4,0.04578972263035278,279.40537756401255,12.793894740085129,0
THB,INR,0.35,0.03319911624748189,233.02948284590732,7.7363728900918645,0
KRW,INR,0.3,0.01428448048323662,776.8421728077774,11.096786856027826,1
AED,INR,0.4,0.016653163486686474,1217.4041285727392,20.273629982488906,0
AED,INR,0.4,0.039357226907747025,1232.804465522367,48.5197650824476,0
KRW,INR,0.3,-0.015372914269977092,324.03017807171943,-4.981288148381954,0
AED,INR,0.4,0.017298881816821512,526.6240766740717,9.110007664277516,0
EUR,INR,0.15,0.010145920800851024,1957.971853061394,19.86542735145642,0
KRW,INR,0.3,-0.011379187782582756,4210.271181559397,-47.90946639056095,0
THB,INR,0.35,-0.03,1577.87928952788,-47.3363786858364,0
KRW,INR,0.3,0.027960292444415745,869.2444304433069,24.30432848087446,0
GBP,INR,0.2,0.06478841899156071,732.9967198242892,47.48969860341568,0
AED,INR,0.4,0.0487281824396851,662.8579558565377,32.299863404574104,1
EUR,INR,0.15,0.016076165741341228,809.4110927393235,13.012226879757481,0
GBP,INR,0.2,0.10631294317212193,1607.2657674019536,170.87315419230083,1
EUR,INR,0.15,0.003871302137591348,1779.5270362920403,6.8890868194989725,1
KRW,INR,0.3,-0.03,1774.0873697795496,-53.222621093386486,0
GBP,INR,0.2,0.013371563117487224,5233.789847135558,69.98395128463693,1
GBP,INR,0.2,0.05099826640890905,509.4393031727635,25.98052130237358,0
EUR,INR,0.15,0.010484183187182835,1338.4622642451716,14.032683567477896,0
EUR,INR,0.15,-0.028757153741033083,313.35204680844384,-9.011112985137814,0
GBP,INR,0.2,0.042415829329353436,275.83364545987223,11.699712829119326,0
USD,INR,0.15,-0.021216585619065684,1707.1474655661095,-36.21984036755435,0
GBP,INR,0.2,0.07913858347938962,556.0461341554844,44.004703406255686,1
AED,INR,0.4,0.043948989983354905,413.6431096245593,18.17919688157353,1
AED,INR,0.4,-0.00020990823840117898,108.90094033554162,-0.022859204546065437,0
KRW,INR,0.3,0.053534591382167644,20153.081296258806,1078.8869722868205,0
KRW,INR,0.3,-0.02953933413115105,989.6549368881335,-29.23374785528178,0
USD,INR,0.15,0.0334336494523925,106.09862388959812,3.54726419850606,0
THB,INR,0.35,0.07703647896052337,486.72144350827847,37.49530624246106,1
KRW,INR,0.3,-0.021694830131968823,190.92393016602722,-4.142062233079838,0
USD,INR,0.15,0.009553839755162767,120.2026540467307,1.1483968949077323,0
GBP,INR,0.2,0.031232654332039266,197.77604404128127,6.177070818699512,1
KRW,INR,0.3,-0.03,3252.3770549819133,-97.5713116494574,0
THB,INR,0.35,-0.0027740151998283703,3692.1221147955275,-10.24200286606526,0
GBP,INR,0.2,-0.008794186002571416,549.3074870810409,-4.830712213995769,0
EUR,INR,0.15,0.026347315256775604,106.42654677972547,2.8040537796954035,0
USD,INR,0.15,0.044151653691563784,387.34348057465047,17.101855214016933,0
KRW,INR,0.3,-0.011931239249468444,187.23936657733705,-2.2339976795531338,0
USD,INR,0.15,0.01859541193369262,827.7730765090307,15.392781345305483,0
AED,INR,0.4,-0.006783095191424454,374.06527472188424,-2.5373203662448804,0
THB,INR,0.35,-0.020672114836299,528.4485473727052,-10.924149056363955,0
USD,INR,0.15,0.00429098018355902,878.1779789271637,3.7682443052143704,0
EUR,INR,0.15,-0.023215991209702316,1807.7046483013853,-41.96765522470298,0
GBP,INR,0.2,0.023119814387533043,231.7829679457585,5.358779197097457,0
GBP,INR,0.2,0.015457929826758119,2226.5234378964487,34.41744306063554,0
USD,INR,0.15,-0.004633984861935071,3854.9840429104975,-17.863937697848502,0
GBP,INR,0.2,0.01658033075904826,2658.911383492589,44.08563019730573,0
USD,INR,0.15,-0.03,1590.9341761560142,-47.72802528468043,0
USD,INR,0.15,0.0453984078782236,281.639683937345,12.785993246081569,0
GBP,INR,0.2,-0.03,220.54950793445806,-6.616485238033742,0
THB,INR,0.35,0.0433110957019575,2670.2162875755466,115.64999317611017,0
GBP,INR,0.2,-0.002176905371471345,45.835042778606365,-0.09977855082636707,0
GBP,INR,0.2,-0.0276975590840255,401.4591646828618,-11.119438933627087,0
EUR,INR,0.15,0.013247174813106657,1659.772428393678,21.987295508905603,0
KRW,INR,0.3,0.05442794009446761,2242.914604074001,122.07722170754627,1
KRW,INR,0.3,0.06520240738822076,277.38101029382705,18.085909634934367,0
GBP,INR,0.2,-0.004674274650511583,990.645463764197,-4.630548978917277,0
AED,INR,0.4,-0.006166242147471105,101.52976307366964,-0.6260571042876172,0
USD,INR,0.15,0.05656899215950706,312.54577753254114,17.68039963872536,0
USD,INR,0.15,0.03888727612193591,1217.312752651428,47.337977139109945,0
KRW,INR,0.3,0.039712525350867646,3727.308512983228,148.02083381235124,0
KRW,INR,0.3,0.04933857300124295,463.76649564055236,22.881577100692013,0
GBP,INR,0.2,0.021382686882565297,44.91685494224984,0.9604430449797339,0
KRW,INR,0.3,0.02857203050259193,649.6170885754769,18.56087926978349,1
THB,INR,0.35,0.07823732154992794,889.5694018757068,69.59752733552673,1
USD,INR,0.15,0.01114471525513204,707.1101392397471,7.88054115584375,1
AED,INR,0.4,0.011652356157474397,4982.398699112642,58.05668416059762,0
GBP,INR,0.2,0.0714337182180696,830.6118724988943,59.33369444866916,1
GBP,INR,0.2,-0.01603236903577751,158.64194301847348,-2.5434061750249546,0
GBP,INR,0.2,-0.0017706348643681362,336.58483335692534,-0.5959688407593112,0
THB,INR,0.35,0.0274606283596093,1155.4408257737803,31.72913110809386,0
THB,INR,0.35,0.02911830715422832,349.5479486464982,10.178244533819162,0
KRW,INR,0.3,0.031103546488138942,861.3821468688436,26.792039649188002,1
GBP,INR,0.2,0.013227004385309556,108.8100254887881,1.4392306843058447,1
AED,INR,0.4,0.01768322915703436,8701.486549272367,153.87038065763542,0
USD,INR,0.15,0.07579629886601941,170.0288718930558,12.887559189858184,1
THB,INR,0.35,-0.006025868210222834,284.3241144082164,-1.7132996424122313,0
USD,INR,0.15,0.06418400946858,2491.8837188974408,159.93908820831368,0
AED,INR,0.4,0.09484517929245143,608.8598419963693,57.747420878119286,1
THB,INR,0.35,-0.029053691284765495,1215.5822983317503,-35.31715282695638,0
KRW,INR,0.3,-0.0036709613798695685,203.2771485361042,-0.7462225616860483,0
KRW,INR,0.3,0.030452967928876827,281.25314322103975,8.564992950406124,0
USD,INR,0.15,0.09867762989544784,86.69197081069672,8.554558210564899,1
THB,INR,0.35,0.02168160437584658,4733.207270529844,102.62352746850871,0
USD,INR,0.15,-0.005983769936969906,148.05146445329177,-0.885905902119976,0
KRW,INR,0.3,0.07224117353367936,34.30201368769547,2.478017723367453,1
THB,INR,0.35,0.07154435919220967,937.5614244222727,67.07723131362681,1
USD,INR,0.15,0.029702136019203414,374.20338770988457,11.114639920605702,0
KRW,INR,0.3,0.03607764086773005,928.435075571209,33.49574722546189,0
EUR,INR,0.15,-0.00033828147023325615,239.1074167674752,-0.08088560848777744,0
AED,INR,0.4,0.08134681929291254,559.2600609400846,45.49402711503632,1
KRW,INR,0.3,0.02296929785858081,221.17846335092327,5.080314004610556,0
USD,INR,0.15,-0.020941068153200716,1460.7143532730754,-30.58891882424998,0
KRW,INR,0.3,0.017220138833308925,1256.6208293875982,21.639185142882248,0
GBP,INR,0.2,0.04715083428332094,1939.7269204547965,91.45974258126057,0
THB,INR,0.35,-0.021630300899954914,6392.918803124326,-138.2807573405588,0
GBP,INR,0.2,-0.007145830228537339,1251.7971358192779,-8.945129813133857,0
THB,INR,0.35,0.005193640194639164,266.979069093098,1.3865932243692605,0
AED,INR,0.4,0.04288600545562403,10168.328672653157,436.07899892998154,0
THB,INR,0.35,0.03637817928952948,291.9144153948849,10.619314940433307,0
USD,INR,0.15,0.04141260294850279,2561.0117173933763,106.05816139887513,0
KRW,INR,0.3,-0.015391240619863833,195.04210107007708,-3.0019399085733576,0
THB,INR,0.35,0.06858469262761627,173.05998284665858,11.869265729678622,1
GBP,INR,0.2,-0.010131303474971797,3670.319832811857,-37.18512407642467,0
KRW,INR,0.3,0.052450329037587194,567.7470256460633,29.778518305247477,0
USD,INR,0.15,0.006323798382548826,913.4551827173883,5.776506406999062,0
GBP,INR,0.2,0.03114612886816319,1168.6169832002918,36.397895156280384,0
EUR,INR,0.15,0.04364687507944292,1397.1013023903893,60.979106018760326,0
AED,INR,0.4,0.01417419058335408,3838.4211360908525,54.40651272212623,0
EUR,INR,0.15,0.002623873672911694,1464.2878117350665,3.842106238777116,0
GBP,INR,0.2,0.010021433356149113,1849.4423047156126,18.534062802750334,0
AED,INR,0.4,0.04833019348097144,3491.23257669336,168.73194591866053,1
USD,INR,0.15,0.004361006382639414,2861.384923975748,12.47851791664643,0
KRW,INR,0.3,0.04052369777525083,1237.2571829484223,50.138236152060095,1
GBP,INR,0.2,0.044201123330581855,283.4700453239792,12.529694433890834,0
AED,INR,0.4,0.03245611432140574,546.5575425683884,17.739134084826194,0
AED,INR,0.4,0.05151721806043896,557.6835024611684,28.73030260500136,0
GBP,INR,0.2,0.04166355861526162,277.8512805958623,11.576273115431214,0
KRW,INR,0.3,0.029675836798746184,259.02936983321985,7.6869133052527,0
KRW,INR,0.3,0.02648315974093446,219.4418733518344,5.811514185826539,0
THB,INR,0.35,-0.03,2008.7416367992867,-60.2622491039786,0
GBP,INR,0.2,0.07656670747552978,597.6946398154117,45.76351064643877,1
THB,INR,0.35,-0.009005114468884573,579.2890133746617,-5.2165638760060355,0
USD,INR,0.15,0.029164085032836497,100.41405532202214,2.9284840479034018,0
AED,INR,0.4,-0.003252239650121745,747.1585796128886,-2.429938757545681,0
AED,INR,0.4,0.01507474294173318,246.62497402542678,3.717808086444931,0
KRW,INR,0.3,0.004394313446795479,364.99256981922144,1.6038917575370424,0
GBP,INR,0.2,0.031910384161616,1262.61135842998,40.2904134943205,0
EUR,INR,0.15,0.04146794052635189,786.4381105728569,32.61196879689178,0
THB,INR,0.35,0.08303472124419611,729.1980451752867,60.54875641294265,1
EUR,INR,0.15,0.003990038107789721,1671.392572372396,6.668920056842549,0
THB,INR,0.35,0.029891111463508924,36.26983468576922,1.0841456713553699,0
EUR,INR,0.15,-0.0029405686105209005,1302.053136146103,-3.8287765813815273,0
AED,INR,0.4,0.017622555920027944,772.9834941116931,13.621944850241903,0
EUR,INR,0.15,0.044978619842032094,732.1570398691744,32.93141316094313,1
EUR,INR,0.15,0.050787404496014064,1199.8512107751717,60.937328776670874,1
GBP,INR,0.2,0.002225893555246671,1079.647601511225,2.403180638141362,0
USD,INR,0.15,0.004760305844927091,730.4170623914575,3.4770086113365313,0
KRW,INR,0.3,0.005353665121495116,306.4306592091477,1.64052713236477,0
GBP,INR,0.2,0.024169009527941446,2397.9528268176996,57.956144718911105,0
GBP,INR,0.2,0.007888441151010077,826.1897512807552,6.51734923254589,0
KRW,INR,0.3,0.010743475773903888,719.6011971044104,7.7310180279634695,0
GBP,INR,0.2,0.018923323055330156,303.6663319933779,5.746376101337829,0
KRW,INR,0.3,0.09226324227766952,478.3157653726735,44.130963345807906,1
GBP,INR,0.2,0.0473682751817326,130.18525540235117,6.166651002502712,0
USD,INR,0.15,0.011847150231557104,329.2037875102674,3.90012672743174,0
EUR,INR,0.15,0.062446079855429285,2723.72915195016,170.08620812724038,1
EUR,INR,0.15,0.0012377297835367354,180.90101568327736,0.22390657498323846,0
THB,INR,0.35,0.10798845848691727,679.6404429909962,73.39332376396325,1
EUR,INR,0.15,-0.010369319414764959,2011.0526899443066,-20.853247701954793,0
EUR,INR,0.15,-0.03,1064.5877541707714,-31.93763262512314,0
EUR,INR,0.15,0.021048397199521826,1040.4243221713255,21.89926438910532,0
GBP,INR,0.2,0.0420902683246323,5838.061509190162,245.72557541752172,0
KRW,INR,0.3,-0.009520123789474836,370.21041395561144,-3.5244489690101433,0
AED,INR,0.4,-0.00400882890149608,538.921645777181,-2.160444669233396,0
AED,INR,0.4,-0.001524362659523451,723.3515956553364,-1.1026501621237006,0
USD,INR,0.15,0.03758641195989636,682.6154259617875,25.657064610379877,1
GBP,INR,0.2,0.017407258712085875,583.5254985396074,10.157579318177834,0
GBP,INR,0.2,0.01608713484689779,829.6481771478698,13.346662101260728,0
KRW,INR,0.3,0.028923818403195502,566.6654631137409,16.390128950464522,0
USD,INR,0.15,-0.005903599018728363,362.0980716395911,-2.137681820414923,0
GBP,INR,0.2,-0.012531605639497045,366.7424630565381,-4.5958719182823495,0
KRW,INR,0.3,-0.019343228681077435,363.1103270765157,-7.023726093101867,0
KRW,INR,0.3,0.05399532307934194,764.6682372123788,41.28850851679328,0
EUR,INR,0.15,0.024776450506540725,3331.282728682187,82.53736165048814,0
GBP,INR,0.2,0.07254353145948611,577.2735780608199,41.8774639707852,1
EUR,INR,0.15,-0.021118069922969156,585.5488250652727,-12.365661031040863,0
GBP,INR,0.2,0.015087890092963699,1689.1335551815187,25.485461432915788,0
USD,INR,0.15,0.02314860451562,2026.5019634667538,46.910692502419295,0
EUR,INR,0.15,0.005432038454641812,4980.177983704602,27.052518318443923,0
AED,INR,0.4,0.06053620451714028,203.51741194500968,12.320171672302195,1
AED,INR,0.4,0.01623340497387795,1596.080676664002,25.909823995267896,1
GBP,INR,0.2,0.09971401069746466,1380.8910736412263,137.69418728909469,1
EUR,INR,0.15,-0.001500051602795146,1707.2780265082451,-2.561005140080627,0
EUR,INR,0.15,-0.002176487993272575,345.0581143677571,-0.7510148429026984,0
THB,INR,0.35,0.0748903792542741,2136.3142385394526,159.98938353052537,1
KRW,INR,0.3,-0.008664083806747777,1098.6727000751573,-9.518992349637028,0
USD,INR,0.15,0.006821099263581739,2146.936547315992,14.644467301853833,0
EUR,INR,0.15,-0.03,187.24730755755579,-5.617419226726673,0
THB,INR,0.35,0.002433918841090241,3095.435396374609,7.534038532613799,0
THB,INR,0.35,0.0012532399169265587,306.90445625261435,0.3846249152584171,0
KRW,INR,0.3,0.04295016908655235,276.1291469663969,11.85979355193221,0
EUR,INR,0.15,0.04037368673332597,1620.0664272804966,65.40805442220139,0
EUR,INR,0.15,0.01582444112142401,228.13333021173023,3.6100824517699066,0
AED,INR,0.4,-0.02166347072362429,2699.3029739307585,-58.47627094994097,0
KRW,INR,0.3,0.031794963287089945,357.6617515796039,11.37184226066979,0
AED,INR,0.4,0.01728334108296997,15378.535335554969,265.7924715609025,0
GBP,INR,0.2,-0.0011367721691718114,881.4476345420578,-1.0020051395297371,0
USD,INR,0.15,0.05241306116304803,433.8127144580082,22.737452336195474,1
EUR,INR,0.15,-0.0022170961587053128,22368.841601635864,-49.59387278967447,0
THB,INR,0.35,0.08626644516772831,624.1168495231459,53.84034197764381,1
GBP,INR,0.2,0.010607757947567395,7492.345903324115,79.4769918019104,1
EUR,INR,0.15,0.06912296541468209,3232.6224241234777,223.44844802141293,1
USD,INR,0.15,-0.009629622509336045,243.2886067796884,-2.342777444110693,0
AED,INR,0.4,0.06286500444770841,2198.096840164831,138.18336763345593,0
THB,INR,0.35,-0.01135886267656405,3223.8826178445356,-36.6196399414579,0
EUR,INR,0.15,0.01874124392868684,846.6100545971399,15.866525545683881,0
GBP,INR,0.2,0.046002753001729346,1015.2675951403331,46.70510440990049,0
THB,INR,0.35,0.10617614815245716,753.5954686648505,80.01386412797955,1
THB,INR,0.35,0.06488817446902734,710.7814669033817,46.12131183377781,1
THB,INR,0.35,0.00703751166233374,3628.869041430604,25.538208200149732,0
THB,INR,0.35,0.05216212014903541,604.1970594554896,31.51619960901114,1
THB,INR,0.35,0.04530863514395312,283.1566144354595,12.829439732053244,1
EUR,INR,0.15,-0.0037438932479181408,624.4691828319188,-2.33794595713738,0
EUR,INR,0.15,0.023301245962145938,1561.2479935987649,36.379023506751665,0
USD,INR,0.15,0.03028628331702187,57.5627675565265,1.7433622867288365,0
USD,INR,0.15,0.004056915666322183,377.00977065440986,1.5294968449244084,0
USD,INR,0.15,0.03201045091925502,1585.054052240005,50.738294943594966,1
EUR,INR,0.15,0.07725787518221734,335.8842375477897,25.949702500141377,0
EUR,INR,0.15,0.02772599419257705,68.98469281204918,1.912669192283587,0
AED,INR,0.4,0.01168764726053851,1408.2916534457052,16.459616085433943,1
AED,INR,0.4,0.054534992915021445,1312.8155694096322,71.59438777648414,0
AED,INR,0.4,0.054752107708138764,206.7805130060755,11.321668920052835,1
EUR,INR,0.15,-0.012148373136627767,1688.4264996264417,-20.511635131232318,0
GBP,INR,0.2,0.06320248286600863,1338.5184367355207,84.5976885636134,1
EUR,INR,0.15,0.04252278093541394,1219.352427337549,51.85025615073984,0
AED,INR,0.4,0.04824170685719078,1943.7564910072615,93.77013084093409,0
THB,INR,0.35,0.03946849440013127,5585.90683691069,220.46733271226452,0
GBP,INR,0.2,0.0026211787242429296,456.8945188768103,1.1976021921031048,0
GBP,INR,0.2,-0.0031167195141341072,1658.1053054882343,-5.167849162104475,0
USD,INR,0.15,0.007436445036666086,1120.31449057838,8.331157132966688,0
GBP,INR,0.2,0.04032671664481349,4872.212371406376,196.48032773505975,1
AED,INR,0.4,0.0007217318969772249,42.093745410840796,0.030380398726242482,0
USD,INR,0.15,-0.03,425.3554887063042,-12.760664661189125,0
GBP,INR,0.2,-0.014134857122884955,317.1038023013829,-4.482216938653605,0
KRW,INR,0.3,0.04118714052042345,355.3950568865966,14.637706148252141,1
AED,INR,0.4,0.023820868490142352,189.09137982848625,4.5043208915139274,1
AED,INR,0.4,-0.0028955274668626893,389.9593331876341,-1.1291379602042537,0
AED,INR,0.4,0.011380200224808332,217.93186366275495,2.4801082438477824,0
GBP,INR,0.2,0.006588077267607562,2292.88851597922,15.105726709281138,0
THB,INR,0.35,0.018635595476011787,198.459319805977,3.6984076023486416,0
USD,INR,0.15,-0.02870220063401875,445.91284735614136,-12.798680010102547,0
EUR,INR,0.15,0.021040021495830865,413.91004506627803,8.708676245534813,0
GBP,INR,0.2,0.030747464761608362,858.5190065698893,26.397282901678686,0
USD,INR,0.15,0.046913250936317555,1580.7362734712085,74.1574774614943,0
THB,INR,0.35,-0.018159259903624637,1447.1711029750377,-26.279556183938844,0
EUR,INR,0.15,-0.03,1031.4139074386658,-30.94241722315997,0
GBP,INR,0.2,-0.011907263893336554,1860.6358664772363,-22.155082271551368,0
AED,INR,0.4,0.0027873989144497355,1096.2176041021007,3.0555957596748855,0
KRW,INR,0.3,-0.03,248.92131145251778,-7.4676393435755335,0
KRW,INR,0.3,-0.0049124101754740475,309.013189872692,-1.517999538286306,0
KRW,INR,0.3,0.03047160163962765,1716.0686490150133,52.291360259039486,0
EUR,INR,0.15,0.042590548413306166,3046.298578354721,129.7435270828025,0
AED,INR,0.4,0.07548057546473692,77.7225796003217,5.866545034836104,1
EUR,INR,0.15,0.019318100681397415,139.05633666193975,2.6863043120216465,0
EUR,INR,0.15,-0.02267463647839818,282.83992503887066,-6.413292481833784,0
GBP,INR,0.2,0.03447261381154557,1831.4774532154552,63.13581494924941,0
GBP,INR,0.2,0.042122919621877086,376.6591082549408,15.865981341870771,0
GBP,INR,0.2,-0.03,126.65434898497386,-3.799630469549216,0
GBP,INR,0.2,-0.024296311270654777,1378.101493047998,-33.48278283764825,0
KRW,INR,0.3,0.06137024546596622,2640.748385339278,162.06337662212542,0
EUR,INR,0.15,0.05148210960648607,852.0764625780816,43.86669383955172,1
THB,INR,0.35,-0.007696406185123206,729.1619911778552,-5.611926858857997,0
EUR,INR,0.15,0.004518559976733831,589.869719748114,2.6653617071410296,0
GBP,INR,0.2,0.053909449690699815,4254.269834960397,229.34534563845932,0
EUR,INR,0.15,0.04784995546141274,64.58800731936999,3.0905332735732545,0
THB,INR,0.35,0.021236399863600774,254.7842979997567,5.410701231289652,0
AED,INR,0.4,0.010109256289574164,367.0736275102656,3.7108413776449565,0
GBP,INR,0.2,-0.03,483.3179425857054,-14.499538277571162,0
KRW,INR,0.3,0.10572629936946612,223.53672789737868,23.633711013749146,1
EUR,INR,0.15,-0.007897677638105288,1293.184734070089,-10.213156156204475,0
USD,INR,0.15,0.034849301601886956,1464.3407632353642,51.03125290592654,0
THB,INR,0.35,-0.03,2911.9339935861553,-87.35801980758465,0
EUR,INR,0.15,-0.011299281126249358,949.0301154894989,-10.723358072192744,0
GBP,INR,0.2,-0.017578500880125095,5871.162308616826,-103.20623180937815,1
USD,INR,0.15,-0.02803149099195651,274.20883644005426,-7.686482528584257,0
USD,INR,0.15,-0.026830165746881664,1014.7050813914931,-27.22470551793681,0
GBP,INR,0.2,-0.007427231479451143,134.01305439582396,-0.9953459762660621,0
USD,INR,0.15,0.01990478625978357,1958.1280531288273,38.97612036681544,1
KRW,INR,0.3,-0.01201872819572773,410.1975431016933,-4.930052777094563,0
GBP,INR,0.2,0.022436018449894915,939.1265806039922,21.070261289217893,1
AED,INR,0.4,-0.001333836252514705,10662.123362705634,-14.221526669960767,0
THB,INR,0.35,0.07967322917289162,1062.315917272033,84.63813953082526,1
AED,INR,0.4,0.008845466976435503,160.26255772834668,1.417597161945179,0
THB,INR,0.35,-0.01582840600196421,1104.4255313207404,-17.48129570867972,0
GBP,INR,0.2,0.008911786250591115,1085.6905418640406,9.675442043380775,0
KRW,INR,0.3,0.02745997803323503,2541.158385079751,69.78015343326096,0
AED,INR,0.4,0.0521756824571163,2087.7989221245352,108.93233359507943,1
EUR,INR,0.15,-0.02576614294094086,104.21990519906146,-2.685344974650323,0
THB,INR,0.35,0.024880919033310085,51.41190541563398,1.2791754559945854,1
AED,INR,0.4,-0.013108940877107603,1035.1483291025795,-13.569698245242439,0
KRW,INR,0.3,-0.012589888475491225,2619.908210752773,-32.98435218940117,0
GBP,INR,0.2,0.0732258798798431,524.9231616172906,38.437960378735184,1
KRW,INR,0.3,0.029180041871703297,317.8311890328046,9.274327404110485,0
USD,INR,0.15,0.009563641513355967,1360.4984542387256,13.0113194958141,0
THB,INR,0.35,0.001002361570418794,494.10663878548985,0.4952735064073754,0
EUR,INR,0.15,-0.008341997107513195,563.3171839212304,-4.699190318883382,0
AED,INR,0.4,0.04360203558554516,424.31501196385346,18.50099825112896,0
KRW,INR,0.3,0.034173308572604685,128.20888825668,4.381321900146119,0
USD,INR,0.15,-0.005918263977701432,819.4130000324742,-4.849502440952454,0
EUR,INR,0.15,0.02042915074557096,582.4345277772236,11.898642767386336,0
USD,INR,0.15,0.005776943210957931,572.2983798736258,3.3061352402531656,0
GBP,INR,0.2,-0.01799867154566058,720.9737980356508,-12.976570583871107,0
EUR,INR,0.15,0.018293048665582203,1501.6641281161797,27.47001497498834,0
AED,INR,0.4,0.03361402863779054,946.3518598152058,31.810698517254664,0
GBP,INR,0.2,0.04592827449038235,1626.5626415584468,74.70521547729774,1
EUR,INR,0.15,-0.008791397252759825,519.5004132148279,-4.5671345055444315,0
EUR,INR,0.15,0.06388736156184714,82.85725232622418,5.293531237386684,1
THB,INR,0.35,0.028659331045634312,637.5417521688241,18.27152013082008,0
THB,INR,0.35,0.04964197932751898,2094.6163146409585,103.98089979049045,0
EUR,INR,0.15,0.016303564893277674,1694.1856574168357,27.62126580695568,0
AED,INR,0.4,0.02104772305410507,815.671958730546,17.16803749035995,0
AED,INR,0.4,0.04925948936458271,243.1163415607517,11.975786841468105,0
KRW,INR,0.3,0.000460411283789491,1088.2333524537603,0.5010349148657774,0
KRW,INR,0.3,0.06158868306335984,718.0750389505624,44.22529598963597,1
THB,INR,0.35,0.0325441171985071,611.0869302487577,19.8872846764915,0
EUR,INR,0.15,0.00628176030456516,1184.094300894711,7.43819657622223,0
EUR,INR,0.15,0.013600772549480656,679.7616167810097,9.245283137705746,0
AED,INR,0.4,-0.006207092732576391,827.0828677533684,-5.133780057670373,0
THB,INR,0.35,-0.03,2727.7196065031853,-81.83158819509556,0
KRW,INR,0.3,-0.012539999677709355,50.10098333669648,-0.6282663148950957,0
AED,INR,0.4,0.02537959187024546,404.81406286692163,10.274015698898358,1
GBP,INR,0.2,0.0420088005209284,4229.117552297319,177.66015563401504,0
AED,INR,0.4,-0.019393176542561306,792.4712362192153,-15.368534588901046,0
EUR,INR,0.15,0.02666356329956577,1492.9698471753213,39.80789602450221,0
USD,INR,0.15,0.013432346883733048,339.45816152807464,4.5597197781593835,0
USD,INR,0.15,0.010221836471310313,5479.280416632604,56.00830839927152,0
USD,INR,0.15,0.021259796453874946,1509.9273986306246,32.100749155015976,0
AED,INR,0.4,0.08674656656474475,7094.178007170664,615.3955847211782,1
USD,INR,0.15,0.000758366300603934,1289.2468476447502,0.9777213624136329,0
EUR,INR,0.15,0.02110291065421037,349.41316014465116,7.373634699937873,0
EUR,INR,0.15,0.09924146763846058,370.8838215730629,36.807054776271706,1
EUR,INR,0.15,0.03940564266896323,142.41618188989872,5.6120011738314215,0
THB,INR,0.35,0.035843348113786366,1679.8214330687406,60.21042439448235,1
THB,INR,0.35,-0.029661304672030653,250.75917619528232,-7.4378443244356856,1
AED,INR,0.4,0.044312433430436345,263.52121260596886,11.677266191109858,0
THB,INR,0.35,-0.011485954669882776,3641.681842509752,-41.8281925652022,0
GBP,INR,0.2,0.02301891933453653,134.17681504511944,3.088605282088632,0
KRW,INR,0.3,0.0791637676748698,778.9484170414487,61.66449151737683,1
AED,INR,0.4,0.09133884812407152,187.68213374710734,17.142669909928713,1
EUR,INR,0.15,0.03256695356748121,980.790586163598,31.941361479012578,0
AED,INR,0.4,0.06370598004894101,328.9115220213701,20.953630859760228,0
KRW,INR,0.3,0.0012044800846468962,1109.2064582544142,1.3360170887291607,0
AED,INR,0.4,-0.00882972281971166,466.57698026508467,-4.1197454097987745,0
KRW,INR,0.3,0.038166989777745707,1896.1590815947898,72.37068428420802,1
THB,INR,0.35,-0.0004036304127931923,1146.274086114113,-0.4626710825523787,0
KRW,INR,0.3,0.0058692030212088115,284.1540082860067,1.667757563920824,0
GBP,INR,0.2,-0.03,355.0557543812144,-10.651672631436432,0
THB,INR,0.35,-0.011664263860637415,1011.1208250892461,-11.793980098826378,0
EUR,INR,0.15,0.021137863426604564,326.8142137861522,6.9081542168848316,0
THB,INR,0.35,0.02316463407223509,2498.931625217983,57.88683666971029,0
EUR,INR,0.15,0.05545397091689468,1506.4048305068968,83.53612965999912,0
USD,INR,0.15,0.02424902081469211,651.2109360439832,15.79122754288568,0
THB,INR,0.35,-0.006684601359003206,1024.7020245298697,-6.849724545745704,0
KRW,INR,0.3,0.012548791972479956,877.2562192481472,11.008505801909266,0
THB,INR,0.35,-0.008580909169452358,2040.174592601208,-17.506552868935433,0
THB,INR,0.35,0.06679605073528784,884.5213367967233,59.08253208911855,1
GBP,INR,0.2,0.016537964918145756,447.2095946592474,7.395936587532817,0
AED,INR,0.4,0.011347130520840704,157.2235945538485,1.7840366483582586,0
EUR,INR,0.15,-0.0007482992731052008,3691.119115116762,-2.762061750786585,0
USD,INR,0.15,0.0258520234188244,1084.5024758147247,28.036583402535307,0
GBP,INR,0.2,-0.03,341.6522638645488,-10.249567915936463,0
AED,INR,0.4,0.02488308219731661,123.09647246875734,3.06301964263981,0
EUR,INR,0.15,0.049280549691754216,3557.834787258978,175.33205402856785,1
AED,INR,0.4,0.01334082982971835,167.84005996311365,2.239125678577623,0
AED,INR,0.4,0.034155396231039976,553.9857015549728,18.921601142940755,1
KRW,INR,0.3,-0.01023917005223931,6517.823488415735,-66.73710306836834,0
GBP,INR,0.2,0.04366676190989336,963.5090110281334,42.07331858260232,0
EUR,INR,0.15,-0.0004362242263829825,2184.6161470073557,-0.9529824886720557,0
EUR,INR,0.15,0.03355733072008327,2089.1289310974084,70.10559045772979,0
EUR,INR,0.15,-0.012199073415040543,2283.4909507244506,-27.8564737504683,0
AED,INR,0.4,0.0060586830229134156,67.23041827308477,0.40732779381450657,0
USD,INR,0.15,-0.013113995705104185,922.2561317226945,-12.094462950417414,0
EUR,INR,0.15,-0.0030473934402060147,2450.366767661915,-7.4672316138717365,0
KRW,INR,0.3,0.008967147427056878,4129.160840176972,37.026794003896946,0
EUR,INR,0.15,0.04061596828037938,419.8201382490474,17.051401418587794,0
AED,INR,0.4,0.13177690867509806,180.53735782804245,23.79065491494945,1
EUR,INR,0.15,0.029961925261131173,1240.6449557402373,37.17211143948838,0
THB,INR,0.35,0.0196314454213395,54.84424179939516,1.0766717395595724,0
USD,INR,0.15,0.002151195327103483,629.2984750211374,1.3537439388188186,0
AED,INR,0.4,0.02777722135519644,1146.5577961580948,31.8481897004096,0
USD,INR,0.15,0.023230251097775857,466.5571160677154,10.838238957707183,0
GBP,INR,0.2,0.021500567469857925,899.3802624779177,19.337186014464997,0
THB,INR,0.35,0.08737695874330505,807.015331737573,70.51454534644856,1
USD,INR,0.15,-0.011773081746750258,272.13346112476916,-3.203849483847991,0
KRW,INR,0.3,-0.016965838438963134,884.0383676667428,-14.99845211967865,0
AED,INR,0.4,0.024550683840431707,433.2683363474842,10.63703394373691,0
THB,INR,0.35,0.08419144554320347,111.04248001635945,9.348826909279586,1
AED,INR,0.4,0.03562658240127795,1042.2607304318315,37.13218779634579,0
GBP,INR,0.2,0.0628108596132212,822.7555592110618,51.677983925603314,0
EUR,INR,0.15,0.018619374314807362,316.07276659348923,5.885077151920916,0
GBP,INR,0.2,0.006591191008350695,1153.8922481284017,7.60552421046949,0
USD,INR,0.15,-0.024290427226080227,452.861067148238,-11.000188795089306,0
THB,INR,0.35,0.027169387226191624,2004.7810153607757,54.46867171005453,0
KRW,INR,0.3,0.013310626066818418,347.6460236442454,4.627386224344865,0
THB,INR,0.35,0.022051268207507753,1485.4851350824624,32.756831131969264,0
EUR,INR,0.15,0.015912138387450685,100.9776364445184,1.6067701251428606,0
GBP,INR,0.2,0.03847276528700119,46.010861972431776,1.7701650933179764,0
KRW,INR,0.3,0.01994737733664871,376.7092021320521,7.514360601115914,0
EUR,INR,0.15,0.05702034275689542,2268.5127852406595,129.3513765628219,0
KRW,INR,0.3,0.02359135320701517,4547.252802416597,107.2758469833995,0
KRW,INR,0.3,0.027454842496998907,1635.070593279907,44.89060560997441,0
GBP,INR,0.2,-0.01702848331683223,1269.6957099791612,-21.6209922148336,0
EUR,INR,0.15,0.04766462115333936,788.4316034157331,37.58029368213082,0
GBP,INR,0.2,0.010374928307886326,1501.561228352214,15.578590094055947,1
KRW,INR,0.3,0.03603493459781762,966.5475557789816,34.82947795817608,1
KRW,INR,0.3,0.015044760789629751,1966.5155482269975,29.585756012162786,0
EUR,INR,0.15,0.029098634092886655,630.2373876556254,18.339047135047803,0
GBP,INR,0.2,-0.015352273454442589,254.01906121147724,-3.899770090359389,0
AED,INR,0.4,0.04063524994961752,151.5887094959418,6.159845099907554,1
EUR,INR,0.15,-0.008487343825554652,1867.4570340691307,-15.84974992759524,0
THB,INR,0.35,0.03645340281418555,457.10224171013925,16.662932144326913,0
KRW,INR,0.3,0.023349560150803892,41.5377804915976,0.9698889041194466,0
GBP,INR,0.2,0.025606728858520632,2627.6835259508784,67.2863795750256,0
EUR,INR,0.15,0.018143125856090746,1855.2383229659577,33.6598223866141,0
AED,INR,0.4,0.06814880717455273,429.77904508522136,29.28892927117615,1
USD,INR,0.15,0.047298576479041024,69.93407513059215,3.3077822010553137,0
USD,INR,0.15,0.06329807265564645,1118.51128793281,70.7996087697317,1
EUR,INR,0.15,0.0900786674236948,467.4024606507854,42.10299080597869,1
THB,INR,0.35,-0.01197871510674379,282.55109159089875,-3.3845990292668473,0
THB,INR,0.35,0.04550677713168656,832.5412128647564,37.88626742678049,0
THB,INR,0.35,0.02141510446382084,253.45192141383595,5.427699373633407,0
USD,INR,0.15,0.014585486475530068,124.13975753254796,1.8106387545665603,0
THB,INR,0.35,0.015842873682367815,314.70310541071956,4.985801546470913,0
AED,INR,0.4,0.05482039383670012,5175.62768205886,283.72994788259405,1
USD,INR,0.15,0.03866218610024878,483.207584893739,18.6818615722135,1
USD,INR,0.15,0.05294119216702017,1001.6616548428725,53.02916215537194,0
THB,INR,0.35,0.07506617754431656,154.14098424631578,11.570774490289642,1
EUR,INR,0.15,-0.0074638262345679395,36.16379382410656,-0.2699202730858726,0
THB,INR,0.35,0.014225863871623279,619.08395006591,8.80700399874446,0
AED,INR,0.4,-0.0212506413896901,959.9118227101859,-20.398741910137943,0
GBP,INR,0.2,0.0899599548322971,1107.541856911691,99.63441542265417,0
EUR,INR,0.15,0.024999555064388966,458.91202112238545,11.472596341759107,0
THB,INR,0.35,0.0332040708377529,202.1332031329357,6.711645195487893,0
AED,INR,0.4,0.022389892872442328,845.6592850248383,18.9342207982923,0
AED,INR,0.4,0.022182829076332903,1722.0801206333242,38.20060897175978,0
EUR,INR,0.15,-0.005034289112549387,104.83387975987675,-0.5277640595014591,0
USD,INR,0.15,0.00877301989432953,1426.5084350957363,12.514786880523781,0
EUR,INR,0.15,-0.024893387651720243,892.4631802732596,-22.21643191142934,0
KRW,INR,0.3,0.020523360553107186,550.4323555271827,11.296721692580451,0
EUR,INR,0.15,0.018348626199975984,421.62253213890995,7.736194239704219,0
EUR,INR,0.15,0.0054648491320702505,2074.3122494888644,11.33580349626191,0
AED,INR,0.4,-5.524308777510312e-07,336.4327002778534,-0.00018585581191864415,0
KRW,INR,0.3,-0.009113672627687785,1443.8875154099758,-13.159118126652022,0
USD,INR,0.15,0.05091210464082995,312.4401472374432,15.906985470149026,0
THB,INR,0.35,0.07178839453356127,2443.0272373740613,175.38100317284537,1
AED,INR,0.4,-0.03,467.3250985991745,-14.019752957975236,0
AED,INR,0.4,0.024833414990784085,910.7137645341024,22.616132852494587,0
EUR,INR,0.15,0.0037597296917442546,1505.8854301681147,5.66172216416813,0
USD,INR,0.15,-0.015757691264333643,850.2597327154709,-13.398130362625235,0
AED,INR,0.4,0.0089584557963332,958.3644327305757,8.585465407394805,0
AED,INR,0.4,0.013582166797050634,268.2350261836463,3.643212866437528,0
EUR,INR,0.15,0.1116408945864803,117.2011245702106,13.084438393559827,1
KRW,INR,0.3,-0.00869360078341625,1383.9224905213343,-12.03126964778364,0
THB,INR,0.35,-0.03,776.9892336177716,-23.309677008533146,0
EUR,INR,0.15,0.03405804643830213,427.9589832057418,14.575446923709716,0
THB,INR,0.35,0.12390621227069984,2423.0170258351086,300.2268619386448,1
EUR,INR,0.15,-0.017984771993647744,376.97552783307594,-6.77981891526288,0
THB,INR,0.35,0.10252072714744873,1119.4376724590659,114.76556417675097,1
KRW,INR,0.3,-0.03,113.13288159519887,-3.393986447855966,0
THB,INR,0.35,-0.009286178964703953,447.78636726260453,-4.158224344355197,0
AED,INR,0.4,0.006311545297496205,355.58395444476236,2.2442842355409445,0
EUR,INR,0.15,0.041088640027445174,1848.7408990466386,75.96224930494269,0
AED,INR,0.4,-0.01402415095802693,317.8008712215385,-4.456887392603332,0
AED,INR,0.4,0.036426085479134146,288.5891540355773,10.512173193250948,0
GBP,INR,0.2,0.03784731461320063,3541.5590371539697,134.0384991003902,0
EUR,INR,0.15,0.04234751983843118,80.48598158923069,3.408381702065553,0
EUR,INR,0.15,0.004273581946457759,1108.1505440498147,4.735772159008631,0
GBP,INR,0.2,0.055123921770374604,314.491367365206,17.335997532097753,1
USD,INR,0.15,0.11076190905656719,173.02209899864604,19.164257994064396,1
THB,INR,0.35,0.009268566596432368,1148.9472660873896,10.649094251519871,0
AED,INR,0.4,0.029135768230877386,2663.4109660573,77.60052461062273,0
USD,INR,0.15,0.05636179318779999,203.04083518357572,11.443745561294879,1
GBP,INR,0.2,0.007361876530726147,482.2009303864115,3.5499037125060355,0
THB,INR,0.35,-0.0028178292488803304,165.01008005488754,-0.4649702299387469,0
EUR,INR,0.15,0.05432459630242556,1520.8858552403703,82.62151010800235,0
AED,INR,0.4,0.027448486982357183,408.8098927104695,11.221213018322159,1
USD,INR,0.15,0.016540631589519274,893.674171785961,14.78193523658034,0
USD,INR,0.15,0.03177043879658661,1623.2941741242746,51.57276820787087,0
EUR,INR,0.15,0.019372692157519394,143.06018639105437,2.7714609509512416,0
GBP,INR,0.2,0.021413000368068695,1929.538053765591,41.317199055485155,1
AED,INR,0.4,0.0037058293232407743,499.62868843973786,1.8515386443523094,0
EUR,INR,0.15,-0.02311586286188494,496.11323011068947,-11.468085391205463,0
AED,INR,0.4,0.09397217854140051,144.3287174102688,13.56288400112912,1
USD,INR,0.15,0.02447298266466076,613.3909031124019,15.011504938530422,0
THB,INR,0.35,0.03358257167547139,168.7804146615229,5.668080372786376,0
GBP,INR,0.2,0.09663269262946228,266.58325255148924,25.760657503970375,1
AED,INR,0.4,0.009635997909520591,746.2401671209266,7.190768690377545,0
AED,INR,0.4,0.01879816024889193,107.16640606349105,2.0145312744793284,0
EUR,INR,0.15,0.007868963603958024,740.1550847926383,5.824253423517735,0
AED,INR,0.4,-0.007725666321070164,1520.0267429346513,-11.743219415016211,0
USD,INR,0.15,-0.00035526952318831566,214.06861138597432,-0.07605205349667994,0
GBP,INR,0.2,-0.007341966073278245,679.0648663061761,-4.985671209975172,0
KRW,INR,0.3,-0.005041729427686038,722.5575518796358,-3.6429396725083403,0
AED,INR,0.4,-0.03,249.56632067209773,-7.486989620162932,0
AED,INR,0.4,0.016011934747289444,325.15051862633715,5.2062888872922315,0
USD,INR,0.15,0.04340568124061517,866.9280832114147,37.62960403841217,0
EUR,INR,0.15,0.05218897156594957,2286.992679189263,119.35579590574328,1
THB,INR,0.35,0.010952447651142514,2217.3091526975013,24.284962421318546,0
EUR,INR,0.15,0.033987401914986025,429.2046997131501,14.58755263295172,0
AED,INR,0.4,0.11132008603187327,382.73192261113394,42.60575055221569,1
THB,INR,0.35,0.04330572137370417,317.3977399149378,13.745138089399719,1
AED,INR,0.4,0.03693437715269448,320.0835449498406,11.822086369548849,1
USD,INR,0.15,0.005608451700256839,580.0456619302574,3.253158078879356,0
EUR,INR,0.15,0.010127134903205852,4157.041244850846,42.0989174847953,0
THB,INR,0.35,0.004197071276340152,537.7500650778633,2.2569753519883475,0
AED,INR,0.4,0.04418597607907652,562.0867458237376,24.83635150533363,0
USD,INR,0.15,0.03399862624306604,307.14440925219947,10.442487972812843,0
GBP,INR,0.2,0.023476037418818974,451.95636395939647,10.610144511984158,0
AED,INR,0.4,0.05793307485343516,406.733766671373,23.563337749992282,0
EUR,INR,0.15,0.017241563921487485,676.2725935570301,11.65999715016366,1
AED,INR,0.4,0.008619552258178228,7996.516958844676,68.92639581017012,0
THB,INR,0.35,0.02697030989994733,362.84628058219226,9.786076633344967,1
GBP,INR,0.2,-0.009115515454124817,1177.806172035419,-10.736310363152455,0
THB,INR,0.35,0.022602345798598548,799.8138036619475,18.077668164859745,0
THB,INR,0.35,0.01337720808876685,5351.899692047262,71.59347585072344,0
EUR,INR,0.15,0.017114021283138527,281.50524878290724,4.81768681898588,0
KRW,INR,0.3,0.013731637759832447,4510.997824235796,61.94338805779826,0
AED,INR,0.4,-0.03,659.1509384009051,-19.774528152027155,0
THB,INR,0.35,0.004228397220051618,108.81711779754211,0.46012199838915646,0
EUR,INR,0.15,0.029655294908612906,179.034220822255,5.309312617217698,1
EUR,INR,0.15,0.01654588301428843,696.5799912027528,11.52553104453481,0
EUR,INR,0.15,0.058752195862578016,1814.6685399377327,106.61576148408015,0
AED,INR,0.4,0.039572373471948134,104.23564038692335,4.124851690479011,0
EUR,INR,0.15,0.04829767073789392,451.4569730462384,21.804320236513473,0
THB,INR,0.35,0.07848554825990892,1816.1264813976477,142.53968260183365,1
GBP,INR,0.2,0.031151692793206724,4054.983389111169,126.31959681914738,0
EUR,INR,0.15,0.04793077562525613,93.9587770488895,4.503517060753788,0
KRW,INR,0.3,0.028779805036957325,2942.892606711535,84.6958754658611,1
EUR,INR,0.15,0.04303027815193941,95.90117684750578,4.126654314846506,0
EUR,INR,0.15,0.03249623085392898,260.64126121888404,8.469858594628061,0
THB,INR,0.35,0.030213518958054825,210.66707075239515,6.364993536015368,0
USD,INR,0.15,-0.03,714.1662616945016,-21.42498785083505,0
EUR,INR,0.15,0.015107997099707995,160.04317158747304,2.417931772171612,0
AED,INR,0.4,0.003907769426455553,792.2836062001049,3.0960616533907217,0
USD,INR,0.15,-2.800765427273845e-05,7985.311835221339,-0.22364985314088584,0
KRW,INR,0.3,0.001715597721244964,2202.5764269337415,3.778735098915402,0
AED,INR,0.4,0.10104441520147736,375.69539781640304,37.96192176624484,1
KRW,INR,0.3,-0.007689408416030516,402.7819066087545,-3.0971545825021742,0
THB,INR,0.35,0.004533528568705867,2734.300216645065,12.396028147579045,0
EUR,INR,0.15,0.0514832348278642,6580.393608760195,338.77994941957786,0
USD,INR,0.15,-0.03,3498.845015078287,-104.9653504523486,0
USD,INR,0.15,0.03790141638201128,1372.549076251084,52.02155404373728,0
GBP,INR,0.2,-0.004387255327403035,216.98638505496973,-0.9519746738063423,0
GBP,INR,0.2,-0.010429965975315541,303.2352450558886,-3.162733288449388,0
KRW,INR,0.3,-0.0159448868254546,3913.128280946845,-62.394387573183145,0
EUR,INR,0.15,0.0009235488010124332,1152.0805624110278,1.0640026220844345,0
THB,INR,0.35,-0.011670478214853628,734.9423788954962,-8.577129022072588,0
AED,INR,0.4,0.10994724236717415,665.7445971939558,73.19678258232058,1
KRW,INR,0.3,-0.0009920502229612427,2596.823453784855,-2.5761792863182498,0
GBP,INR,0.2,0.002410298279477149,180.970616715759,0.43619316610591247,0
GBP,INR,0.2,0.043599710165738916,59.77106682314924,2.60600118978632,1
EUR,INR,0.15,0.02336619780480415,2381.3424878507344,55.64291961210468,0
AED,INR,0.4,0.13157285793108592,871.4906346605453,114.66451346246383,1
THB,INR,0.35,0.00279806139428533,183.95908187311252,0.5147288051173304,0
AED,INR,0.4,-0.021054914865547482,698.5329008025826,-14.707550757182302,0
USD,INR,0.15,0.031816348390738686,1579.206559167826,50.24458606742324,0
GBP,INR,0.2,0.055026272603904046,1095.861218171439,60.30115812714797,0
EUR,INR,0.15,-0.03,122.7171620026127,-3.681514860078381,0
AED,INR,0.4,-0.03,8387.578938686513,-251.62736816059538,1
USD,INR,0.15,-0.03,1076.2576104911757,-32.28772831473527,0
THB,INR,0.35,-0.010942846871801451,970.0712606094795,-10.615341259584934,0
AED,INR,0.4,0.020484728451033482,1065.1928672523468,21.82018663364208,0
EUR,INR,0.15,0.012518395203033623,9073.061490173095,113.58016943541196,0
THB,INR,0.35,0.04190807542473153,5297.859615982807,222.02310037624667,0
GBP,INR,0.2,0.07602679374237142,716.7197294949061,54.48990304539747,0
AED,INR,0.4,0.02034843375403582,164.1082262617757,3.339345370580064,1
KRW,INR,0.3,-0.0017306763644661296,794.4103980495283,-1.3748672995904485,0
USD,INR,0.15,0.09284439983556522,2877.196522342223,267.1315843258391,1
EUR,INR,0.15,0.0664508258315638,655.2952031238691,43.54490741104345,1
AED,INR,0.4,0.016955114900524496,801.6686461484637,13.592384007595117,0
THB,INR,0.35,0.03505252924449648,1980.2224056321058,69.41180378402656,1
AED,INR,0.4,0.051856526300673,1525.212224019091,79.09220780895396,0
THB,INR,0.35,0.036698943606457333,1106.7841559625108,40.61780932418866,0
THB,INR,0.35,-0.02796054965023223,4828.5292841392,-135.0083327867744,0
GBP,INR,0.2,0.03185600423083104,655.9390431859564,20.895596934899093,0
KRW,INR,0.3,0.03743576522102596,177.98847509565877,6.663134765729508,0
GBP,INR,0.2,-0.02122325211153648,625.0258226265241,-13.265080609823203,0
THB,INR,0.35,0.07453017065254425,872.9042305626099,65.05770126715915,1
THB,INR,0.35,-0.03,305.87493540592493,-9.176248062177747,0
USD,INR,0.15,0.0014700066826676093,10560.836205573269,15.524499796750744,0
GBP,INR,0.2,-0.0020971506345704386,674.7661708598365,-1.4150863034053711,0
GBP,INR,0.2,0.03789618187341616,411.95698429323613,15.611596800800521,0
EUR,INR,0.15,0.0157592795297343,322.2406172211357,5.07827996262199,1
THB,INR,0.35,0.026613257389643874,219.09736810567566,5.830894650789896,0
USD,INR,0.15,0.02356260574161289,3012.463578833597,70.98149161902423,0
EUR,INR,0.15,0.021002182426666606,459.5669947340099,9.651909860678607,1
USD,INR,0.15,0.027423265874068944,36.505737481774915,1.0011065448916776,0
USD,INR,0.15,0.029309495879165204,74.13721844534835,2.172924498516708,0
GBP,INR,0.2,0.00785014210886717,913.6510716506801,7.17229075037662,0
KRW,INR,0.3,-0.021430857572409333,1993.183563368388,-42.71563306221523,0
USD,INR,0.15,0.035420772225321286,1412.0442333936714,50.01569716311565,0
AED,INR,0.4,0.0029962942094074064,1244.0636609478743,3.7275807434322945,0
GBP,INR,0.2,0.07114303575205205,341.46218273733683,24.292656274456085,1
AED,INR,0.4,0.017231830277145477,811.0593830211408,13.976037632906623,0
USD,INR,0.15,0.014169841613274817,7203.136555165262,102.06730410548174,0
GBP,INR,0.2,-0.02868694565510474,980.1162195554216,-28.116540726073083,0
THB,INR,0.35,-0.0012260048183120147,1971.1801736737984,-2.4166763906851907,0
AED,INR,0.4,0.03897884521068111,285.2726710798621,11.11959928885949,0
EUR,INR,0.15,0.0089387867747061,1221.9138978146768,10.922427789615414,0
THB,INR,0.35,0.05440289248489483,356.7719820492228,19.409427781046695,1
AED,INR,0.4,0.07052308071100885,5811.701076516068,409.85906408739964,1
AED,INR,0.4,0.03962928471241938,272.452395772464,10.797093562647742,0
GBP,INR,0.2,0.022116305094178397,4217.932347509563,93.2850786641256,0
KRW,INR,0.3,0.01048008552413868,107.6941610036642,1.1286440177687616,0
GBP,INR,0.2,0.026683882111366956,826.6114440170512,22.0572023240578,0
GBP,INR,0.2,0.040707516593601896,1407.0134547713549,57.27602355752606,0
KRW,INR,0.3,0.039844341456589584,147.5900677180963,5.880629053761008,0
EUR,INR,0.15,0.031174016481595165,774.8847291253934,24.156269317091418,0
GBP,INR,0.2,0.022841880394832655,300.73050686107405,6.869250268798054,0
EUR,INR,0.15,-0.008239323330509763,407.4410174873582,-3.357038281190227,0
THB,INR,0.35,0.03427668431076177,225.09172629312482,7.715398043113835,1
USD,INR,0.15,0.0483664132171299,1339.129968360645,64.76891340117305,0
AED,INR,0.4,0.029218611365290574,444.3147034661663,12.982258644462238,0
AED,INR,0.4,0.03973773970812795,181.05083291507455,7.194550872318997,1
GBP,INR,0.2,0.021214521981296183,4312.250161890285,91.48232584826948,0
GBP,INR,0.2,0.05347655073635059,3014.044479785186,161.1807025448499,1
AED,INR,0.4,0.00723377128922913,3227.0046476556586,23.34341357042047,0
USD,INR,0.15,0.0425890473105929,509.43581766654535,21.696386140311077,0
THB,INR,0.35,0.04812742113780899,184.86728607568722,8.89718573156841,1
EUR,INR,0.15,0.015020607241861841,210.67248935294066,3.164428719235842,0
THB,INR,0.35,0.038825848515309416,265.86349543125596,10.3223757993646,1
KRW,INR,0.3,0.0032986057893236824,2872.99289777088,9.476871005272848,0
GBP,INR,0.2,0.021153893449056674,2711.119516570134,57.35073338118265,0
AED,INR,0.4,-0.03,82.2781753738517,-2.4683452612155508,0
GBP,INR,0.2,0.04867228343517936,506.72481048362323,24.663453599496457,1
THB,INR,0.35,0.03305433641267716,569.2108938742982,18.81488837588173,0
GBP,INR,0.2,-0.03,294.9238833625919,-8.847716500877755,0
THB,INR,0.35,0.030234001800262533,948.8155941517178,28.6864923817002,0
AED,INR,0.4,-0.0128970641776087,2873.3083738242763,-37.05724249927218,0
GBP,INR,0.2,0.007346699809692099,375.6136195732004,2.759520507436192,0
KRW,INR,0.3,0.014150471196864307,2198.993728330805,31.116797414830312,0
THB,INR,0.35,0.07232080940753628,4197.416156989564,303.56053389375563,1
AED,INR,0.4,-0.03,221.82737721045635,-6.65482131631369,0
USD,INR,0.15,0.026075009734363684,1846.5911467516862,48.149882126940014,1
EUR,INR,0.15,0.007776786668103565,397.1711182876927,3.0887150576555125,0
KRW,INR,0.3,0.0337409417307892,1347.3354137828078,45.46036568827448,1
EUR,INR,0.15,0.006646166825189868,233.43100889029748,1.5514214272572961,0
GBP,INR,0.2,0.02445499333000392,302.25241312501805,7.391580746949906,0
USD,INR,0.15,0.053771026791250696,151.3233045783338,8.136809464622175,0
KRW,INR,0.3,0.03802133396776715,1254.7489721579782,47.70722971613105,1
AED,INR,0.4,0.0010401379242994079,68.45651724081267,0.07120421974762552,0
THB,INR,0.35,-0.03,2873.011252879292,-86.19033758637876,0
EUR,INR,0.15,0.026829925857080467,1282.8068307655233,34.41761215839536,0
GBP,INR,0.2,0.030592305971069204,651.3213757963175,19.92542281385869,0
AED,INR,0.4,0.08068667527153503,349.6538501043206,28.2124066608093,1
GBP,INR,0.2,0.07089962810573108,134.01885583290203,9.501887037708343,0
GBP,INR,0.2,0.02074156443757881,6456.135652874045,133.91035366183695,0
USD,INR,0.15,0.00944593288422864,3437.0916571792495,32.466537110657384,0
USD,INR,0.15,0.014147076914206101,1937.4570026212355,27.40935323404983,0
THB,INR,0.35,0.03380658867581383,143.74748152622294,4.859611981141166,1
KRW,INR,0.3,0.016519026115149948,465.4299456854034,7.688449427550001,0
AED,INR,0.4,0.009978610010749058,1789.2087290767497,17.853816135284855,0
EUR,INR,0.15,0.017719304836133258,855.4131890822438,15.157327058197176,0
GBP,INR,0.2,0.0085873468835198,364.26830093376157,3.12809825878859,0
GBP,INR,0.2,0.08836040220218253,675.0670943333719,59.64919996875543,1
THB,INR,0.35,0.08135826021016321,4764.284797822339,387.6139222965547,1
KRW,INR,0.3,-0.017293735730608398,1881.0481701817391,-32.53034995166749,0
EUR,INR,0.15,0.037499875187587135,685.0833211297363,25.690539035462788,1
KRW,INR,0.3,-0.013999312978601025,1031.1969046087634,-14.436048210182664,0
AED,INR,0.4,0.018204447036803913,453.588483704428,8.257327528101454,1
AED,INR,0.4,0.053124117615785296,1593.5714900923617,84.65707926882885,1
THB,INR,0.35,0.030248325377919272,176.90217122618986,5.350994435310179,0
USD,INR,0.15,-0.010279003003564715,238.7102810808254,-2.4537036962115817,0
USD,INR,0.15,-0.020395582559916976,2056.4858871124825,-41.94322769390674,0
USD,INR,0.15,0.0024019338096156855,223.2779859726399,0.5362989434505805,0
EUR,INR,0.15,-0.018873232875919223,1477.2311671606092,-27.880127829388133,0
AED,INR,0.4,0.029904813579729184,633.1990694517855,18.935700130813636,1
AED,INR,0.4,-0.008680432712168592,240.90040966621183,-2.0911197964414,0
EUR,INR,0.15,0.035885635860327794,50.801657658599325,1.823049787837528,0
KRW,INR,0.3,0.06390013164535091,535.8051518986564,34.238019742581386,1
EUR,INR,0.15,-0.017657090610089347,156.6557438374834,-2.7660846635293903,0
USD,INR,0.15,-0.009941634226186083,3776.24104795976,-37.542007248725554,0
GBP,INR,0.2,0.04484549319153815,116.48373619130847,5.2237705982922495,1
KRW,INR,0.3,0.07257240950523139,850.2054843068858,61.70146057071289,1
GBP,INR,0.2,0.042787020474007384,169.06800819442137,7.233916328114355,0
AED,INR,0.4,-0.03,765.5537765489285,-22.96661329646785,0
GBP,INR,0.2,0.02919173721910919,748.7796605731869,21.858179086466247,0
GBP,INR,0.2,-0.006028820808949833,635.0837540438819,-3.8288061518057326,0
AED,INR,0.4,-0.014901123504247304,2883.133539298602,-42.96192894832612,0
USD,INR,0.15,0.019024581275696284,2566.568679708652,48.827894446773755,0
THB,INR,0.35,0.002659643002916247,91.84492247997505,0.24427470542725074,1
GBP,INR,0.2,0.02920237970773909,2030.8292266404762,59.305046197929315,1
GBP,INR,0.2,0.014845225208277957,660.0523148980642,9.798625263906963,0
AED,INR,0.4,0.09640093519519408,1067.3687775348499,102.89534835251058,1
AED,INR,0.4,-0.013996257555407376,507.8045109409871,-7.107362722927738,0
KRW,INR,0.3,-0.03,464.5094034338881,-13.935282103016643,0
KRW,INR,0.3,0.11551399459974593,696.244858645729,80.42602484170361,1
KRW,INR,0.3,0.028454036210202434,532.6628137617555,15.156406990605307,0
EUR,INR,0.15,0.06537419939910599,853.2252368877819,55.7789167686513,1
THB,INR,0.35,0.04646534105535947,975.7303458869951,45.33764329970309,1
KRW,INR,0.3,-0.014876453524051704,179.67831377726793,-2.672976084187505,0
EUR,INR,0.15,-0.013169668332406915,85.30395453252436,-1.1234247886360653,0
KRW,INR,0.3,0.000601634984869058,2321.572599640434,1.3967392958570921,1
USD,INR,0.15,0.008327312658189045,1107.8162419140992,9.225132214238696,0
GBP,INR,0.2,0.010333025488081621,11241.355982826506,116.15721789114511,0
AED,INR,0.4,0.014580516382581812,3081.103051295051,44.9240735158303,0
AED,INR,0.4,-0.010355116934634397,335.59651594821327,-3.475141165499646,0
GBP,INR,0.2,0.07859471565338835,2114.757054031767,166.20872933762396,1
KRW,INR,0.3,0.027474395458619176,802.1747067461239,22.039265120044874,0
KRW,INR,0.3,-0.03,447.9805804263891,-13.439417412791673,0
USD,INR,0.15,0.04682458944074574,120.98152692681526,5.66491032826265,0
USD,INR,0.15,0.07137145050107362,1289.2540093739326,92.01592871334233,0
KRW,INR,0.3,0.03430320329750234,2650.179570180973,90.90964857080529,0
GBP,INR,0.2,0.05980324072397749,1056.9773213400674,63.21066918788496,1
AED,INR,0.4,0.061534928419490965,1766.3514602846594,108.69231067227986,1
GBP,INR,0.2,0.0606855846288999,970.5976952971939,58.90128857857306,0
KRW,INR,0.3,-0.013323711754325515,313.1536660433289,-4.172369181171628,0
USD,INR,0.15,0.04207919050850229,854.0785825505183,35.93893538437486,1
USD,INR,0.15,0.01570167169132977,472.4392222554816,7.41808556196275,0
USD,INR,0.15,0.021846947653474773,2478.8893460436025,54.156165781770895,0
THB,INR,0.35,0.021288687280987664,915.8256242143021,19.496725317813603,0
GBP,INR,0.2,0.03331883080790649,2174.4369536455088,72.44969696097432,0
AED,INR,0.4,0.012022880638178015,543.567368108561,6.5352455855778,0
USD,INR,0.15,-0.02511931707281133,88.22518164854925,-2.216156311636284,0
EUR,INR,0.15,0.025801211928026396,1306.0292438146237,33.69713730386116,0
AED,INR,0.4,0.10137841364504571,2165.810861838172,219.56646942836315,1
USD,INR,0.15,0.021466178272940395,2314.151475265404,49.675988118635175,0
AED,INR,0.4,-0.0032112749475097686,205.12581136308648,-0.6587153791178942,0
GBP,INR,0.2,0.049135641593620445,1091.59493876622,53.63621767662704,0
AED,INR,0.4,0.007838564485674899,341.5718635320188,2.677433078787876,0
GBP,INR,0.2,0.03649778418556236,697.8056170065353,25.46835881297771,1
EUR,INR,0.15,-0.022234552227584824,1606.436437926776,-35.71839487937823,0
USD,INR,0.15,-0.021127359744481065,154.87447141932114,-3.2720886729123486,0
GBP,INR,0.2,-0.0005564180430350455,369.2862483778119,-0.20547753164213584,0
KRW,INR,0.3,0.02104178442056272,1352.9082289303622,28.467603293957996,0
EUR,INR,0.15,-0.03,8188.764296713472,-245.66292890140414,1
KRW,INR,0.3,0.03056620054244156,2152.4963626991525,65.79363548913832,0
EUR,INR,0.15,0.051795896468609735,1169.0228170256012,60.55058480010054,0
EUR,INR,0.15,0.1371158435340215,1420.2411436208629,194.737562429298,1
THB,INR,0.35,0.014128539751084277,8398.61561239634,118.6601745338187,0
AED,INR,0.4,0.04114045780545536,1164.0694588902088,47.89035045609189,0
GBP,INR,0.2,-0.019100122750083832,575.138189202713,-10.985210012032757,0
THB,INR,0.35,0.01302286073616345,427.10081193558653,5.56207439413948,0
THB,INR,0.35,0.02903355891983781,2919.5273194501447,84.76426844733192,0
USD,INR,0.15,-0.003602032775439525,124.41476796282663,-0.4481460719508049,0
GBP,INR,0.2,-0.004530979925653607,729.2418601495126,-3.3041802292837366,0
EUR,INR,0.15,0.012314088840556962,1120.1691591137203,13.793862541778338,0
EUR,INR,0.15,0.04276309608167545,444.7152754746587,19.017402054111596,0
USD,INR,0.15,-0.01669556172570471,391.58921328456466,-6.537801881512596,0
USD,INR,0.15,0.009804602072735528,157.6271747444685,1.5454717242190612,0
USD,INR,0.15,0.03201523673199489,180.64182436080256,5.783290770610535,0
GBP,INR,0.2,0.0191106519283837,4930.010174618767,94.2157084505294,0
EUR,INR,0.15,0.06743330301082213,1914.0337865480726,129.06962030124743,1
AED,INR,0.4,0.019940086863634916,3564.6378287008156,71.07918794169322,0
AED,INR,0.4,0.05973162692831761,808.3524891166135,48.28420930649048,1
KRW,INR,0.3,0.03372042040689443,519.7504267641999,17.526202897151617,1
THB,INR,0.35,0.00110409689149347,1996.7779145979473,2.204636288510407,0
AED,INR,0.4,0.09240787044264251,162.2950407754861,14.997339101464501,1
EUR,INR,0.15,0.06641881180421916,806.6141794225657,53.574355381682054,0
THB,INR,0.35,0.03879559747670257,94.80130146695942,3.6778731319796902,0
AED,INR,0.4,0.0191882261890353,135.66199148466634,2.6031129778627586,0
KRW,INR,0.3,0.08745643311334197,816.1761296852349,71.37985309452307,1
AED,INR,0.4,0.03374346108712384,1613.3282022589638,54.4392774136848,1
GBP,INR,0.2,0.005943336522820159,441.33838132223735,2.6230225206347835,0
AED,INR,0.4,0.004587828782075658,207.6028576405584,0.9524463655245092,0
USD,INR,0.15,0.007649693897476878,634.8625086342861,4.85650385803656,0
EUR,INR,0.15,0.003306579773680443,504.4965024510838,1.6681579308972798,1
EUR,INR,0.15,0.026932293297326472,261.0112901704199,7.029632620783334,0
AED,INR,0.4,0.005250464412573047,693.4681927938996,3.641030067515714,0
GBP,INR,0.2,0.020217119056885214,19.62018469038513,0.3966636098035927,0
KRW,INR,0.3,0.011610666843305518,733.6663135191714,8.518355140427234,0
THB,INR,0.35,0.026853600127999727,1571.0744004045857,42.189003719801676,0
KRW,INR,0.3,-0.02725025733162373,1040.5748566527416,-28.355932616604683,0
KRW,INR,0.3,0.03371064426795426,1592.3315956474405,53.678523977494855,0
GBP,INR,0.2,0.06254588197640275,2372.643561690306,148.39908418155372,1
KRW,INR,0.3,-0.0057466837284343795,746.7395443320894,-4.291275988791721,0
USD,INR,0.15,0.1725607058807409,232.87697938740544,40.18541594646543,1
USD,INR,0.15,0.009556454137140551,183.84725396915587,1.7569278507954693,0
KRW,INR,0.3,-0.002945754780109647,1686.6722739905929,-4.968522913586197,0
EUR,INR,0.15,-0.005528981086130725,66.75019164950444,-0.3690605471257111,0
USD,INR,0.15,0.03252107806534817,448.2646613872195,14.578050046910631,0
AED,INR,0.4,0.010922633463825354,2265.7921744361106,24.748417426569475,0
THB,INR,0.35,-0.020356207256415272,4434.417763144858,-90.26792704810615,0
EUR,INR,0.15,0.010996605187289652,1703.02562487277,18.727500420563103,0
USD,INR,0.15,0.03822168882375177,354.49654158173905,13.549456501433411,0
KRW,INR,0.3,0.04030961132224381,59.296773231654086,2.3902298816312073,0
EUR,INR,0.15,0.012338518024837456,534.3808248017701,6.593467438944148,0
KRW,INR,0.3,0.011566216236946791,11958.31571434921,138.3124653818418,0
KRW,INR,0.3,0.003954552186775497,2016.0950070806648,7.972752918998004,0
KRW,INR,0.3,0.019225240892927976,746.7777360240482,14.356981868537703,0
USD,INR,0.15,0.12193123400576325,48.64106943261281,5.9308656192784905,1
THB,INR,0.35,0.04675625575571693,1876.0753058281753,87.71825681628702,1
USD,INR,0.15,-0.00039046802716995524,425.43213317472754,-0.16611764573544152,0
AED,INR,0.4,0.003544411524806071,722.9743464677517,2.5625186057594367,1
KRW,INR,0.3,-0.004217642664926337,2120.769952944933,-8.944649836034369,0
AED,INR,0.4,0.07398576653907561,53.55464872191465,3.962281737421782,1
KRW,INR,0.3,-0.014931280861427322,1164.5605458153545,-17.38838058970616,0
USD,INR,0.15,-0.029075472532411245,147.02333751650718,-4.2747730115846325,0
THB,INR,0.35,0.04352248819651184,216.87011738161993,9.43872712391769,0
KRW,INR,0.3,-0.03,1022.9947824865438,-30.689843474596316,0
EUR,INR,0.15,0.043836223817486954,4258.970852019747,186.69719950129075,0
THB,INR,0.35,0.08537849050447935,957.6760217844717,81.76493313229308,1
GBP,INR,0.2,-0.014619439646225424,1423.2274768264656,-20.806788200314205,0
EUR,INR,0.15,-0.028714575840534808,1726.800841714506,-49.58435373091053,0
THB,INR,0.35,0.043595327836532145,1967.543256154947,85.77569328463285,0
GBP,INR,0.2,-0.010921289087184852,2114.8386896350535,-23.09676470226762,0
USD,INR,0.15,0.131018082390161,79.55806722905841,10.423545407018741,1
USD,INR,0.15,0.013246060419731732,6107.006536373253,80.89377756449673,1
EUR,INR,0.15,-0.00733284415029155,1082.0533263636203,-7.934528404528987,0
AED,INR,0.4,0.0006004419748848362,772.6198191974,0.463913370074052,0
EUR,INR,0.15,0.012328323934808144,546.5629352056873,6.738204915975268,0
KRW,INR,0.3,-0.003855061373814476,197.06235780300804,-0.7596874837991839,0
KRW,INR,0.3,0.12277931247982284,592.2342159607415,72.71410986268675,1
GBP,INR,0.2,0.020524319563286667,652.5320962406207,13.39277726854383,0
THB,INR,0.35,0.03812904685035832,2963.309579350214,112.9881697831599,0
USD,INR,0.15,0.004639832881281038,323.6110498992533,1.501501190068434,0
EUR,INR,0.15,0.020764956175422497,469.6136870710444,9.751507631408812,0
GBP,INR,0.2,0.04848391306501734,1123.7438876058027,54.48350095402436,0
EUR,INR,0.15,0.013583224291814959,2020.3357811090286,27.44267405958311,0
USD,INR,0.15,0.012641868132020999,660.6689608136256,8.352089881525204,0
GBP,INR,0.2,0.054543392093933295,117.80958120478044,6.425734180074414,1
EUR,INR,0.15,0.029552890124409655,475.900938250408,14.06424813821777,0
AED,INR,0.4,0.022310678057696563,93.36343877621412,2.083001624895577,0
GBP,INR,0.2,-0.007888610493963185,1267.6936489980824,-10.000341422616756,0
KRW,INR,0.3,-0.02560252124319415,403.5115640797134,-10.33091339122536,0
EUR,INR,0.15,-0.03,855.0775972107599,-25.652327916322797,0
USD,INR,0.15,-0.016321643683379884,9206.0335622514,-150.25759954030377,0
AED,INR,0.4,0.037084803589583805,3253.764686503641,120.66522432571125,0
GBP,INR,0.2,0.06058173434768448,1921.3431784863183,116.39830202979385,1
AED,INR,0.4,-0.024056294530898324,242.55540035856347,-5.834984151085564,0
KRW,INR,0.3,-0.008435133639504383,258.7970164435084,-2.1829874192060066,0
AED,INR,0.4,0.04924791188399148,1966.2368084344164,96.83305708483879,1
GBP,INR,0.2,-0.017448159076676163,909.4567055629813,-15.868345272012732,0
GBP,INR,0.2,-0.02921542724841497,3277.285293194794,-95.74729005563283,0
USD,INR,0.15,0.007836345982984928,2463.0971303763636,19.301681303326518,0
EUR,INR,0.15,0.041845020162169774,332.4391813682654,13.91092424705028,0
EUR,INR,0.15,-0.026565055679329756,1224.1128380744458,-32.51862570123002,0
GBP,INR,0.2,0.10127010006824863,2976.153293882551,301.3953418899337,1
GBP,INR,0.2,0.007409792644859813,493.56282242655635,3.6571981713925474,0
EUR,INR,0.15,-0.0019243964988514776,1516.5849951517503,-2.9185108548807133,0
THB,INR,0.35,0.03598898379511625,365.70523103126516,13.161359633373447,0
USD,INR,0.15,0.011998924669144023,648.645586863351,7.783049533746064,0
USD,INR,0.15,0.02515374249396173,113.21228723308857,2.847712720213541,0
GBP,INR,0.2,0.03673211375418377,149.98546226594632,5.5092830614265775,0
GBP,INR,0.2,-0.03,140.24141206502864,-4.207242361950859,0
EUR,INR,0.15,0.01652943866083329,12410.03337664629,205.1308854781687,0
EUR,INR,0.15,0.01483967487664246,118.1521180877577,1.7533390184089912,0
AED,INR,0.4,0.03606177647392703,489.2817255933778,17.644368221125696,0
AED,INR,0.4,0.027910755091435,2662.1231352284412,74.30186685060413,0
USD,INR,0.15,-0.003246367764843529,303.06107342938634,-0.9838476995600375,0
AED,INR,0.4,-0.0015582254269610983,26.721375862437384,-0.04163792731223448,0
THB,INR,0.35,-0.021672686551455392,77.34301420099105,-1.676230903722842,0
EUR,INR,0.15,0.01830865928680009,1467.450980618869,26.867060024231552,0
KRW,INR,0.3,0.011951942847399737,920.6736324089607,11.003838635659813,0
EUR,INR,0.15,-0.006069353700672889,481.3355784895722,-2.921395874571211,0
AED,INR,0.4,-0.024411836027285166,414.62301898027044,-10.121709152484307,0
EUR,INR,0.15,-0.008506660603483226,76.78379808177242,-0.6531737101280244,0
KRW,INR,0.3,0.0023251488529149548,1341.6700413094986,3.1195825575411407,0
KRW,INR,0.3,0.009929399922767528,537.9074669920115,5.341098361206555,0
KRW,INR,0.3,0.03188737208154303,458.3001038227637,14.613985935606268,0
KRW,INR,0.3,-0.02411339268434594,1132.6781601268613,-27.312713260121473,1
USD,INR,0.15,-0.009283938390397298,879.1996811138125,-8.162435672317587,0
GBP,INR,0.2,0.010940236157593451,440.07990168822107,4.814578052679647,0
EUR,INR,0.15,0.0288974434013931,930.6745341014206,26.894114674313695,0
USD,INR,0.15,0.010728797808125317,194.4404838773178,2.0861126372337933,0
THB,INR,0.35,0.05271523233542138,2958.94084204973,155.98125395541888,0
AED,INR,0.4,0.019864973383956604,451.14061140841466,8.961896238050066,0
GBP,INR,0.2,0.011477077817076372,587.4547018958041,6.742263327665546,0
THB,INR,0.35,0.030040128993159276,271.9254646046021,8.168676033247014,0
EUR,INR,0.15,-0.002193331032910261,688.8598091211511,-1.5108975966700597,0
AED,INR,0.4,0.039886031747803016,5731.7640934010715,228.61732460031251,1
AED,INR,0.4,0.03672555722992649,283.0305993049699,10.394456472595065,0
GBP,INR,0.2,0.04384590112942005,121.88782118850752,5.344281356711731,0
THB,INR,0.35,0.010429596259638203,1585.8725838140767,16.540010768410067,0
EUR,INR,0.15,0.02262196805668691,831.0009419477491,18.798876763818715,0
GBP,INR,0.2,0.03383228135756299,1242.9560204173474,42.05203779783651,0
THB,INR,0.35,-0.009027470457760865,100.14121234768305,-0.9040218360730663,0
USD,INR,0.15,0.04712938289848427,563.7089871990847,26.567256701022433,0
EUR,INR,0.15,-0.011867007533481891,100.31429734566416,-1.1904305223169391,0
AED,INR,0.4,-0.0013893987259763,877.6828321630139,-1.2194514088185622,1
THB,INR,0.35,0.05603596952958666,3659.7643566197085,205.07844397300929,0
EUR,INR,0.15,0.015407635281207909,765.0022600825168,11.786875812651175,0
GBP,INR,0.2,0.028656939840260243,1960.489388041361,56.1816264505699,0
KRW,INR,0.3,0.008785311576998307,47.708302895438365,0.41913230574623656,1
AED,INR,0.4,-0.03,390.05388740010955,-11.701616622003286,0
KRW,INR,0.3,0.026188154523791494,648.818575692755,16.991361118148173,0
THB,INR,0.35,0.06022280611704065,148.53908873943328,8.945440741956787,1
GBP,INR,0.2,0.019174643913775668,683.4353251046638,13.104628996977436,0
KRW,INR,0.3,0.005538275139638764,827.0214204641858,4.580272172905537,0
GBP,INR,0.2,0.07746630533442057,1149.1493774928354,89.02035655171932,1
EUR,INR,0.15,0.02959328491882194,124.24834964853319,3.6769168118424527,0
AED,INR,0.4,0.017958530325276133,12756.448518412255,229.08706756073028,0
USD,INR,0.15,-0.004094052323410688,288.841127611952,-1.182530689596275,1
AED,INR,0.4,0.040867694401395,206.46840629498925,8.43788773200668,1
USD,INR,0.15,0.04742479327104314,517.7078184161606,24.55218626318916,1
THB,INR,0.35,-0.03,1056.620553056308,-31.698616591689238,1
KRW,INR,0.3,-0.020605625208889512,130.42019768998787,-2.6873897132691678,0
KRW,INR,0.3,0.054039712109033536,1641.5835250859961,88.71070109857966,1
EUR,INR,0.15,0.040235457525390705,427.16624173123415,17.18722917545785,0
AED,INR,0.4,0.031794866566130134,1704.5119799579488,54.19473096313327,1
KRW,INR,0.3,-0.0067771382201216816,968.0133013626314,-6.560359942250857,0
GBP,INR,0.2,0.06549145594194797,240.05374738521184,15.721469420578108,1
USD,INR,0.15,0.0031744175945200535,521.3952071895219,1.655126119400847,0
THB,INR,0.35,0.008334716099862373,147.96571171935472,1.2332521996949002,0
EUR,INR,0.15,0.1223850051343057,354.5317113458362,43.389365313334345,1
THB,INR,0.35,0.020826159465098668,968.6330964958397,20.172907330794665,0
USD,INR,0.15,-0.024863987833151885,750.5532518493832,-18.661746922115647,0
GBP,INR,0.2,-0.01231162419289144,2048.5500700006996,-25.220978602170067,0
AED,INR,0.4,-0.025163024341656626,199.98694944049157,-5.032276476784742,0
USD,INR,0.15,0.019093616104006724,1226.2732326949088,23.413990343695893,0
USD,INR,0.15,-0.007840227525939445,374.81637955589724,-2.938645696167112,0
THB,INR,0.35,-0.0010368951328227401,1943.0549211329776,-2.014744190530058,0
AED,INR,0.4,0.04472000259048942,434.12998530606376,19.414294067496307,0
AED,INR,0.4,0.0477386715653158,1119.8526328832002,53.460277042765256,0
USD,INR,0.15,-0.0055042818887918385,691.3713984721453,-3.8055030670389147,0
EUR,INR,0.15,-0.003013727926335417,184.00652985801105,-0.5545456176611596,0
USD,INR,0.15,0.018800977750190448,307.0572494747833,5.772976515410079,0
AED,INR,0.4,0.02219258690468453,4631.333209258433,102.78126473101928,1
USD,INR,0.15,0.028099925810047596,471.7448731801537,13.255995937632632,0
USD,INR,0.15,-0.025916294804481148,1288.549117224735,-33.39441879205017,0
AED,INR,0.4,0.039815155124432906,158.28419517685822,6.302109784712625,0
USD,INR,0.15,0.04356610495700435,664.3950157098794,28.945102987327164,1
KRW,INR,0.3,0.06710126827431438,475.8917318153493,31.932938766069828,1
GBP,INR,0.2,-0.007008362779476642,534.4250863066047,-3.7454448832898004,0
KRW,INR,0.3,0.0224412048829057,135.46646305007192,3.0400306520692384,0
GBP,INR,0.2,0.08247423513568043,267.3123666145226,22.04638297884135,1
KRW,INR,0.3,0.10190020409297224,682.9116262349747,69.5888340908075,1
THB,INR,0.35,0.011854764266988789,123.14681761016627,1.4598764929983847,0
EUR,INR,0.15,0.0305550595696333,1512.4898879447076,46.21421862461854,0
USD,INR,0.15,-0.00325026896949915,410.2190363773446,-1.333322204635126,0
EUR,INR,0.15,0.025529315806965172,225.00577362502986,5.744243453263902,0
KRW,INR,0.3,0.04155691111523144,211.5524754025172,8.791467416509592,0
AED,INR,0.4,-0.028139498129597047,5792.8421107413105,-163.00766974025612,0
KRW,INR,0.3,0.005240713347826784,411.34419144969615,2.1557369946814386,0
USD,INR,0.15,0.002492046435863182,161.7215363004985,0.4030175781399755,0
AED,INR,0.4,0.028273389135903583,100.98689692665847,2.8552418344348007,0
AED,INR,0.4,0.008877505511276342,772.6798118857613,6.859469288467813,1
AED,INR,0.4,0.056967061995958954,661.9759291372677,37.710823794995264,0
KRW,INR,0.3,0.014401247638084369,301.21115701286953,4.337816463496248,0
GBP,INR,0.2,0.05582785370996123,112.7409663696565,6.294086177604842,0
THB,INR,0.35,0.008056915013655765,10270.931111248756,82.75201907444419,0
THB,INR,0.35,0.021933286410579792,2292.9151409932842,50.29116450256065,0
KRW,INR,0.3,-0.007104834821184991,432.70577855299746,-3.074303082791298,0
GBP,INR,0.2,0.05888315540374476,3966.9846563635842,233.58857400492792,0
USD,INR,0.15,0.009963126628999145,1464.9317124230963,14.59530015370787,0
THB,INR,0.35,0.011575441472480715,1246.9074061746437,14.433503701777326,0
EUR,INR,0.15,0.04461343464440479,845.5426747283008,37.72256285804626,1
EUR,INR,0.15,-0.0007608893522867023,1158.0837676674505,-0.8811736078742302,0
AED,INR,0.4,-0.008009708970011789,341.55868896878667,-2.735785694818757,0
AED,INR,0.4,0.009286838547256381,138.66870517306984,1.2877938764993953,0
EUR,INR,0.15,0.015564398070684257,290.9665995786188,4.528719981115013,0
KRW,INR,0.3,-0.02386854148230691,1636.9585216625046,-39.07181237911728,0
USD,INR,0.15,0.0459940210497383,208.02430887998827,9.567874441483442,0
GBP,INR,0.2,0.02399529404826902,789.2993642098736,18.9394703363277,0
USD,INR,0.15,0.024405215614991406,37.43788589956545,0.9136796775483413,0
USD,INR,0.15,0.005133965885475186,3434.2824271140444,17.631488821890425,0
KRW,INR,0.3,0.001363631309551732,189.37814751527142,0.25824197129673065,0
USD,INR,0.15,0.0681341824778789,550.3698794947286,37.49900179982206,1
KRW,INR,0.3,0.033432163874131705,520.6825425678632,17.407544089528358,0
AED,INR,0.4,-0.007292241477060443,323.75158281810457,-2.360874720490151,0
AED,INR,0.4,0.05037264814929555,2908.0645049396408,146.48691010277986,0
GBP,INR,0.2,0.037041979999798934,485.18541440338794,17.972228416524455,0
KRW,INR,0.3,0.06713021554152264,9026.54096819573,605.9536407893638,0
EUR,INR,0.15,0.04585756924116343,1519.3174158294937,69.6722035957065,1
THB,INR,0.35,0.06303885282037916,2332.9664136981633,147.0675263880063,1
USD,INR,0.15,0.035194839278491166,379.533984116575,13.357637571708278,0
USD,INR,0.15,0.04595526940703463,460.86984997591367,21.179398117222743,0
USD,INR,0.15,0.11857165472198569,177.26541253103193,21.018653288779873,1
THB,INR,0.35,0.06908175880802668,680.3146626853929,46.997333441196346,1
AED,INR,0.4,0.022931885684032663,1415.2844524692941,32.455141274414615,0
USD,INR,0.15,0.02058540109942958,960.2783217031439,19.767714419346287,0
AED,INR,0.4,-0.01632982736657422,435.01859756940064,-7.103778599557536,0
KRW,INR,0.3,0.02270691077975243,3336.1933334042956,75.75464436561619,0
AED,INR,0.4,-0.016134469576969762,736.1390862927071,-11.877213692208002,0
AED,INR,0.4,0.00017890273081981774,2511.7313278759866,0.449355593642701,0
EUR,INR,0.15,0.0615085385959208,184.628081990967,11.356203507032223,0
AED,INR,0.4,-0.03,855.086375243288,-25.65259125729864,0
GBP,INR,0.2,0.011693259840403165,2528.7012338616946,29.568760586292886,0
GBP,INR,0.2,-0.03,1938.936325201211,-58.16808975603633,0
USD,INR,0.15,-0.01341843388265041,87.49810788403971,-1.1740875754989994,0
AED,INR,0.4,-0.007342412311610104,1910.4931591095778,-14.027628492693045,0
AED,INR,0.4,0.09949307109787284,4683.45212976062,465.9710357297573,1
GBP,INR,0.2,0.04175123241037511,412.5090132841394,17.222759685000618,0
THB,INR,0.35,0.04227650349262241,103.10329321502527,4.358846735705888,1
AED,INR,0.4,0.033488996573070466,4583.936549507065,153.51143539761455,0
KRW,INR,0.3,-0.012808137851658947,381.8397493077633,-4.890656146376727,0
USD,INR,0.15,-0.002100490579906961,1747.1565768229086,-3.669885931239012,0
THB,INR,0.35,0.016271652842454194,1785.670684614537,29.05581347099526,0
KRW,INR,0.3,0.01332412240106606,857.481903251042,11.425193835615968,0
KRW,INR,0.3,0.0275873380677793,2193.5847077067583,60.51516291181718,0
THB,INR,0.35,0.01044638253705436,12969.770223087828,135.4871811680723,0
GBP,INR,0.2,-0.024289334504033408,558.6810525917199,-13.569990967465765,0
USD,INR,0.15,0.07865862635121619,3770.118583930301,296.55234899314985,1
AED,INR,0.4,0.01823153544555132,1277.480158912897,23.290424798209017,0
KRW,INR,0.3,-0.004076654994877549,2556.949130045125,-10.423799442646263,0
AED,INR,0.4,0.038865841447635684,58.68051710345722,2.2806676738082423,0
GBP,INR,0.2,-0.0015548795815739178,84.29944146034245,-0.13107548026477225,0
KRW,INR,0.3,-0.03,898.324275972827,-26.949728279184807,0
EUR,INR,0.15,0.010810202957124211,1245.7182698754254,13.46646732475098,1
GBP,INR,0.2,0.04212449286905421,551.6361514497298,23.237393128056652,0
GBP,INR,0.2,0.004740305907228604,131.167707413472,0.6217750582897145,0
AED,INR,0.4,0.006545796343002518,667.7615097944442,4.371030848810314,0
USD,INR,0.15,-0.019738708166158976,1967.9232069662453,-38.84426187571839,0
KRW,INR,0.3,0.0521266086333296,58.91457959018518,3.0710172330947305,0
EUR,INR,0.15,-0.00022117961701542677,509.1225314470797,-0.11260752651938967,1
EUR,INR,0.15,-0.013524431532067926,125.71897793686381,-1.7002777093886727,0
THB,INR,0.35,0.022403751391021312,185.61978964736304,4.158579620513193,0
USD,INR,0.15,0.00669900783794402,421.3030154039332,2.822312202340399,0
GBP,INR,0.2,0.007901491245118294,571.9947138071462,4.51961122340111,0
USD,INR,0.15,-0.010415325745524668,3094.9393056733493,-32.23480103121587,0
THB,INR,0.35,-0.005777857626650245,1352.7921602140664,-7.816240500165503,0
EUR,INR,0.15,0.052477875471768694,1414.9444915903257,74.25328082914218,0
USD,INR,0.15,-0.02049881711042037,1634.6190696870324,-33.50775735471996,0
EUR,INR,0.15,-0.02106410006999264,1253.7870957790904,-26.409896851956205,0
GBP,INR,0.2,-0.03,168.88019380646475,-5.066405814193942,0
KRW,INR,0.3,0.019749959686846397,3033.3106854463085,59.90776375524501,0
KRW,INR,0.3,-0.03,3172.589194660778,-95.17767583982334,0
THB,INR,0.35,0.053816371755211506,1730.7724847211475,93.1438954614444,1
KRW,INR,0.3,0.04050113896958405,64.37107441864008,2.6071018306507785,0
EUR,INR,0.15,0.0015723256865374513,996.4626198406407,1.5667637728498427,0
EUR,INR,0.15,-0.016242206306769584,312.8250470587638,-5.080968952253345,0
KRW,INR,0.3,0.02692094135277518,181.75666420355878,4.893060497500058,0
GBP,INR,0.2,0.08882411419446908,679.02877100604,60.314129097170486,1
KRW,INR,0.3,0.04334096404649569,2616.899486769024,113.4189465693493,0
THB,INR,0.35,0.013590770849704944,165.5789831067683,2.250346016931254,0
GBP,INR,0.2,-0.02226775733035928,2185.7343427044407,-48.671401931974835,0
KRW,INR,0.3,0.0014554906269628881,347.9589523265655,0.5064509936791425,0
KRW,INR,0.3,0.002156454127544104,203.37819577382962,0.43857574972894775,0
GBP,INR,0.2,0.025007844789442693,385.3138730729294,9.635869533026842,0
AED,INR,0.4,0.05427393883369363,3706.9443256331833,201.19046958932307,0
KRW,INR,0.3,0.035881644313292445,298.3904299450608,10.706739273779078,0
EUR,INR,0.15,0.04130501638886446,618.5064818309064,25.547420368644488,0
EUR,INR,0.15,0.06827213460414819,448.2516422000153,30.603096452809915,1
EUR,INR,0.15,0.013796188741039266,291.99193094824767,4.028375790222529,0
USD,INR,0.15,0.019355256344750632,239.3727189885816,4.633120337963954,0
THB,INR,0.35,-0.0037340717528018055,84.13145676379828,-0.3141528962237656,0
EUR,INR,0.15,0.05316296684846307,280.13861845091503,14.89300008568024,1
KRW,INR,0.3,-0.03,6706.13736726308,-201.18412101789238,0
EUR,INR,0.15,-0.026431841454986324,5277.4462900513845,-139.49262362584398,0
KRW,INR,0.3,0.019978077373360797,1061.3357684705215,21.203448101619422,1
GBP,INR,0.2,0.08321264472591522,1290.408599466702,107.37831233868852,1
USD,INR,0.15,0.011682049826458176,1882.7446281352486,21.994316556372443,0
EUR,INR,0.15,0.022177163977889852,108.87462041676262,2.4145303100130593,0
KRW,INR,0.3,-0.010491990413473455,45.16545367085516,-0.47387550693479175,0
KRW,INR,0.3,0.001694283331171921,1387.6400365552029,2.3510553836022754,0
USD,INR,0.15,0.011572743264869612,445.5910087893775,5.156710345853725,0
KRW,INR,0.3,0.0329741207116905,2608.196108001581,86.00297330500548,0
THB,INR,0.35,0.011964330524028146,332.73116524136753,3.9809056365927464,0
AED,INR,0.4,0.08073937385245612,245.6526353886065,19.833839966481793,1
THB,INR,0.35,0.061916038408843015,322.9853685982652,19.997974487624507,1
KRW,INR,0.3,0.0068090645051899976,1919.7938537621897,13.072000186934043,0
EUR,INR,0.15,-0.025222597610635118,189.30865413947313,-4.774856007570825,0
THB,INR,0.35,0.08331908894337971,11306.70983916481,942.0647627463593,1
AED,INR,0.4,0.04296753389420589,1226.52715058613,52.70084691497331,0
GBP,INR,0.2,0.019655032498541416,639.8034340399587,12.575357288733787,0
GBP,INR,0.2,-0.01860637040661551,294.58130452233587,-5.481088866806582,0
USD,INR,0.15,-0.020204811458950978,111.30078614587289,-2.2488113993103847,0
THB,INR,0.35,-0.00944925082724025,1387.203917908308,-13.108037768845996,0
USD,INR,0.15,-0.004487326695028666,902.0760807199041,-4.04791007796126,0
AED,INR,0.4,0.005753784364353655,1684.0985412079624,9.689939854433174,0
EUR,INR,0.15,0.02024563332340193,187.59139965895116,3.797906692118871,0
KRW,INR,0.3,0.049099033421492605,245.603498185845,12.058894365862303,0
AED,INR,0.4,0.0761788315252567,2336.1389840802135,177.96433808783092,1
AED,INR,0.4,0.0033122435808365745,1259.6559137096501,4.172287214247619,0
THB,INR,0.35,0.008771931934435243,1043.3200744711014,9.151932679090411,0
KRW,INR,0.3,0.029485511364661522,300.1874003357095,8.851179004126761,1
KRW,INR,0.3,0.03187177188273043,1167.395230674698,37.20695448905145,0
USD,INR,0.15,-0.015183685679123546,225.30895408384782,-3.421020339501225,0
THB,INR,0.35,-0.020038384868482174,133.74479899803734,-2.680029756480461,0
AED,INR,0.4,0.11100410825474077,380.78709416771443,42.26893182300114,1
AED,INR,0.4,0.10207469654788562,228.92351076019338,23.367297893523368,1
GBP,INR,0.2,-0.02204630393448931,3925.9110587624964,-86.55182842125072,0
EUR,INR,0.15,0.0005232573604108826,640.2622699943369,0.3350219453679166,0
AED,INR,0.4,-0.007063501153838641,357.7659204109291,-2.5270799916267412,0
THB,INR,0.35,0.06425789273980753,132.10562210867914,8.488828895785051,1
THB,INR,0.35,-0.02617207416901758,3806.102509116205,-99.61359716347323,0
EUR,INR,0.15,-0.016152105504789238,1165.3145083395978,-18.82228288496278,0
USD,INR,0.15,0.0003824997785612516,197.90753693782565,0.07569958905432103,0
THB,INR,0.35,-0.010159616093517792,254.38387874392393,-2.5844425484182483,0
KRW,INR,0.3,0.017882385772854757,764.0877726331696,13.663712314547672,0
AED,INR,0.4,-0.03,747.9916316084979,-22.439748948254934,0
THB,INR,0.35,0.09944656088787182,227.32142284317837,22.606333717891793,1
EUR,INR,0.15,-0.02631313615780702,252.49389205584572,-6.643906160680096,0
GBP,INR,0.2,-0.009488509417672307,373.65419134871377,-3.545421313565001,0
THB,INR,0.35,0.014656316884044096,263.72999379578357,3.8653103608979875,0
GBP,INR,0.2,0.002978268855058539,4018.846319399966,11.96920482633556,0
USD,INR,0.15,0.12352929178923121,86.41758578886095,10.675103170633124,1
AED,INR,0.4,-0.013119733765136693,695.6859747782836,-9.127214773230682,0
GBP,INR,0.2,0.10477734367281313,411.9114256475682,43.158985007833664,1
KRW,INR,0.3,-0.01726567493779515,8773.645782584143,-151.48291610145515,0
GBP,INR,0.2,0.010041396390548782,1014.7827148781863,10.189835490369113,0
AED,INR,0.4,0.014831381959488271,588.839478768079,8.733303222435364,0
GBP,INR,0.2,-0.03,5106.471047567595,-153.19413142702783,0
AED,INR,0.4,0.03321861191443763,2242.1563867655955,74.48132286344403,0
USD,INR,0.15,0.00044846281613203885,150.26173551563272,0.06738680106622826,0
THB,INR,0.35,0.010859411991530808,419.00177758727904,4.5501129280040225,0
THB,INR,0.35,-0.021292451213003563,682.6120279530693,-14.534483302600153,0
GBP,INR,0.2,0.028277728605522703,406.7026669753541,11.500627639871343,0
KRW,INR,0.3,-0.007991629229389322,3159.0066797894547,-25.24561011804152,0
GBP,INR,0.2,0.014039882968293126,3115.1426345015034,43.73623801794144,0
EUR,INR,0.15,0.028641854874392733,920.7983849419924,26.37337371008376,1
AED,INR,0.4,-0.008401630463516245,52.036518654909656,-0.43719160034642035,0
AED,INR,0.4,0.023983020761665745,475.7208948471634,11.409224097877726,0
GBP,INR,0.2,0.10968917314361984,865.5079734437821,94.93685395625855,1
THB,INR,0.35,-0.006953976076175502,1499.0993474740558,-10.42470099814489,0
GBP,INR,0.2,-0.008681192300203864,350.3592369806184,-3.0415359103814454,0
USD,INR,0.15,0.04609103687948983,194.1417243901551,8.94819337871439,0
USD,INR,0.15,-0.014031463560738667,447.21110509165663,-6.27502632505125,0
KRW,INR,0.3,0.009609291066236585,182.76944668075737,1.7562848111704057,0
EUR,INR,0.15,0.04384729648308564,593.3707328541979,26.01770244784382,0
GBP,INR,0.2,0.08501284700382272,408.3112770087611,34.71170412228129,1
EUR,INR,0.15,0.0023515036552787683,69.23242987172638,0.16280031190719557,0
KRW,INR,0.3,0.0488359630143878,369.047852321457,18.022807266509925,1
AED,INR,0.4,0.026366599068287824,96.71518907902806,2.5500506142603823,0
USD,INR,0.15,0.0635058540959928,397.92861188458625,25.27079636696348,1
USD,INR,0.15,-0.0007937793757781947,134.46534339099577,-0.10673581634070523,0
GBP,INR,0.2,0.021945353823016378,3913.9658649869834,85.8933657583477,0
KRW,INR,0.3,0.06872228669833093,1479.134787374711,101.64952492343966,1
KRW,INR,0.3,0.014399452225140368,109.07405479132152,1.570606640969977,0
THB,INR,0.35,-0.013204263810476147,5384.6668468364305,-71.10056157715299,0
USD,INR,0.15,0.0049029132755036365,1570.423439369242,7.6996499290455365,0
THB,INR,0.35,0.00473230380652101,1285.4024789077653,6.08291504384676,0
EUR,INR,0.15,0.023351573907923792,602.3818879202247,14.066565176563794,0
GBP,INR,0.2,0.09524225270458972,613.6702025748541,58.44733251091102,1
USD,INR,0.15,0.0632288965602482,792.7969766094322,50.127678027315305,0
EUR,INR,0.15,-0.015494525030486048,525.0681484714582,-8.135681569201974,0
USD,INR,0.15,0.005289578827281843,1095.3136581657775,5.793747935466319,0
AED,INR,0.4,0.09555497816475421,114.38377686552,10.929939300786883,1
GBP,INR,0.2,0.005314860380908343,318.314718125976,1.6917982840277568,0
AED,INR,0.4,0.05049677351465941,1838.8393848955357,92.85545594890549,1
GBP,INR,0.2,-0.014600785431261159,1243.3104844208162,-18.153309607465708,0
EUR,INR,0.15,0.0480516567348582,573.7781229681009,27.570989406834443,1
EUR,INR,0.15,0.06070951622428008,105.77707942001308,6.421675319206247,1
GBP,INR,0.2,0.033755792308963736,294.11915420096506,9.928225083295855,0
GBP,INR,0.2,-0.01088095912812624,6684.80383996375,-72.73707736218691,0
USD,INR,0.15,0.07934665870740443,16.380321150857082,1.2997237518747349,1
